cell_type,f1,precision,recall,support
T cell,0.9402390438247011,0.9291338582677166,0.9516129032258065,124.0
epithelial cell of proximal tubule,0.9973935708079931,0.9948006932409013,1.0,1148.0
kidney capillary endothelial cell,1.0,1.0,1.0,51.0
kidney loop of Henle cortical thick ascending limb epithelial cell,0.9444444444444445,0.918918918918919,0.9714285714285714,105.0
kidney loop of Henle descending limb epithelial cell,0.7777777777777778,0.9333333333333333,0.6666666666666666,42.0
mononuclear phagocyte,0.9930555555555556,0.9930555555555556,0.9930555555555556,144.0
natural killer cell,0.9037037037037037,0.9242424242424242,0.8840579710144928,69.0
