cell_type,f1,precision,recall,support
T cell,0.967741935483871,0.967741935483871,0.967741935483871,124.0
epithelial cell of proximal tubule,0.9982578397212544,0.9982578397212544,0.9982578397212544,1148.0
kidney capillary endothelial cell,1.0,1.0,1.0,51.0
kidney loop of Henle cortical thick ascending limb epithelial cell,0.9719626168224299,0.9541284403669725,0.9904761904761905,105.0
kidney loop of Henle descending limb epithelial cell,0.9,0.9473684210526315,0.8571428571428571,42.0
mononuclear phagocyte,0.9896193771626298,0.9862068965517241,0.9930555555555556,144.0
natural killer cell,0.9635036496350365,0.9705882352941176,0.9565217391304348,69.0
