cell_type,f1,precision,recall,support
T cell,0.9508196721311476,0.9666666666666667,0.9354838709677419,124.0
epithelial cell of proximal tubule,0.9973890339425587,0.9965217391304347,0.9982578397212544,1148.0
kidney capillary endothelial cell,1.0,1.0,1.0,51.0
kidney loop of Henle cortical thick ascending limb epithelial cell,0.9395348837209303,0.9181818181818182,0.9619047619047619,105.0
kidney loop of Henle descending limb epithelial cell,0.7532467532467533,0.8285714285714286,0.6904761904761905,42.0
mononuclear phagocyte,0.993103448275862,0.9863013698630136,1.0,144.0
natural killer cell,0.9285714285714286,0.9154929577464789,0.9420289855072463,69.0
