cell_type,f1,precision,recall,support
T cell,0.979591836734694,0.9917355371900827,0.967741935483871,124.0
epithelial cell of proximal tubule,0.9978194505015263,0.9991266375545852,0.9965156794425087,1148.0
kidney capillary endothelial cell,1.0,1.0,1.0,51.0
kidney loop of Henle cortical thick ascending limb epithelial cell,0.9857819905213271,0.9811320754716981,0.9904761904761905,105.0
kidney loop of Henle descending limb epithelial cell,0.9302325581395349,0.9090909090909091,0.9523809523809523,42.0
mononuclear phagocyte,0.993103448275862,0.9863013698630136,1.0,144.0
natural killer cell,0.9784172661870504,0.9714285714285714,0.9855072463768116,69.0
