cell_type,f1,precision,recall,support
T cell,0.963265306122449,0.9752066115702479,0.9516129032258065,124.0
epithelial cell of proximal tubule,0.9986928104575163,0.999128160418483,0.9982578397212544,1148.0
kidney capillary endothelial cell,1.0,1.0,1.0,51.0
kidney loop of Henle cortical thick ascending limb epithelial cell,0.9857819905213271,0.9811320754716981,0.9904761904761905,105.0
kidney loop of Henle descending limb epithelial cell,0.9285714285714286,0.9285714285714286,0.9285714285714286,42.0
mononuclear phagocyte,0.9896193771626298,0.9862068965517241,0.9930555555555556,144.0
natural killer cell,0.9571428571428571,0.9436619718309859,0.9710144927536232,69.0
