scheme,representation,macro_f1,accuracy,n_cells_used,n_classes_used,batch_covariate,n_batch_features
random_split,hvg,0.7910975947399241,0.8214638971315529,10107,13,None,0
random_split,pca,0.8039941241228993,0.8348170128585559,10107,13,None,0
random_split,harmony,0.7606926064699286,0.7992087042532147,10107,13,None,0
random_split,scvi,0.7574880129776252,0.7917903066271019,10107,13,None,0
