cell_type,f1,precision,recall,support
B cells,0.1375381485249237,0.20422960725075529,0.10368098159509202,3260.0
CD4+ T cells,0.2418032786885246,0.18834005376344087,0.33765060240963857,3320.0
MAIT cells,0.0,0.0,0.0,2412.0
Myeloid cells,0.19950059140491525,0.17696432734903242,0.2286144578313253,3320.0
NK cells,0.8581241743725231,0.7594108019639935,0.9863346492559976,3293.0
TRAV1-2- CD8+ T cells,0.21759207117918686,0.1736161035226456,0.2914027149321267,3315.0
gd T cells,0.0,0.0,0.0,2817.0
