cell_type,f1,precision,recall,support
B cells,0.09417142857142857,0.18475336322869956,0.06319018404907975,3260.0
CD4+ T cells,0.2374768089053803,0.1862057162416567,0.327710843373494,3320.0
MAIT cells,0.0,0.0,0.0,2412.0
Myeloid cells,0.20486555697823303,0.17817371937639198,0.24096385542168675,3320.0
NK cells,0.8570674409396859,0.7579365079365079,0.9860309747950198,3293.0
TRAV1-2- CD8+ T cells,0.2259656652360515,0.17535387177352207,0.3176470588235294,3315.0
gd T cells,0.0,0.0,0.0,2817.0
