cell_type,f1,precision,recall,support
B cells,0.2019506597819851,0.1896551724137931,0.21595092024539878,3260.0
CD4+ T cells,0.2036560595802302,0.18499384993849938,0.22650602409638554,3320.0
MAIT cells,0.05499664654594231,0.14385964912280702,0.03399668325041459,2412.0
Myeloid cells,0.18696082590864094,0.17621967475339909,0.19909638554216869,3320.0
NK cells,0.871947105653758,0.7846041767848471,0.9811721834193744,3293.0
TRAV1-2- CD8+ T cells,0.19841486745012302,0.18136397701723708,0.21900452488687783,3315.0
gd T cells,0.11856978085351788,0.16930171277997366,0.09123180688675896,2817.0
