cell_type,f1,precision,recall,support
T cell,0.9672131147540983,0.9833333333333333,0.9516129032258065,124.0
epithelial cell of proximal tubule,0.9982563208369659,0.9991273996509599,0.9973867595818815,1148.0
kidney capillary endothelial cell,1.0,1.0,1.0,51.0
kidney loop of Henle cortical thick ascending limb epithelial cell,0.9674418604651163,0.9454545454545454,0.9904761904761905,105.0
kidney loop of Henle descending limb epithelial cell,0.9135802469135802,0.9487179487179487,0.8809523809523809,42.0
mononuclear phagocyte,0.9794520547945206,0.9662162162162162,0.9930555555555556,144.0
natural killer cell,0.9855072463768116,0.9855072463768116,0.9855072463768116,69.0
