cell_type,f1,precision,recall,support
T cell,0.921161825726141,0.9487179487179487,0.8951612903225806,124.0
epithelial cell of proximal tubule,0.998693948628646,0.9982593559617058,0.9991289198606271,1148.0
kidney capillary endothelial cell,1.0,1.0,1.0,51.0
kidney loop of Henle cortical thick ascending limb epithelial cell,0.9174311926605505,0.8849557522123894,0.9523809523809523,105.0
kidney loop of Henle descending limb epithelial cell,0.7466666666666666,0.8484848484848485,0.6666666666666666,42.0
mononuclear phagocyte,0.9794520547945206,0.9662162162162162,0.9930555555555556,144.0
natural killer cell,0.9078014184397163,0.8888888888888888,0.927536231884058,69.0
