cell_type,f1,precision,recall,support
T cell,0.9672131147540983,0.9833333333333333,0.9516129032258065,124.0
epithelial cell of proximal tubule,0.9986928104575163,0.999128160418483,0.9982578397212544,1148.0
kidney capillary endothelial cell,1.0,1.0,1.0,51.0
kidney loop of Henle cortical thick ascending limb epithelial cell,0.962962962962963,0.9369369369369369,0.9904761904761905,105.0
kidney loop of Henle descending limb epithelial cell,0.9113924050632912,0.972972972972973,0.8571428571428571,42.0
mononuclear phagocyte,0.9794520547945206,0.9662162162162162,0.9930555555555556,144.0
natural killer cell,0.9855072463768116,0.9855072463768116,0.9855072463768116,69.0
