fold,representation,macro_f1,accuracy,n_train_cells,n_test_cells,n_classes_used,n_train_donors,n_test_donors,batch_covariate,n_batch_features
1,scvi,0.7606519807338195,0.8259052924791086,7954,2154,13,18,5,Site,2
2,scvi,0.6919955863828863,0.7447698744769874,7957,2151,13,18,5,Site,2
3,scvi,0.7904336181561455,0.8277752398355414,7919,2189,13,18,5,Site,2
4,scvi,0.7261892463135636,0.7544150110375276,8296,1812,13,19,4,Site,2
5,scvi,0.7572916808552873,0.8085460599334073,8306,1802,13,19,4,Site,2
