fold,representation,macro_f1,accuracy,n_train_cells,n_test_cells,n_classes_used,n_train_donors,n_test_donors,batch_covariate,n_batch_features
1,hvg,0.7510275020017854,0.8156917363045497,7954,2154,13,18,5,Site,2
2,hvg,0.7419955060824013,0.7898651789865179,7957,2151,13,18,5,Site,2
3,hvg,0.7867038501710035,0.8204659661946094,7919,2189,13,18,5,Site,2
4,hvg,0.7543804691260452,0.7637969094922737,8296,1812,13,19,4,Site,2
5,hvg,0.7778991488370465,0.8074361820199778,8306,1802,13,19,4,Site,2
