fold,representation,macro_f1,accuracy,n_train_cells,n_test_cells,n_classes_used,n_train_donors,n_test_donors,batch_covariate,n_batch_features
1,harmony,0.7615550815087366,0.8231197771587744,7954,2154,13,18,5,Site,2
2,harmony,0.6817858433516343,0.7331473733147373,7957,2151,13,18,5,Site,2
3,harmony,0.7935617576532136,0.8314298766560073,7919,2189,13,18,5,Site,2
4,harmony,0.7532719266825219,0.7704194260485652,8296,1812,13,19,4,Site,2
5,harmony,0.7511894504652846,0.8113207547169812,8306,1802,13,19,4,Site,2
