scheme,representation,macro_f1,accuracy,n_cells_used,n_classes_used,batch_covariate,n_batch_features
random_split,hvg,0.7872654284947352,0.8160237388724035,10107,13,None,0
random_split,pca,0.8050557787963898,0.8367952522255193,10107,13,None,0
random_split,harmony,0.7737573781348696,0.8100890207715133,10107,13,None,0
random_split,scvi,0.7653581758436255,0.8006923837784372,10107,13,None,0
