cell_type,f1,precision,recall,support
T cell,0.9554655870445343,0.959349593495935,0.9516129032258065,124.0
epithelial cell of proximal tubule,0.9982593559617058,0.9973913043478261,0.9991289198606271,1148.0
kidney capillary endothelial cell,1.0,1.0,1.0,51.0
kidney loop of Henle cortical thick ascending limb epithelial cell,0.9483568075117371,0.9351851851851852,0.9619047619047619,105.0
kidney loop of Henle descending limb epithelial cell,0.8354430379746834,0.8918918918918919,0.7857142857142857,42.0
mononuclear phagocyte,0.9965156794425087,1.0,0.9930555555555556,144.0
natural killer cell,0.9285714285714286,0.9154929577464789,0.9420289855072463,69.0
