cell_type,f1,precision,recall,support
T cell,0.9838709677419355,0.9838709677419355,0.9838709677419355,124.0
epithelial cell of proximal tubule,0.9991289198606271,0.9991289198606271,0.9991289198606271,1148.0
kidney capillary endothelial cell,1.0,1.0,1.0,51.0
kidney loop of Henle cortical thick ascending limb epithelial cell,0.976303317535545,0.9716981132075472,0.9809523809523809,105.0
kidney loop of Henle descending limb epithelial cell,0.9156626506024096,0.926829268292683,0.9047619047619048,42.0
mononuclear phagocyte,0.9965156794425087,1.0,0.9930555555555556,144.0
natural killer cell,0.9784172661870504,0.9714285714285714,0.9855072463768116,69.0
