cell_type,f1,precision,recall,support
T cell,0.9799196787148594,0.976,0.9838709677419355,124.0
epithelial cell of proximal tubule,0.999128160418483,1.0,0.9982578397212544,1148.0
kidney capillary endothelial cell,0.9902912621359222,0.9807692307692307,1.0,51.0
kidney loop of Henle cortical thick ascending limb epithelial cell,0.976303317535545,0.9716981132075472,0.9809523809523809,105.0
kidney loop of Henle descending limb epithelial cell,0.9047619047619048,0.9047619047619048,0.9047619047619048,42.0
mononuclear phagocyte,0.9965156794425087,1.0,0.9930555555555556,144.0
natural killer cell,0.9710144927536232,0.9710144927536232,0.9710144927536232,69.0
