,UMAP1,UMAP2,cell_type,donor_id
MS20017_GATGCTAGTTACCGTA,10.521703,8.473021,pancreatic PP cell,HP-20152-01
MS20017_CTCCAACGTTGTGGAG,2.4471676,19.411629,pancreatic A cell,HP-20152-01
MS20017_GTGGTTAAGTTCCGGC,13.173713,-1.4694542,pancreatic stellate cell,HP-20152-01
MS20017_ATCATTCCAGAACATA,14.652956,2.3330016,endothelial cell,HP-20152-01
MS20017_GAGCTGCGTCAGTCCG,1.2362909,18.302586,pancreatic A cell,HP-20152-01
MS20017_AAACGAAGTTGCCGAC,-1.0303366,5.166586,type B pancreatic cell,HP-20152-01
MS20017_AAGACAAGTGTGAGCA,1.744632,17.116299,pancreatic A cell,HP-20152-01
MS20017_AAAGGATTCTTCACGC,2.8414397,17.682476,pancreatic A cell,HP-20152-01
MS20017_TAAGTCGCACGCGTGT,3.0609312,19.717607,pancreatic A cell,HP-20152-01
MS20017_TTTGTTGTCGGAAGGT,2.8609414,7.6950836,type B pancreatic cell,HP-20152-01
MS20017_AATCACGCAAATGGTA,0.8064256,5.673189,type B pancreatic cell,HP-20152-01
MS20017_AGAGCCCAGTCGCCCA,3.6179354,6.7798076,type B pancreatic cell,HP-20152-01
MS20017_AACACACCAATCCAGT,11.481928,-1.4653279,pancreatic stellate cell,HP-20152-01
MS20017_GTTAGTGCACCATAAC,3.7109144,5.480352,type B pancreatic cell,HP-20152-01
MS20017_AGGTTACCAAGACGAC,0.6218404,6.618899,type B pancreatic cell,HP-20152-01
MS20017_AGCGTATGTTGCATCA,1.5762081,5.3561454,type B pancreatic cell,HP-20152-01
MS20017_AGAGCCCAGGCACCAA,1.0679423,18.957695,pancreatic A cell,HP-20152-01
MS20017_TTGCCTGTCACTGTCC,1.4942267,19.301062,pancreatic A cell,HP-20152-01
MS20017_CATAGACGTGGCCCAT,0.3650399,17.64845,pancreatic A cell,HP-20152-01
MS20017_GGTAACTTCACGGAGA,0.98235273,2.3142257,type B pancreatic cell,HP-20152-01
MS20017_ATGGATCAGCGACTTT,-0.30772227,8.067008,type B pancreatic cell,HP-20152-01
MS20017_CACTAAGTCTAATTCC,-0.18785225,18.501549,pancreatic A cell,HP-20152-01
MS20017_TGGAGAGAGGCTCCCA,-1.1108617,9.032239,type B pancreatic cell,HP-20152-01
MS20017_TTGCTGCCAGAGATTA,-2.2629285,8.48584,type B pancreatic cell,HP-20152-01
MS20017_CCCTCAATCTTGAGCA,1.1329782,19.655903,pancreatic A cell,HP-20152-01
MS20017_ACGCACGAGATGACCG,0.101633534,17.898888,pancreatic A cell,HP-20152-01
MS20017_TAGGTACTCCCACAGG,4.9058647,15.761426,pancreatic A cell,HP-20152-01
MS20017_CACTTCGTCGAAGGAC,1.5712703,8.017092,type B pancreatic cell,HP-20152-01
MS20017_ATCGTAGGTCCCTCAT,-1.9438605,9.30461,type B pancreatic cell,HP-20152-01
MS20017_TAGAGTCTCCATACTT,3.265975,5.4290843,type B pancreatic cell,HP-20152-01
MS20017_ATTCCTACATCAACCA,-4.52529,-3.3274155,pancreatic acinar cell,HP-20152-01
MS20017_CCCTAACAGGAAGTGA,-1.3026032,5.743161,type B pancreatic cell,HP-20152-01
MS20017_AACACACCAGCGCTTG,12.042582,-1.672796,pancreatic stellate cell,HP-20152-01
MS20017_CAGCACGCAAGGCTTT,-2.4384103,7.429303,type B pancreatic cell,HP-20152-01
MS20017_ACTACGAGTCGCGGTT,1.6223844,7.928128,type B pancreatic cell,HP-20152-01
MS20017_GCCAGCAAGTGCTCGC,-1.7107748,8.587861,type B pancreatic cell,HP-20152-01
MS20017_GCGATCGGTCAAGTTC,2.2913258,8.624289,type B pancreatic cell,HP-20152-01
MS20017_AGTCACATCCATCACC,0.08990917,3.8040926,type B pancreatic cell,HP-20152-01
MS20017_GTCGCGACATACTGAC,5.570503,17.533695,pancreatic A cell,HP-20152-01
MS20017_GATCACAAGGAACTAT,-0.56522816,9.78848,type B pancreatic cell,HP-20152-01
MS20017_CCGATCTAGATCCCAT,-0.14024515,7.889826,type B pancreatic cell,HP-20152-01
MS20017_GACTATGGTCTGATCA,13.430826,1.5681162,pancreatic stellate cell,HP-20152-01
MS20017_TTCTCTCTCTGGGAGA,-4.82907,5.3942595,pancreatic D cell,HP-20152-01
MS20017_GACCTTCAGTACCCTA,-0.6774803,8.371545,type B pancreatic cell,HP-20152-01
MS20017_CTAGACAAGCCGTCGT,1.5696572,7.6093917,type B pancreatic cell,HP-20152-01
MS20017_ATCTCTAAGGCACGAT,0.66325927,7.6693907,type B pancreatic cell,HP-20152-01
MS20017_TGTTGAGAGCTGTGCC,1.5079978,19.248346,pancreatic A cell,HP-20152-01
MS20017_TCGCAGGGTCACTTCC,1.9277357,5.0284224,type B pancreatic cell,HP-20152-01
MS20017_AATCGACCAATACGAA,0.22395575,3.3166454,type B pancreatic cell,HP-20152-01
MS20017_TGATGCAAGCCTAACT,-0.38958752,7.03898,type B pancreatic cell,HP-20152-01
MS20017_CATACTTAGGCACCAA,-0.862992,3.9656506,type B pancreatic cell,HP-20152-01
MS20017_TTGTGTTTCCCGTGAG,14.308534,2.6711547,endothelial cell,HP-20152-01
MS20017_ATGTCTTGTCCGGTGT,0.4812086,19.869562,pancreatic A cell,HP-20152-01
MS20017_GTAGAGGTCAACCTCC,-4.9002395,3.8578568,pancreatic D cell,HP-20152-01
MS20017_ATCAGGTCATTGTGCA,0.25032154,4.9111867,type B pancreatic cell,HP-20152-01
MS20017_TGGGCTGAGAATCGAT,1.6453574,4.7192674,type B pancreatic cell,HP-20152-01
MS20017_CTCCTTTAGTGATCGG,2.6755052,15.537201,pancreatic A cell,HP-20152-01
MS20017_TGTTGGATCCACGTCT,-1.576805,7.8723183,type B pancreatic cell,HP-20152-01
MS20017_AGAGCCCCACAAGCTT,0.3295334,19.49302,pancreatic A cell,HP-20152-01
MS20017_TGACCCTAGAACGCGT,-4.9396253,4.1216645,pancreatic D cell,HP-20152-01
MS20017_TCATGTTGTGGACCAA,1.0942596,20.930862,pancreatic A cell,HP-20152-01
MS20017_TCAAGTGAGATCCCAT,1.7362275,18.825613,pancreatic PP cell,HP-20152-01
MS20017_CACTTCGTCAAACCTG,-1.1850175,-5.5922136,pancreatic ductal cell,HP-20152-01
MS20017_GTCCACTCATTACTCT,4.440862,15.753141,pancreatic A cell,HP-20152-01
MS20017_ATTCCATAGCCTTCTC,0.85699016,8.407437,type B pancreatic cell,HP-20152-01
MS20017_AGATGAAGTTTCCATT,0.7048293,7.184175,type B pancreatic cell,HP-20152-01
MS20017_TCGATTTCAGGCGTTC,-0.34117755,4.1572704,type B pancreatic cell,HP-20152-01
MS20017_GGACGTCGTATACAGA,1.6415676,20.603552,pancreatic A cell,HP-20152-01
MS20017_CAACAGTGTCCGCAGT,2.822099,18.002949,pancreatic A cell,HP-20152-01
MS20017_TTTGTTGAGCGACCCT,12.910647,-0.94487345,pancreatic stellate cell,HP-20152-01
MS20017_AGGGTCCAGAAGCGGG,1.1674857,17.685017,pancreatic A cell,HP-20152-01
MS20017_CTGGTCTCATACATCG,0.6640587,4.855511,type B pancreatic cell,HP-20152-01
MS20017_CCGTAGGCATCGGCCA,11.88182,-2.15075,pancreatic stellate cell,HP-20152-01
MS20017_CATGAGTAGCACCGAA,13.073821,-1.8419394,pancreatic stellate cell,HP-20152-01
MS20017_TGTCCACAGGACAGTC,-2.6003146,7.504215,type B pancreatic cell,HP-20152-01
MS20017_CCTGTTGAGTAGTCCT,-1.0631511,4.5259414,type B pancreatic cell,HP-20152-01
MS20017_TTGGTTTCAATCCAGT,3.4381828,7.270612,type B pancreatic cell,HP-20152-01
MS20017_ACGTACAAGGAGGGTG,1.1887172,5.5155797,type B pancreatic cell,HP-20152-01
MS20017_TTGTGGACAAGAGAGA,-1.2248313,9.70261,type B pancreatic cell,HP-20152-01
MS20017_CCGATGGTCCACTAGA,2.9819016,21.788082,pancreatic A cell,HP-20152-01
MS20017_ACATCCCGTTTCAGAC,2.1968088,5.753397,type B pancreatic cell,HP-20152-01
MS20017_CAGCACGCAGCTTCGG,0.097930014,19.338676,pancreatic A cell,HP-20152-01
MS20017_GCGTGCATCATCCTGC,-0.35579497,3.6110988,type B pancreatic cell,HP-20152-01
MS20017_ATCACGACACTGGACC,9.975324,8.799645,pancreatic PP cell,HP-20152-01
MS20017_AGGCATTGTGAGACGT,-2.6382453,8.749481,type B pancreatic cell,HP-20152-01
MS20017_TAGCACACAATCAAGA,-3.7974,-3.1349096,pancreatic acinar cell,HP-20152-01
MS20017_CTGTACCAGACTGTTC,0.19889155,18.41686,pancreatic A cell,HP-20152-01
MS20017_CCGGGTAAGCTGAGTG,2.154547,19.2839,pancreatic A cell,HP-20152-01
MS20017_CCACTTGTCCGTAGGC,1.4472682,17.50844,pancreatic A cell,HP-20152-01
MS20017_ATACCTTAGTCGAATA,2.1043787,7.679931,type B pancreatic cell,HP-20152-01
MS20017_CTGAGCGGTATCGGTT,0.98985636,18.018017,pancreatic A cell,HP-20152-01
MS20017_CTATCCGTCTATCGCC,4.900187,17.142847,pancreatic A cell,HP-20152-01
MS20017_AAAGGGCGTTGCGTAT,11.284737,-0.23139365,pancreatic stellate cell,HP-20152-01
MS20017_GGCTTGGAGCGAACTG,-1.9418229,8.130215,type B pancreatic cell,HP-20152-01
MS20017_GACGCTGGTACTGGGA,3.4307127,16.819637,pancreatic A cell,HP-20152-01
MS20017_GTTACAGCATATGGCT,14.154289,2.008239,endothelial cell,HP-20152-01
MS20017_CATGCGGAGATAGCTA,0.6587314,7.181456,type B pancreatic cell,HP-20152-01
MS20017_GCATCGGCAGACAATA,2.742234,16.922369,pancreatic A cell,HP-20152-01
MS20017_CTCCATGTCAGTGATC,2.9551325,17.994375,pancreatic A cell,HP-20152-01
MS20017_TCAATTCGTATCAAGA,2.1005435,-4.432734,pancreatic ductal cell,HP-20152-01
MS20017_TCCTGCAGTGACGCCT,9.803454,8.925088,pancreatic PP cell,HP-20152-01
MS20017_TTAATCCAGTCTAACC,13.830368,2.3469994,endothelial cell,HP-20152-01
MS20017_CATTCCGTCTCGACCT,-2.906562,6.605779,type B pancreatic cell,HP-20152-01
MS20017_TGCACGGCAAATAGCA,0.7354903,18.381817,pancreatic A cell,HP-20152-01
MS20017_AATTCCTAGGCCTTGC,13.884232,2.0638537,endothelial cell,HP-20152-01
MS20017_CGTAAGTTCGGCCCAA,-1.4864321,9.520905,type B pancreatic cell,HP-20152-01
MS20017_TCGTCCACACGGCGTT,12.897207,-1.3782458,pancreatic stellate cell,HP-20152-01
MS20017_CAGATTGTCTTGGATG,-1.6722072,6.0566273,type B pancreatic cell,HP-20152-01
MS20017_ATCGTAGTCTAGAGCT,11.558113,-0.52766305,pancreatic stellate cell,HP-20152-01
MS20017_ACTTCCGAGAATCTAG,2.973415,5.136057,type B pancreatic cell,HP-20152-01
MS20017_CTGTGGGAGGGTTGCA,-0.40240857,8.768564,type B pancreatic cell,HP-20152-01
MS20017_TCCATCGCATGACTGT,3.4651537,5.748544,type B pancreatic cell,HP-20152-01
MS20017_CAGGTATCAATGGCAG,-1.5001899,9.633178,type B pancreatic cell,HP-20152-01
MS20017_CTACCCACAAACTCTG,2.9112325,-5.2885427,pancreatic ductal cell,HP-20152-01
MS20017_TTAGGGTAGGAATCGC,-1.2433009,4.2242537,type B pancreatic cell,HP-20152-01
MS20017_GGGCTACTCGATCCAA,-0.77899295,7.9955516,type B pancreatic cell,HP-20152-01
MS20017_TACCGGGCAGAATGTA,0.13537578,-5.260751,pancreatic ductal cell,HP-20152-01
MS20017_AGATGAATCGAACACT,2.7457614,7.8503046,type B pancreatic cell,HP-20152-01
MS20017_GTAAGTCTCCGCGAGT,2.0443318,7.4079185,type B pancreatic cell,HP-20152-01
MS20017_CTTCAATAGTTGTCGT,4.1930227,17.38095,pancreatic A cell,HP-20152-01
MS20017_AATCGACCAAGAGGTC,-2.393764,9.033005,type B pancreatic cell,HP-20152-01
MS20017_GAGGCCTTCAAGGTGG,0.69690394,17.39124,pancreatic A cell,HP-20152-01
MS20017_AGATGCTGTTAGAAGT,12.081824,-1.4981428,pancreatic stellate cell,HP-20152-01
MS20017_GGTGTCGAGTTCCTGA,-5.31864,4.807289,pancreatic D cell,HP-20152-01
MS20017_CAGTGCGTCTGACAGT,1.5727011,18.45446,pancreatic A cell,HP-20152-01
MS20017_ATCGATGCACTGCGAC,-0.6120227,9.2669,type B pancreatic cell,HP-20152-01
MS20017_ACCTGAATCCACATAG,1.9678837,20.285585,pancreatic A cell,HP-20152-01
MS20017_GATCGTACATCCGGTG,0.32873446,18.138817,pancreatic A cell,HP-20152-01
MS20017_TCACTCGGTTCGATTG,0.57502675,19.863691,pancreatic A cell,HP-20152-01
MS20017_AACCATGAGTTGGACG,-2.3736813,8.925055,type B pancreatic cell,HP-20152-01
MS20017_TTGTTCATCGTCAAAC,-10.91266,-0.892328,leukocyte,HP-20152-01
MS20017_GAGTGAGCAAGCAATA,1.7028028,17.880909,pancreatic A cell,HP-20152-01
MS20017_TTAATCCAGATTGATG,12.495425,1.1991663,endothelial cell,HP-20152-01
MS20017_CATTGTTGTCTCGACG,-2.091682,7.1596203,type B pancreatic cell,HP-20152-01
MS20017_AACGGGACACTATGTG,0.07080833,18.126934,pancreatic A cell,HP-20152-01
MS20017_GGAACCCTCGCGTGAC,1.6598907,-4.4511,pancreatic ductal cell,HP-20152-01
MS20017_TGGAGAGTCCCAGGAC,-0.16787189,2.4214132,type B pancreatic cell,HP-20152-01
MS20017_AGTCTCCTCAAACCTG,3.948005,17.715092,pancreatic A cell,HP-20152-01
MS20017_TCATTGTAGTGATTCC,14.480254,2.6654491,endothelial cell,HP-20152-01
MS20017_TCGTAGATCACGGGCT,-5.1108265,-2.7250767,pancreatic acinar cell,HP-20152-01
MS20017_TTTACTGCAAGACCTT,-0.1634463,9.589556,type B pancreatic cell,HP-20152-01
MS20017_CGGGTGTCAGACCTGC,-2.1277237,9.392066,type B pancreatic cell,HP-20152-01
MS20017_CCCTTAGCAGATACCT,12.592957,-2.6107113,pancreatic stellate cell,HP-20152-01
MS20017_CAGATACCAAATAGCA,-1.9974915,7.164716,type B pancreatic cell,HP-20152-01
MS20017_TCGGGACAGTGTAGAT,0.58088475,-3.938739,pancreatic ductal cell,HP-20152-01
MS20017_AGCGCTGCAATGAACA,2.2965853,2.7684348,type B pancreatic cell,HP-20152-01
MS20017_CCGGTAGTCAGGTAAA,4.835127,15.798326,pancreatic A cell,HP-20152-01
MS20017_AACAAAGTCGATTGGT,1.1496991,17.253057,pancreatic A cell,HP-20152-01
MS20017_CATCAAGCAACAGATA,2.361795,21.416676,pancreatic A cell,HP-20152-01
MS20017_GAAGGACCAACCGTGC,-10.83168,-0.98570186,leukocyte,HP-20152-01
MS20017_TCAGCAAGTGAGTAGC,1.3946688,2.3235068,type B pancreatic cell,HP-20152-01
MS20017_GGGACAAGTTATGTCG,0.4894231,19.275785,pancreatic A cell,HP-20152-01
MS20017_ACAGAAATCCACACAA,2.3374999,-4.6692076,pancreatic ductal cell,HP-20152-01
MS20017_GCCAGCACACAGTCAT,11.9597645,-1.9085625,pancreatic stellate cell,HP-20152-01
MS20017_AGGCATTTCGACACCG,-0.021755414,8.726852,type B pancreatic cell,HP-20152-01
MS20017_ACGTAGTAGATAGCTA,-1.7850298,7.773747,type B pancreatic cell,HP-20152-01
MS20017_AAGCATCCAATCCAGT,13.096523,1.0886277,pancreatic stellate cell,HP-20152-01
MS20017_TGGTGATTCGTGCGAC,3.311874,5.7410717,type B pancreatic cell,HP-20152-01
MS20017_CGGAATTGTATGAGCG,-1.5137423,8.799675,type B pancreatic cell,HP-20152-01
MS20017_TGGTTAGGTCTGTGAT,-0.73568547,-6.849214,pancreatic ductal cell,HP-20152-01
MS20017_CATCCCAGTGCCAAGA,-1.4342911,9.345974,type B pancreatic cell,HP-20152-01
MS20017_GCTACAACAGTCAGAG,2.1531522,8.10983,type B pancreatic cell,HP-20152-01
MS20017_GTTACCCCATAACTCG,0.066884376,19.703634,pancreatic A cell,HP-20152-01
MS20017_TGCTCGTAGCCGGAAT,-3.371608,8.512124,type B pancreatic cell,HP-20152-01
MS20017_GATGAGGTCGCCTTTG,3.3983865,17.192863,pancreatic A cell,HP-20152-01
MS20017_GATTGGTGTCACTACA,-0.7541688,7.6047835,type B pancreatic cell,HP-20152-01
MS20017_TGGGCGTAGCTCCATA,10.354595,8.416903,pancreatic PP cell,HP-20152-01
MS20017_AGTGACTGTAAGACCG,2.8795404,6.2427435,type B pancreatic cell,HP-20152-01
MS20017_CACTGTCGTTTCTATC,-0.8592581,3.4585927,type B pancreatic cell,HP-20152-01
MS20017_GATGTTGAGCGTGCCT,-0.05538692,8.987133,type B pancreatic cell,HP-20152-01
MS20017_TACCGAAGTAACAGGC,3.2688344,-5.5239797,pancreatic ductal cell,HP-20152-01
MS20017_AAGAACATCACCTCGT,2.4961228,17.888304,pancreatic A cell,HP-20152-01
MS20017_GGGTCTGAGCCTCAGC,0.171801,8.80542,type B pancreatic cell,HP-20152-01
MS20017_AAAGTCCAGTTACGAA,0.52812546,3.697938,type B pancreatic cell,HP-20152-01
MS20017_CAGTTCCCAGTTCTAG,0.12265861,19.221987,pancreatic A cell,HP-20152-01
MS20017_CGTTAGAAGCAGGTCA,3.9733737,20.511063,pancreatic A cell,HP-20152-01
MS20017_ACCTGTCTCTGAACGT,0.8812619,17.45977,pancreatic A cell,HP-20152-01
MS20017_GCTACCTGTTGGGATG,1.2245365,18.522907,pancreatic A cell,HP-20152-01
MS20017_ACCTGTCGTGATCGTT,-4.5397115,4.5285068,pancreatic D cell,HP-20152-01
MS20017_AGCTCAATCATGCTAG,11.422828,-1.7375822,pancreatic stellate cell,HP-20152-01
MS20017_TTAGTCTAGCAGCGAT,3.2596548,18.699991,pancreatic A cell,HP-20152-01
MS20017_TGAGGAGTCTAGCATG,4.386996,5.364526,type B pancreatic cell,HP-20152-01
MS20017_AGTAACCTCTTGGATG,0.20764455,18.369911,pancreatic A cell,HP-20152-01
MS20017_TCGAACATCACTGTTT,11.45245,-0.6352572,pancreatic stellate cell,HP-20152-01
MS20017_AGGATAAGTTTCGTGA,1.8591964,4.889725,type B pancreatic cell,HP-20152-01
MS20017_GGTCACGTCCTACACC,-0.027530383,8.148531,type B pancreatic cell,HP-20152-01
MS20017_GACCCTTCACTGTGAT,-5.146217,4.376262,pancreatic D cell,HP-20152-01
MS20017_CGACAGCAGTGCACCC,1.2992417,16.956942,pancreatic A cell,HP-20152-01
MS20017_TAGAGTCAGGAGTACC,0.36633882,19.78424,pancreatic A cell,HP-20152-01
MS20017_CGTTGGGGTCTACAGT,3.53281,17.422306,pancreatic A cell,HP-20152-01
MS20017_TGCAGTAGTGGACTGA,1.7159808,5.262385,type B pancreatic cell,HP-20152-01
MS20017_CTCATCGTCGCCTTGT,-1.9651017,7.8829026,type B pancreatic cell,HP-20152-01
MS20017_TGTCCTGCAGCGTGCT,2.4582942,18.402266,pancreatic A cell,HP-20152-01
MS20017_ATCCATTTCCACCTGT,-2.594874,7.779305,type B pancreatic cell,HP-20152-01
MS20017_TTGTTCAAGAGCCATG,2.6516433,5.785843,type B pancreatic cell,HP-20152-01
MS20017_GTATTGGTCTCCCATG,11.47352,-1.5587047,pancreatic stellate cell,HP-20152-01
MS20017_CCTCACACAGTTGTTG,0.22052637,19.66765,pancreatic A cell,HP-20152-01
MS20017_TAATTCCGTGGCTGCT,12.911303,-2.352172,pancreatic stellate cell,HP-20152-01
MS20017_GTCTCACAGCCAAGCA,1.6471386,19.505812,pancreatic A cell,HP-20152-01
MS20017_TCGGGCAGTGCCTATA,-0.8275996,3.1112974,type B pancreatic cell,HP-20152-01
MS20017_TCCCAGTGTCACAGAG,3.4100165,17.663204,pancreatic A cell,HP-20152-01
MS20017_ACGTAACGTGCTTATG,4.387109,5.792656,type B pancreatic cell,HP-20152-01
MS20017_GTTGTGAAGGAAGTAG,-4.3603373,-2.2025926,pancreatic acinar cell,HP-20152-01
MS20017_CAGCACGAGCGACAGT,-0.24108765,9.016408,type B pancreatic cell,HP-20152-01
MS20017_CTGTGAACAAGCGCTC,1.4597754,9.102832,type B pancreatic cell,HP-20152-01
MS20017_TACCGAACAATCGCCG,4.720216,16.561562,pancreatic A cell,HP-20152-01
MS20017_TCTACCGCAAGCAGGT,-0.08185232,18.719152,pancreatic A cell,HP-20152-01
MS20017_CACAGGCCAATAGAGT,2.498494,17.257973,pancreatic A cell,HP-20152-01
MS20017_ACCAACAGTGGTATGG,2.3558846,18.077017,pancreatic A cell,HP-20152-01
MS20017_TACCTGCCATCCTGTC,1.996745,20.757746,pancreatic A cell,HP-20152-01
MS20017_TATTGGGAGCGCCCAT,-1.2586973,7.5297723,type B pancreatic cell,HP-20152-01
MS20017_CTGTGGGGTTGCGTAT,1.0544149,5.2213583,type B pancreatic cell,HP-20152-01
MS20017_CTCGAGGCATCCGAAT,-3.1690667,8.752421,type B pancreatic cell,HP-20152-01
MS20017_GCCCGAATCCTACCGT,1.9637595,20.909166,pancreatic A cell,HP-20152-01
MS20017_TCACGCTGTCATTCCC,3.7521155,18.405504,pancreatic A cell,HP-20152-01
MS20017_TTACCGCCACTAGGTT,-1.5124753,9.63057,type B pancreatic cell,HP-20152-01
MS20017_ACATCGACACGAGGAT,12.849387,-2.3855677,pancreatic stellate cell,HP-20152-01
MS20017_ACCTGAAGTAGTTAGA,-3.0590441,6.91675,type B pancreatic cell,HP-20152-01
MS20017_ACAAAGAGTACTAGCT,0.28307408,8.036528,type B pancreatic cell,HP-20152-01
MS20017_GGTGTTAGTAGGAGTC,-0.7656146,5.409825,type B pancreatic cell,HP-20152-01
MS20017_TGGTGATAGTCACTAC,11.352178,-0.09405968,pancreatic stellate cell,HP-20152-01
MS20017_GTATTTCCACATATCG,-1.1849074,4.0762,type B pancreatic cell,HP-20152-01
MS20017_TTTCGATTCATAGAGA,1.7692925,5.7527847,type B pancreatic cell,HP-20152-01
MS20017_CAGCACGGTTCCACAA,-0.6465235,9.6621475,type B pancreatic cell,HP-20152-01
MS20017_TGCTCCAGTCTACAAC,3.3789809,20.542223,pancreatic A cell,HP-20152-01
MS20017_GTGTAACTCCCAGGCA,1.4350418,8.59357,type B pancreatic cell,HP-20152-01
MS20017_GTGAGGACATGCCATA,3.425705,7.4067087,type B pancreatic cell,HP-20152-01
MS20017_GTCAAACTCTCGTGAA,0.40577406,7.503325,type B pancreatic cell,HP-20152-01
MS20017_CAAGAGGCAACCGCCA,1.9593477,-4.575271,pancreatic ductal cell,HP-20152-01
MS20017_AGCGTATTCAGTGCGC,-2.7554352,7.9700975,type B pancreatic cell,HP-20152-01
MS20017_TTTCCTCGTTCTATCT,-1.6719692,4.2493978,type B pancreatic cell,HP-20152-01
MS20017_GCCATGGTCGAGTACT,1.4641947,17.768478,pancreatic A cell,HP-20152-01
MS20017_GGGATGAGTTATGTCG,-4.5340767,3.6949658,pancreatic D cell,HP-20152-01
MS20017_GAAGGGTAGGTTGCCC,-1.7854085,9.287675,type B pancreatic cell,HP-20152-01
MS20017_AGATCGTCACGCTTAA,-0.31815913,9.8187685,type B pancreatic cell,HP-20152-01
MS20017_TCCTCGAAGACGCAGT,4.4404893,7.1849923,type B pancreatic cell,HP-20152-01
MS20017_CCTCCTCAGTCCGCGT,1.651365,5.267216,type B pancreatic cell,HP-20152-01
MS20017_GTGTCCTCAGCCCAGT,2.3107512,17.386246,pancreatic A cell,HP-20152-01
MS20017_TCATTGTTCTCTCTAA,0.26500794,9.2804,type B pancreatic cell,HP-20152-01
MS20017_TATTTCGCAGAAGTGC,2.0057867,-4.41752,pancreatic ductal cell,HP-20152-01
MS20017_GCATGATTCATCACCC,-1.667122,8.715242,type B pancreatic cell,HP-20152-01
MS20017_CTGCATCTCCTAGCCT,2.9402144,19.953876,pancreatic A cell,HP-20152-01
MS20017_TGGGAGAGTCTACACA,13.485334,2.7746055,endothelial cell,HP-20152-01
MS20017_AAGCATCAGCGCCATC,3.2463567,17.786734,pancreatic A cell,HP-20152-01
MS20017_AACAGGGGTTTGATCG,-5.038075,4.4955707,pancreatic D cell,HP-20152-01
MS20017_AGCGATTAGCATTTCG,-4.5709352,3.7796068,pancreatic D cell,HP-20152-01
MS20017_TCTATCACATGTGTCA,2.5635822,5.2755523,type B pancreatic cell,HP-20152-01
MS20017_GAGGCCTGTCTTCGAA,1.2686877,7.7829103,type B pancreatic cell,HP-20152-01
MS20017_TTCAGGAGTGGCATCC,-0.27449766,7.961459,type B pancreatic cell,HP-20152-01
MS20017_TGGGAAGCAGATACTC,3.0911834,7.5825057,type B pancreatic cell,HP-20152-01
MS20017_TGAGTCACAACACGTT,3.9878147,18.570318,pancreatic A cell,HP-20152-01
MS20017_CGGGTCATCGGCCTTT,-2.965446,7.944415,type B pancreatic cell,HP-20152-01
MS20017_GGGACCTTCGACGCTG,13.927372,3.1156507,endothelial cell,HP-20152-01
MS20017_GTTACCCAGGATTTCC,3.8913276,19.680336,pancreatic A cell,HP-20152-01
MS20017_TGGTTAGCAATACGCT,-3.0310256,7.3638816,type B pancreatic cell,HP-20152-01
MS20017_TGAGACTGTCACTAGT,0.64809364,18.457386,pancreatic A cell,HP-20152-01
MS20017_GCATTAGGTCTCGCGA,-3.5905554,6.951121,type B pancreatic cell,HP-20152-01
MS20017_CCGGTGACAGAATCGG,13.083491,-1.1545402,pancreatic stellate cell,HP-20152-01
MS20017_AACCATGAGTATGAAC,2.224415,19.237179,pancreatic A cell,HP-20152-01
MS20017_GGGAGATGTAGACGTG,0.99485546,20.224506,pancreatic A cell,HP-20152-01
MS20017_GCATGATGTTACCCTC,12.550749,-0.07731444,pancreatic stellate cell,HP-20152-01
MS20017_TCTCTGGAGTCTGTAC,1.7679327,17.298805,pancreatic A cell,HP-20152-01
MS20017_GTTGTAGTCTGCACCT,-0.58123493,4.3018904,type B pancreatic cell,HP-20152-01
MS20017_ATACCTTTCGCCATAA,-10.927012,-1.152437,leukocyte,HP-20152-01
MS20017_CACAGATCATTACGGT,2.8470383,19.097715,pancreatic A cell,HP-20152-01
MS20017_TGGGATTCAACTGTGT,0.7598014,20.69169,pancreatic A cell,HP-20152-01
MS20017_CTCCAACAGTTCGGTT,1.4273301,17.908756,pancreatic A cell,HP-20152-01
MS20017_TAGTGCAGTGAGGATC,-2.6800334,8.156201,type B pancreatic cell,HP-20152-01
MS20017_GACTGATGTTATGGTC,-0.16222739,18.354025,pancreatic A cell,HP-20152-01
MS20017_TTACGTTAGTCCCGAC,-1.1743926,7.5118885,type B pancreatic cell,HP-20152-01
MS20017_CTCAGAAGTTTCGGCG,0.41152036,8.691621,type B pancreatic cell,HP-20152-01
MS20017_AGGGTCCAGTCATTGC,10.232352,8.774416,pancreatic PP cell,HP-20152-01
MS20017_CACACAATCCCACAGG,3.7862606,6.297125,type B pancreatic cell,HP-20152-01
MS20017_TTTCATGGTTCATCGA,0.720035,18.314726,pancreatic A cell,HP-20152-01
MS20017_CCCAACTGTACAATAG,1.290338,17.763998,pancreatic A cell,HP-20152-01
MS20017_AAGCGAGAGAAGATCT,3.3584886,5.2953296,type B pancreatic cell,HP-20152-01
MS20017_TTGAGTGTCCGTAGGC,0.48664916,6.524926,type B pancreatic cell,HP-20152-01
MS20017_GTGAGTTGTCATAACC,-1.884495,9.49101,type B pancreatic cell,HP-20152-01
MS20017_CAATTTCCACAAATAG,-1.876093,9.239624,type B pancreatic cell,HP-20152-01
MS20017_CAGCAGCCATCCAATG,1.9982506,4.1786103,type B pancreatic cell,HP-20152-01
MS20017_CCGAACGTCCTAAGTG,2.156844,5.8370023,type B pancreatic cell,HP-20152-01
MS20017_TATTTCGCACAAATGA,-0.85031503,8.7716465,type B pancreatic cell,HP-20152-01
MS20017_AATTTCCGTGGGAGAG,-2.337584,6.6032014,type B pancreatic cell,HP-20152-01
MS20017_AGGATCTAGCTTTCTT,3.313567,-5.1974287,pancreatic ductal cell,HP-20152-01
MS20017_TCGTAGAGTCGAGCTC,-0.41615292,9.330668,type B pancreatic cell,HP-20152-01
MS20017_CTACAGACATCGCTAA,11.259891,0.10593803,pancreatic stellate cell,HP-20152-01
MS20017_TCACTCGCAATATCCG,1.3393066,5.6256523,type B pancreatic cell,HP-20152-01
MS20017_GTTGAACAGTAAACTG,3.5612645,18.789505,pancreatic A cell,HP-20152-01
MS20017_ATGTCTTAGTGGCAGT,0.31148738,18.72574,pancreatic A cell,HP-20152-01
MS20017_GACCCTTGTGTAGGAC,2.813098,16.711693,pancreatic A cell,HP-20152-01
MS20017_TGTCAGATCGCTTGAA,-4.6078687,5.1424246,pancreatic D cell,HP-20152-01
MS20017_TTGTTTGAGCTGAAGC,3.2935386,19.63117,pancreatic A cell,HP-20152-01
MS20017_ATTCGTTAGATACTGA,13.406584,2.7705364,endothelial cell,HP-20152-01
MS20017_GTAACACGTCCCGGTA,-4.4616075,3.6509936,pancreatic D cell,HP-20152-01
MS20017_CAGCACGAGGGTACAC,-0.52824897,4.1096334,type B pancreatic cell,HP-20152-01
MS20017_AGGGTGAAGGCCGCTT,2.4906323,17.694056,pancreatic A cell,HP-20152-01
MS20017_AGTTCCCCAGCTGGTC,0.81579536,9.550714,type B pancreatic cell,HP-20152-01
MS20017_AGGGTCCGTAGCGTAG,1.2396684,18.005476,pancreatic A cell,HP-20152-01
MS20017_CTCCCAAAGCGAGTCA,1.2435933,17.542997,pancreatic A cell,HP-20152-01
MS20017_TCCCACACAGCGTTGC,13.072441,-1.4958103,pancreatic stellate cell,HP-20152-01
MS20017_CTGATCCTCTATACGG,-1.9818078,7.3641725,type B pancreatic cell,HP-20152-01
MS20017_AGAAGTATCGACCATA,1.8783989,5.609034,type B pancreatic cell,HP-20152-01
MS20017_CGGGTGTGTTGAATCC,2.20209,2.4279613,type B pancreatic cell,HP-20152-01
MS20017_GTCTTTACAGCTCGGT,-3.3564153,5.5620685,type B pancreatic cell,HP-20152-01
MS20017_GTCTACCCAGTTGGTT,2.091627,17.025034,pancreatic A cell,HP-20152-01
MS20017_TCTCTGGAGCAATAAC,0.4227017,9.337177,type B pancreatic cell,HP-20152-01
MS20017_CATTGCCTCATGCCGG,-4.1716,3.3883736,pancreatic D cell,HP-20152-01
MS20017_ACGTTCCAGCCGCACT,1.1025943,5.4112277,type B pancreatic cell,HP-20152-01
MS20017_GTGGAGAAGATTGACA,-1.6136758,8.604459,type B pancreatic cell,HP-20152-01
MS20017_ACGTACATCTGAGAGG,-4.5813932,4.2804832,pancreatic D cell,HP-20152-01
MS20017_CTACCTGGTGATTCTG,-3.002832,8.058916,type B pancreatic cell,HP-20152-01
MS20017_CCCTGATTCAAGCTTG,-0.6336175,9.725764,type B pancreatic cell,HP-20152-01
MS20017_TGTGATGTCCGATCGG,1.2861409,17.497528,pancreatic A cell,HP-20152-01
MS20017_TCCGAAATCCATTTAC,4.0352907,18.79958,pancreatic A cell,HP-20152-01
MS20017_ATGCATGCACAGTGTT,-0.12764463,18.043148,pancreatic A cell,HP-20152-01
MS20017_AGCCAATCATGTTCGA,1.1241605,-4.115413,pancreatic ductal cell,HP-20152-01
MS20017_CGAAGGATCTAGGAAA,-4.105464,5.0206547,pancreatic D cell,HP-20152-01
MS20017_ATTCAGGTCCATCAGA,-1.7060369,9.488405,type B pancreatic cell,HP-20152-01
MS20017_TGACCCTAGGCCTAGA,-1.1772106,7.4221945,type B pancreatic cell,HP-20152-01
MS20017_CTTCCTTTCCCTAGGG,10.204991,8.624063,pancreatic PP cell,HP-20152-01
MS20017_GGTCACGCATGGGTTT,-0.08086715,18.437504,pancreatic A cell,HP-20152-01
MS20017_TGATGGTCATGCGTGC,2.4069908,5.811606,type B pancreatic cell,HP-20152-01
MS20017_AATGAAGCAACTCGTA,0.977206,-6.541726,pancreatic ductal cell,HP-20152-01
MS20017_GACGCTGTCTGAGGCC,11.709049,-1.121499,pancreatic stellate cell,HP-20152-01
MS20017_AGTAGTCCATGGGAAC,3.1032906,17.664753,pancreatic A cell,HP-20152-01
MS20017_CATGAGTCACACCGAC,0.3154054,3.1747777,type B pancreatic cell,HP-20152-01
MS20017_ATTTACCAGTGAGCCA,2.179692,18.456478,pancreatic A cell,HP-20152-01
MS20017_TGTAGACAGCTCGACC,12.915387,3.063014,endothelial cell,HP-20152-01
MS20017_TTCTTGAGTTACCTTT,0.10635475,8.876474,type B pancreatic cell,HP-20152-01
MS20017_TGAGGGATCGTCGACG,12.400328,-2.5384533,pancreatic stellate cell,HP-20152-01
MS20017_GACTTCCTCATCACTT,11.604019,-0.32918248,pancreatic stellate cell,HP-20152-01
MS20017_AGCTACATCCCGAGTG,-0.098055236,18.650873,pancreatic A cell,HP-20152-01
MS20017_GATGCTACACAAGCTT,-2.215606,-4.1911736,pancreatic acinar cell,HP-20152-01
MS20017_GCGGATCCAATTCTCT,1.5903069,18.528873,pancreatic A cell,HP-20152-01
MS20017_TTGCTGCTCTCGGCTT,-1.2640306,8.05197,type B pancreatic cell,HP-20152-01
MS20017_TATTGGGTCATCACTT,1.8198583,3.0259254,type B pancreatic cell,HP-20152-01
MS20017_GTTTGGACAAAGGCGT,-2.1960447,8.093018,type B pancreatic cell,HP-20152-01
MS20017_AAGGTAATCCCAGCGA,0.34799552,6.2944927,type B pancreatic cell,HP-20152-01
MS20017_CGTTAGACAGACAATA,2.3871572,17.596571,pancreatic A cell,HP-20152-01
MS20017_ACGTTCCTCAGTGCGC,0.7231059,6.7330933,type B pancreatic cell,HP-20152-01
MS20017_CTCTGGTAGCGCCGTT,2.3088827,5.5671687,type B pancreatic cell,HP-20152-01
MS20017_CCTCAGTCAACGGCCT,1.8108307,-6.034697,pancreatic ductal cell,HP-20152-01
MS20017_TTTACCACAGCAGAAC,3.2411432,17.058756,pancreatic A cell,HP-20152-01
MS20017_TCACACCTCATGAAAG,0.27151164,2.7696624,pancreatic A cell,HP-20152-01
MS20017_CTTGAGAGTGGAAGTC,3.2998006,17.809065,pancreatic A cell,HP-20152-01
MS20017_TGCAGATTCTTTGCAT,2.1973352,17.300459,pancreatic A cell,HP-20152-01
MS20017_GGGTTTACATCAGCAT,-4.058343,4.9184904,pancreatic D cell,HP-20152-01
MS20017_AGACCCGGTTAGGCTT,-2.2498837,9.285182,type B pancreatic cell,HP-20152-01
MS20017_TTCGCTGAGTGGTTCT,-0.14334606,6.7954364,type B pancreatic cell,HP-20152-01
MS20017_CCGGTGACAGCAGTTT,-0.78310657,9.825252,type B pancreatic cell,HP-20152-01
MS20017_CTCAAGATCCATTTGT,-0.4501243,7.616595,type B pancreatic cell,HP-20152-01
MS20017_GTAGCTAGTCTCCTGT,-4.545321,-3.1928902,pancreatic acinar cell,HP-20152-01
MS20017_GATCAGTAGTATGATG,1.3921558,5.5531635,type B pancreatic cell,HP-20152-01
MS20017_GGTAGAGAGAATAACC,0.93648165,6.5427914,type B pancreatic cell,HP-20152-01
MS20017_AGTCACATCCGTCACT,2.311716,17.285265,pancreatic A cell,HP-20152-01
MS20017_TCTATACAGTACAACA,-4.6633873,4.431398,pancreatic D cell,HP-20152-01
MS20017_CATTTCAGTAGGACCA,-3.28206,7.1006317,type B pancreatic cell,HP-20152-01
MS20017_GATGACTTCGTTACCC,4.424719,15.665208,pancreatic A cell,HP-20152-01
MS20017_CTCAACCTCGTAACAC,2.4355116,17.840286,pancreatic A cell,HP-20152-01
MS20017_TCGACGGTCGCGCCAA,11.752112,-0.52010703,pancreatic stellate cell,HP-20152-01
MS20017_CGGTCAGGTTCGTACA,1.4138087,19.60202,pancreatic A cell,HP-20152-01
MS20017_ATTCAGGAGGATCATA,-0.33535036,8.67142,type B pancreatic cell,HP-20152-01
MS20017_AATCACGCACGGTGCT,0.061413433,19.438313,pancreatic A cell,HP-20152-01
MS20017_GCACGTGCATCGGAGA,1.9773608,7.0356035,type B pancreatic cell,HP-20152-01
MS20017_TCGACCTGTGAGTTGG,0.07798331,18.598066,pancreatic A cell,HP-20152-01
MS20017_TTGGGCGAGTCCCAAT,1.3895681,5.7896485,type B pancreatic cell,HP-20152-01
MS20017_GGGTGAACACCATTCC,-4.916646,-2.830783,pancreatic acinar cell,HP-20152-01
MS20017_ATACCTTAGACCCGCT,-4.193938,3.9940698,pancreatic D cell,HP-20152-01
MS20017_TCACGCTGTCTGTAGT,1.7310474,4.5841155,type B pancreatic cell,HP-20152-01
MS20017_AGGCCACTCTGATGGT,-4.244099,-3.5434542,pancreatic acinar cell,HP-20152-01
MS20017_TCCATGCAGACTGAGC,1.369655,6.6531777,type B pancreatic cell,HP-20152-01
MS20017_GTATTTCAGGTAAGTT,2.4116108,4.6679964,type B pancreatic cell,HP-20152-01
MS20017_GGGATCCCACCGCTAG,-2.3681936,8.257438,type B pancreatic cell,HP-20152-01
MS20017_AATCGTGAGCAATAAC,-2.3507788,8.20395,type B pancreatic cell,HP-20152-01
MS20017_CAAAGAACATACCATG,1.6553222,17.345076,pancreatic A cell,HP-20152-01
MS20017_TTCCACGAGGCTAACG,-0.5764923,6.99578,type B pancreatic cell,HP-20152-01
MS20017_CATCGCTGTGTTTGCA,1.3364269,16.886448,pancreatic A cell,HP-20152-01
MS20017_CGGCAGTAGTGGCAGT,14.22446,3.1614478,endothelial cell,HP-20152-01
MS20017_GGAGATGCAAGTGATA,0.8240525,18.90857,pancreatic A cell,HP-20152-01
MS20017_AGAACAACAGGGCTTC,-1.3093572,9.624882,type B pancreatic cell,HP-20152-01
MS20017_GGGTGAATCTTCTAAC,-3.7936547,4.9815683,pancreatic D cell,HP-20152-01
MS20017_AGCTACAGTAGTACGG,-0.030826973,19.413279,pancreatic A cell,HP-20152-01
MS20017_TTAGTCTAGAAGTCTA,0.074651465,-6.799553,pancreatic ductal cell,HP-20152-01
MS20017_TTGCATTTCGCAATTG,0.14014842,17.957891,pancreatic A cell,HP-20152-01
MS20017_CGGAACCTCTTCACAT,0.20631644,18.211767,pancreatic A cell,HP-20152-01
MS20017_GCTTTCGAGAAGCCAC,1.1510433,9.4309,type B pancreatic cell,HP-20152-01
MS20017_TCGGGTGTCCCTGTTG,3.0864432,17.919285,pancreatic A cell,HP-20152-01
MS20017_CATTGAGGTTGTAAAG,1.0745311,17.61634,pancreatic A cell,HP-20152-01
MS20017_ATGTCTTCATCTCATT,1.7867894,-5.2272096,pancreatic ductal cell,HP-20152-01
MS20017_ATTACCTCACTATCGA,1.5815791,18.171328,pancreatic A cell,HP-20152-01
MS20017_GAAATGAGTCCAACGC,-2.8422334,7.9984775,type B pancreatic cell,HP-20152-01
MS20017_CAGCACGAGGACAGCT,1.2058096,5.39925,type B pancreatic cell,HP-20152-01
MS20017_TGCGACGAGGACGCAT,-4.68664,4.0389957,pancreatic D cell,HP-20152-01
MS20017_GCCAGGTCACCTGCTT,2.420169,-5.287203,pancreatic ductal cell,HP-20152-01
MS20017_TCCTCGACAAGTAGTA,0.6038173,8.774068,type B pancreatic cell,HP-20152-01
MS20017_GAGTTTGGTGCGGTAA,11.578455,-1.8275453,pancreatic stellate cell,HP-20152-01
MS20017_AACCAACAGGATACAT,-3.0697546,6.0954885,type B pancreatic cell,HP-20152-01
MS20017_CATAGACAGTGAACAT,3.45178,16.664679,pancreatic A cell,HP-20152-01
MS20017_TACTTGTCATAATGCC,0.6292139,9.32356,type B pancreatic cell,HP-20152-01
MS20017_GACATCACAGGCATTT,-2.610501,8.814672,type B pancreatic cell,HP-20152-01
MS20017_TGATCAGCATGTGACT,2.256375,17.68146,pancreatic A cell,HP-20152-01
MS20017_ATACCTTTCGCACGGT,0.26225477,5.751798,type B pancreatic cell,HP-20152-01
MS20017_GTGCGTGTCAGCACCG,2.4179902,7.8806014,type B pancreatic cell,HP-20152-01
MS20017_GGATGTTTCTCTGCTG,2.0500906,5.2259617,type B pancreatic cell,HP-20152-01
MS20017_CAACAGTCATCCTGTC,10.019835,8.964058,pancreatic PP cell,HP-20152-01
MS20017_ACGTTCCAGGGAGGTG,-0.24570182,8.301072,type B pancreatic cell,HP-20152-01
MS20017_CAACCAATCGTTGTTT,1.4803244,9.338175,type B pancreatic cell,HP-20152-01
MS20017_ATGTCCCAGCGCTGAA,1.1809144,7.4313254,type B pancreatic cell,HP-20152-01
MS20017_AACTTCTCAGGAGGTT,2.443536,5.1045485,type B pancreatic cell,HP-20152-01
MS20017_ACTTATCTCGTCAGAT,9.807839,8.595922,pancreatic PP cell,HP-20152-01
MS20017_ACACAGTGTTCTCGTC,-2.8650975,8.766004,type B pancreatic cell,HP-20152-01
MS20017_TCGCACTGTGGCGTAA,-1.8322278,7.950582,type B pancreatic cell,HP-20152-01
MS20017_AGAACAATCTCTGCTG,1.9919213,-4.4387774,pancreatic ductal cell,HP-20152-01
MS20017_CATTCCGCAAGTGGGT,11.398461,-1.4453909,pancreatic stellate cell,HP-20152-01
MS20017_GCATCGGAGAGTCTTC,-1.884299,8.484942,type B pancreatic cell,HP-20152-01
MS20017_TACCGGGAGCAGGTCA,-0.3735244,9.270671,type B pancreatic cell,HP-20152-01
MS20017_TAGGTACTCTGGAGAG,3.2818117,4.67334,type B pancreatic cell,HP-20152-01
MS20017_CTCGAGGCAGGGCTTC,0.48316547,19.49721,pancreatic A cell,HP-20152-01
MS20017_CTCCATGTCTGGCCAG,1.9033227,5.1072016,type B pancreatic cell,HP-20152-01
MS20017_AGCGCCAGTATGATCC,-2.3272932,8.30108,type B pancreatic cell,HP-20152-01
MS20017_CACCAAATCTACAGGT,0.645161,18.875862,pancreatic A cell,HP-20152-01
MS20017_GCAACCGCATGTGCCG,1.1514773,18.241373,pancreatic A cell,HP-20152-01
MS20017_ACTGTGATCTCGCTTG,-0.0013507496,18.271347,pancreatic A cell,HP-20152-01
MS20017_CATACTTTCCTTTAGT,1.0383993,17.737486,pancreatic A cell,HP-20152-01
MS20017_GCATGATAGCGACATG,10.367933,8.818874,pancreatic PP cell,HP-20152-01
MS20017_CGTAATGGTGAGAGGG,-2.8068929,8.937667,type B pancreatic cell,HP-20152-01
MS20017_TATCTGTCATCGGTTA,-0.83264065,7.9480863,type B pancreatic cell,HP-20152-01
MS20017_TGAGTCATCGGCTGGT,2.8599594,4.459958,type B pancreatic cell,HP-20152-01
MS20017_GTCGTAAGTTCTCCCA,-1.1750008,7.8797784,type B pancreatic cell,HP-20152-01
MS20017_TTTGTTGAGAACTCCT,2.7498298,20.368038,pancreatic A cell,HP-20152-01
MS20017_ACTGTCCAGGCATTTC,3.1386826,19.492336,pancreatic A cell,HP-20152-01
MS20017_ATCACTTAGCGAGTCA,2.0891788,20.113308,pancreatic A cell,HP-20152-01
MS20017_ACTATCTCAGAGGTTG,2.6212864,6.6993628,type B pancreatic cell,HP-20152-01
MS20017_TGTGGCGGTACCCACG,-0.92288584,9.185993,type B pancreatic cell,HP-20152-01
MS20017_GGTTCTCTCCTGGGTG,-1.2506112,6.666116,type B pancreatic cell,HP-20152-01
MS20017_TTGTGTTAGTTGCTCA,1.6649632,16.571375,pancreatic A cell,HP-20152-01
MS20017_AACCACAAGAAGCGAA,12.242197,0.30897656,pancreatic stellate cell,HP-20152-01
MS20017_GCTACCTCATAAGATG,1.461194,19.948416,pancreatic A cell,HP-20152-01
MS20017_TCGGGCAAGCAATTCC,13.021626,1.4333451,pancreatic stellate cell,HP-20152-01
MS20017_GCCAGTGAGTAACGTA,-1.0005164,7.7643085,type B pancreatic cell,HP-20152-01
MS20017_CTTGATTAGTCGAAGC,2.1921608,5.835179,type B pancreatic cell,HP-20152-01
MS20017_TCCTAATTCAGAGCGA,0.5060293,18.447102,pancreatic A cell,HP-20152-01
MS20017_GTAGAAATCCCACAGG,1.2356031,7.686046,type B pancreatic cell,HP-20152-01
MS20017_CATACTTTCCATCACC,2.7449534,18.851849,pancreatic A cell,HP-20152-01
MS20017_AGGAATACATCCGAGC,-0.07715577,6.6351395,type B pancreatic cell,HP-20152-01
MS20017_GAATAGACACGAGAAC,2.2803009,7.0563126,type B pancreatic cell,HP-20152-01
MS20017_CAAGGGACATCATCTT,0.052568965,8.945542,type B pancreatic cell,HP-20152-01
MS20017_CCTGCATAGGTAAGTT,0.25370774,2.562686,type B pancreatic cell,HP-20152-01
MS20017_ACTTAGGGTCCAAATC,4.4297814,19.89837,pancreatic A cell,HP-20152-01
MS20017_GGCAGTCGTGCAGTGA,0.87411314,-6.2850504,pancreatic ductal cell,HP-20152-01
MS20017_TTGGGATTCCACGTGG,2.1091545,19.32057,pancreatic A cell,HP-20152-01
MS20017_AACCCAACATCGATAC,-1.8181795,4.2786393,type B pancreatic cell,HP-20152-01
MS20017_TTTGACTAGCCTTTGA,2.8826978,-5.014143,pancreatic ductal cell,HP-20152-01
MS20017_GTTGCGGGTCCGTACG,2.280028,19.075851,pancreatic A cell,HP-20152-01
MS20017_TACTGCCGTTCCTTGC,0.9551889,9.098315,type B pancreatic cell,HP-20152-01
MS20017_AGACCCGCATAGCACT,3.7613018,17.406355,pancreatic A cell,HP-20152-01
MS20017_TCTAACTTCGGAGATG,2.9822187,18.557278,pancreatic A cell,HP-20152-01
MS20017_CTCAGAATCACGTAGT,13.438598,2.3895044,endothelial cell,HP-20152-01
MS20017_TGAATCGTCGATCCCT,12.862367,2.442368,endothelial cell,HP-20152-01
MS20017_CTTCTCTCAGCTATTG,-3.3429914,5.912555,type B pancreatic cell,HP-20152-01
MS20017_TTCGGTCCACTTCTCG,1.4465369,17.046799,pancreatic A cell,HP-20152-01
MS20017_ACTATCTTCCGGCAGT,1.8501066,16.596022,pancreatic A cell,HP-20152-01
MS20017_CTTCGGTGTGTTAACC,-10.631116,-0.8919791,leukocyte,HP-20152-01
MS20017_CGTGTCTGTCCAAAGG,2.2426186,17.537804,pancreatic A cell,HP-20152-01
MS20017_ATTGTTCCATGAGTAA,2.170722,6.666999,type B pancreatic cell,HP-20152-01
MS20017_GTGTCCTCAAGCCTGC,-1.8907781,8.675349,type B pancreatic cell,HP-20152-01
MS20017_GGGAGATAGTAATTGG,0.9088759,19.488071,pancreatic A cell,HP-20152-01
MS20017_ACCCTTGCACCGTCGA,3.4763756,7.4316983,type B pancreatic cell,HP-20152-01
MS20017_TGGAGAGTCGCAGTTA,-2.3784714,7.666209,type B pancreatic cell,HP-20152-01
MS20017_CCTCACATCCATCTCG,1.4447017,6.384484,type B pancreatic cell,HP-20152-01
MS20017_TCCAGAACACTACAGT,1.0938239,20.289915,pancreatic A cell,HP-20152-01
MS20017_CGATGCGTCCACTAGA,1.3530024,20.78808,pancreatic A cell,HP-20152-01
MS20017_TCCTTTCAGTCAGCCC,4.3605757,15.86183,pancreatic A cell,HP-20152-01
MS20017_ATTGGGTAGACTAAGT,-0.42903692,8.563003,type B pancreatic cell,HP-20152-01
MS20017_TTTACTGGTTGCGAAG,3.4059737,16.46735,pancreatic A cell,HP-20152-01
MS20017_CTGCAGGAGAAACCAT,1.1174854,4.23386,pancreatic PP cell,HP-20152-01
MS20017_AGGCCACAGAGAGAAC,-2.4035602,4.843293,type B pancreatic cell,HP-20152-01
MS20017_ACTTTGTTCTGTGCTC,2.2205179,18.949038,pancreatic A cell,HP-20152-01
MS20017_CGACAGCAGAGATCGC,0.08547818,18.662071,pancreatic A cell,HP-20152-01
MS20017_CATTCCGCAAACCACT,-2.1719198,8.760146,type B pancreatic cell,HP-20152-01
MS20017_GACGCTGGTCGTGCCA,-1.6384877,6.2294497,type B pancreatic cell,HP-20152-01
MS20017_TCCGAAACATGGAATA,0.57700664,18.73204,pancreatic A cell,HP-20152-01
MS20017_GGCTTTCAGGACAAGA,0.7356591,6.093791,type B pancreatic cell,HP-20152-01
MS20017_ACAAAGAGTCCAACGC,1.5534034,7.711132,type B pancreatic cell,HP-20152-01
MS20017_CTCCATGTCTCCGAGG,1.7978042,5.216055,type B pancreatic cell,HP-20152-01
MS20017_TCTCAGCGTTGCCAAT,1.255409,2.7496505,type B pancreatic cell,HP-20152-01
MS20017_GTGCGTGAGTTCCGGC,-4.4455304,3.0864446,pancreatic D cell,HP-20152-01
MS20017_CGGAACCTCATAAGGA,1.2800375,18.17497,pancreatic A cell,HP-20152-01
MS20017_ATATCCTAGCAGGCAT,11.717714,-0.33464915,pancreatic stellate cell,HP-20152-01
MS20017_ACAAGCTGTCCAGCAC,-10.8448305,-1.1750686,leukocyte,HP-20152-01
MS20017_AATCACGGTACCTGTA,4.4659023,15.3162155,pancreatic A cell,HP-20152-01
MS20017_TACCCACTCGCCTTTG,-3.9146938,4.7281694,pancreatic D cell,HP-20152-01
MS20017_CACACAACAGAAGCTG,0.98238045,-4.596054,pancreatic ductal cell,HP-20152-01
MS20017_GCAGGCTCACGCAGTC,-5.342671,2.6579242,pancreatic D cell,HP-20152-01
MS20017_CATCCACTCTTGGCTC,0.117778055,3.3769126,type B pancreatic cell,HP-20152-01
MS20017_GCAGGCTTCTATGTGG,-3.3504105,5.246944,type B pancreatic cell,HP-20152-01
MS20017_GTGTCCTCAGGATTCT,12.492057,-2.5987206,pancreatic stellate cell,HP-20152-01
MS20017_ATTGGGTCAGCAGTTT,1.1233999,2.2225826,pancreatic A cell,HP-20152-01
MS20017_TGGGCTGTCTGGTGCG,1.7810591,20.083961,pancreatic A cell,HP-20152-01
MS20017_CACTTCGCATCCAATG,-0.45342,6.378033,type B pancreatic cell,HP-20152-01
MS18001_AAAGCAATCAGGATCT,1.7052623,7.159705,type B pancreatic cell,HP18054-01
MS18001_TCAATCTGTACCGTAT,-2.2509594,6.8275332,type B pancreatic cell,HP18054-01
MS18001_TTATGCTAGTGGTCCC,-3.1442358,7.2738233,type B pancreatic cell,HP18054-01
MS18001_TCCACACCAGTGAGTG,-2.3450181,5.3205795,type B pancreatic cell,HP18054-01
MS18001_TGACGGCTCACATAGC,-1.2713368,6.718223,type B pancreatic cell,HP18054-01
MS18001_TAGTTGGTCGTACGGC,-2.575406,6.343994,type B pancreatic cell,HP18054-01
MS18001_GCTCTGTGTGAGGCTA,-3.016583,-4.170659,pancreatic acinar cell,HP18054-01
MS18001_ACTGATGCACATCTTT,-2.3199596,8.626535,type B pancreatic cell,HP18054-01
MS18001_ACTTGTTCAGAGTGTG,0.90711164,-4.5995297,pancreatic ductal cell,HP18054-01
MS18001_CTAATGGTCCGGCACA,-3.7418432,-3.872455,pancreatic acinar cell,HP18054-01
MS18001_ATCTACTCATGGGAAC,13.665085,3.0977058,endothelial cell,HP18054-01
MS18001_CGGAGCTCACATAACC,-2.9775736,6.7437177,type B pancreatic cell,HP18054-01
MS18001_GTCTTCGCATGCTAGT,-2.3643441,5.739074,type B pancreatic cell,HP18054-01
MS18001_ATTCTACGTAGCGTCC,-0.2196615,6.873316,type B pancreatic cell,HP18054-01
MS18001_ACGAGGACAGTATCTG,2.2689002,20.335695,pancreatic A cell,HP18054-01
MS18001_GCGAGAACATGTTCCC,13.764163,2.8046594,endothelial cell,HP18054-01
MS18001_GGGCATCAGTGATCGG,3.0361583,22.2264,pancreatic A cell,HP18054-01
MS18001_CGTAGGCAGGGCTCTC,-2.91014,6.6520553,type B pancreatic cell,HP18054-01
MS18001_GCGACCATCAGCTGGC,0.8884659,5.544226,type B pancreatic cell,HP18054-01
MS18001_ATTACTCAGTGAACAT,-5.7760525,-4.3579984,pancreatic acinar cell,HP18054-01
MS18001_GCACTCTGTCTCCCTA,-2.6744413,-4.031699,pancreatic acinar cell,HP18054-01
MS18001_AAAGTAGCACTGTCGG,2.545294,21.991653,pancreatic A cell,HP18054-01
MS18001_GGGATGATCCATTCTA,-0.9885636,5.488019,type B pancreatic cell,HP18054-01
MS18001_CTGATCCTCAGCTCTC,1.0412948,4.968568,type B pancreatic cell,HP18054-01
MS18001_CTAGCCTGTTCTGGTA,-0.48045608,6.1745405,type B pancreatic cell,HP18054-01
MS18001_GACCAATAGGAATCGC,0.43748355,7.0546837,type B pancreatic cell,HP18054-01
MS18001_CGCTTCAAGCTGCGAA,3.1182363,21.943485,pancreatic A cell,HP18054-01
MS18001_CTCATTAGTCTCTTTA,-2.9358568,5.4395103,type B pancreatic cell,HP18054-01
MS18001_TCTTCGGAGATGGCGT,0.18292065,7.887967,type B pancreatic cell,HP18054-01
MS18001_ATCCACCTCCGCGGTA,0.5961344,-6.040583,pancreatic ductal cell,HP18054-01
MS18001_GCCTCTATCCTATTCA,-2.8907382,7.148335,type B pancreatic cell,HP18054-01
MS18001_GGATTACTCTTCATGT,-0.68617046,5.242208,type B pancreatic cell,HP18054-01
MS18001_CTACCCAAGGATGTAT,1.3022552,-4.5701933,pancreatic ductal cell,HP18054-01
MS18001_CGGACTGTCAATACCG,-2.3923082,5.0688386,type B pancreatic cell,HP18054-01
MS18001_CCATGTCTCGAATGCT,-3.9823797,4.3484974,pancreatic D cell,HP18054-01
MS18001_CCTTACGTCCCTTGCA,-4.2480664,4.510039,pancreatic D cell,HP18054-01
MS18001_CAGAGAGGTTCCGGCA,2.9254665,21.537796,pancreatic A cell,HP18054-01
MS18001_TCGAGGCGTGTAACGG,-2.9732661,-4.1691003,pancreatic acinar cell,HP18054-01
MS18001_CAGATCATCAAGAAGT,-1.5203471,4.9231205,type B pancreatic cell,HP18054-01
MS18001_GGCGACTAGAGGTACC,-2.331769,6.427744,type B pancreatic cell,HP18054-01
MS18001_TTCTACATCCATGAGT,1.8091933,-4.4713435,pancreatic ductal cell,HP18054-01
MS18001_CTCTAATTCAACACAC,-1.6493022,3.2820456,pancreatic acinar cell,HP18054-01
MS18001_GACGGCTCATGTTGAC,0.0008955625,-4.3486357,pancreatic ductal cell,HP18054-01
MS18001_CGTGTCTGTTGTGGCC,-2.1249201,5.6458344,type B pancreatic cell,HP18054-01
MS18001_TGCCCTAGTGGCCCTA,-2.2512176,6.3995643,type B pancreatic cell,HP18054-01
MS18001_GCTGCAGTCGGAAACG,-1.065455,5.808582,type B pancreatic cell,HP18054-01
MS18001_TCTCATATCAGGTAAA,-0.5694107,6.180648,type B pancreatic cell,HP18054-01
MS18001_CATGGCGAGCTACCGC,0.8869352,-6.0013304,pancreatic ductal cell,HP18054-01
MS18001_GCATGCGCAGCGTCCA,2.816247,21.090574,pancreatic A cell,HP18054-01
MS18001_AACTCAGTCTTTACAC,-2.409687,6.210045,type B pancreatic cell,HP18054-01
MS18001_GACTGCGCATCGACGC,-3.481183,-4.3768044,pancreatic acinar cell,HP18054-01
MS18001_CCTTCCCAGGCTCTTA,-1.3299092,7.4483595,type B pancreatic cell,HP18054-01
MS18001_TGGCTGGAGATATGCA,11.472984,-1.2167913,pancreatic stellate cell,HP18054-01
MS18001_AGCAGCCGTTCTGAAC,-1.3538667,6.6499643,type B pancreatic cell,HP18054-01
MS18001_GGATGTTCAATGCCAT,-2.449514,7.564954,type B pancreatic cell,HP18054-01
MS18001_CCTACACCATTTCACT,4.883715,19.660816,pancreatic A cell,HP18054-01
MS18001_TCACGAACAATGAATG,0.087150894,-4.069147,pancreatic ductal cell,HP18054-01
MS18001_CGTTAGACATTGGTAC,-2.6720214,7.7646976,type B pancreatic cell,HP18054-01
MS18001_CAGCGACCAGCCTTGG,-0.005446675,7.4102345,type B pancreatic cell,HP18054-01
MS18001_AAAGTAGAGATGGGTC,-1.8490635,6.5079336,type B pancreatic cell,HP18054-01
MS18001_CTTCTCTGTCGATTGT,2.2780879,-5.541239,pancreatic ductal cell,HP18054-01
MS18001_CGCTGGACAAGCCGTC,-10.737246,-0.6314106,leukocyte,HP18054-01
MS18001_ATTACTCTCCAGAAGG,2.6482878,21.951923,pancreatic A cell,HP18054-01
MS18001_TGGCTGGAGTAACCCT,-1.0386193,8.24942,type B pancreatic cell,HP18054-01
MS18001_ATGCGATAGAACTGTA,1.6676341,-5.904291,pancreatic ductal cell,HP18054-01
MS18001_ACATGGTGTAAATGAC,-0.6570826,2.627907,type B pancreatic cell,HP18054-01
MS18001_CGCGTTTTCCTTGACC,-2.4757006,7.175522,type B pancreatic cell,HP18054-01
MS18001_CCTACACGTGCCTGTG,12.43391,-1.0272242,pancreatic stellate cell,HP18054-01
MS18001_GCGCCAAAGTACCGGA,-1.0213096,-5.4861436,pancreatic ductal cell,HP18054-01
MS18001_TCGTAGATCAGTGTTG,-1.7068719,5.0873137,type B pancreatic cell,HP18054-01
MS18001_AAGCCGCAGGGAAACA,2.7391758,19.027357,pancreatic A cell,HP18054-01
MS18001_TACTTGTGTAAGGGCT,3.512074,21.056665,pancreatic A cell,HP18054-01
MS18001_GTATCTTTCCAAACTG,-2.1156168,6.602571,type B pancreatic cell,HP18054-01
MS18001_ACGAGCCAGGACAGAA,-2.2202547,5.435332,type B pancreatic cell,HP18054-01
MS18001_ACTGAGTCAACAACCT,-1.4393308,6.461509,type B pancreatic cell,HP18054-01
MS18001_GTTCGGGTCATCGCTC,-1.8331372,6.5216155,type B pancreatic cell,HP18054-01
MS18001_GTACTCCAGAGGGCTT,-0.97261333,6.931477,type B pancreatic cell,HP18054-01
MS18001_AGTTGGTAGGAGTCTG,0.5138398,5.6160502,type B pancreatic cell,HP18054-01
MS18001_CTTAACTAGGATCGCA,2.5375235,22.015488,pancreatic A cell,HP18054-01
MS18001_GTATTCTGTGCCTGGT,-0.41956592,-6.1437593,pancreatic ductal cell,HP18054-01
MS18001_TCTGAGAAGATCACGG,3.257638,21.792225,pancreatic A cell,HP18054-01
MS18001_GGGTTGCCACAGAGGT,2.5803852,-4.3570156,pancreatic ductal cell,HP18054-01
MS18001_GACGGCTTCCCAAGTA,-1.8403594,5.092606,type B pancreatic cell,HP18054-01
MS18001_AGTGTCAAGCCAACAG,0.38903517,2.1720266,type B pancreatic cell,HP18054-01
MS18001_TTAACTCAGAGCTTCT,12.150605,-0.15631829,pancreatic stellate cell,HP18054-01
MS18001_GTCGGGTGTTGGACCC,-1.829128,6.7327075,type B pancreatic cell,HP18054-01
MS18001_GCCAAATTCTCGATGA,-2.1738977,5.9780674,type B pancreatic cell,HP18054-01
MS18001_AGGCCGTTCGGAAATA,1.7907563,-4.6058435,pancreatic ductal cell,HP18054-01
MS18001_ACGGAGAAGGGTTTCT,-1.5151714,4.976468,type B pancreatic cell,HP18054-01
MS18001_GGACATTCACTGAAGG,13.636284,3.1655004,endothelial cell,HP18054-01
MS18001_GTGGGTCCAGATGAGC,-1.1907073,7.170022,type B pancreatic cell,HP18054-01
MS18001_TATCAGGGTAGGCATG,-2.2029076,4.794477,type B pancreatic cell,HP18054-01
MS18001_ACTATCTGTAAGGGCT,-2.0157864,6.7428813,type B pancreatic cell,HP18054-01
MS18001_CGGACTGGTGAGGGTT,-4.250766,-3.32086,pancreatic acinar cell,HP18054-01
MS18001_GGGAATGAGCCGGTAA,-2.2143583,6.976473,type B pancreatic cell,HP18054-01
MS18001_CCACGGACAATCCAAC,-0.2902161,5.848663,type B pancreatic cell,HP18054-01
MS18001_TCAGATGAGAATGTGT,-2.3294246,6.730059,type B pancreatic cell,HP18054-01
MS18001_CAAGATCAGAACTCGG,-1.3974645,7.2576346,type B pancreatic cell,HP18054-01
MS18001_AGTTGGTGTTAAAGAC,-1.4695938,4.792369,type B pancreatic cell,HP18054-01
MS18001_GCAGTTACAGGTGCCT,-1.6126566,5.011045,type B pancreatic cell,HP18054-01
MS18001_GTTCGGGCACAAGCCC,3.2532701,21.48237,pancreatic A cell,HP18054-01
MS18001_CACATTTAGAACAATC,12.883585,3.08916,endothelial cell,HP18054-01
MS18001_CGACCTTTCTACCTGC,-1.6332606,5.619842,type B pancreatic cell,HP18054-01
MS18001_CATCCACAGCCATCGC,-5.430861,-4.08245,pancreatic acinar cell,HP18054-01
MS18001_TCAGGTATCAAGCCTA,-2.0217655,5.3311963,type B pancreatic cell,HP18054-01
MS18001_TCTTTCCAGGCACATG,-2.7538967,5.0767827,type B pancreatic cell,HP18054-01
MS18001_ACTTGTTGTTGCGCAC,-0.9478282,5.160613,type B pancreatic cell,HP18054-01
MS18001_CCATTCGCAAGCGAGT,-1.5752985,7.040896,type B pancreatic cell,HP18054-01
MS18001_CAACTAGGTGATGTCT,0.4957571,-4.9930415,pancreatic ductal cell,HP18054-01
MS18001_CTAGAGTAGATGCCTT,-1.8882122,5.2335167,type B pancreatic cell,HP18054-01
MS18001_CGACTTCGTAGGGTAC,-0.06672528,-5.1487284,pancreatic ductal cell,HP18054-01
MS18001_GTGCGGTGTCGGCTCA,-2.3691642,7.1154423,type B pancreatic cell,HP18054-01
MS18001_AGGTCCGAGTCCGTAT,0.74469346,-5.2046237,pancreatic ductal cell,HP18054-01
MS18001_CACAAACAGGATGGAA,-1.1438873,4.567533,type B pancreatic cell,HP18054-01
MS18001_GGACAAGCAGTGACAG,-2.2847114,6.0909686,type B pancreatic cell,HP18054-01
MS18001_ATTTCTGGTTGGACCC,-1.9496562,6.1760616,type B pancreatic cell,HP18054-01
MS18001_CACAGGCCATTAGGCT,-1.9642967,7.229235,type B pancreatic cell,HP18054-01
MS18001_GATGAAACAGTTAACC,11.7317915,-1.5619773,pancreatic stellate cell,HP18054-01
MS18001_GTCACAATCCAAACTG,-1.8322184,6.977234,type B pancreatic cell,HP18054-01
MS18001_CCTCTGAAGAATCTCC,3.7508874,22.217909,pancreatic A cell,HP18054-01
MS18001_TACACGAGTTTAGGAA,2.6854525,-4.10721,pancreatic ductal cell,HP18054-01
MS18001_CACCAGGTCAACACAC,-4.1443157,-3.8635087,pancreatic acinar cell,HP18054-01
MS18001_GATCGTACACTTACGA,0.49876383,19.522223,pancreatic A cell,HP18054-01
MS18001_CTTCTCTCAGCTATTG,2.4626746,19.48493,pancreatic A cell,HP18054-01
MS18001_TCTCATAGTAGGCATG,-1.7803046,7.598765,type B pancreatic cell,HP18054-01
MS18001_GCATGTAGTCTAGTGT,-2.0682945,5.094882,type B pancreatic cell,HP18054-01
MS18001_CTGTGCTAGCCGGTAA,3.2204235,22.519573,pancreatic A cell,HP18054-01
MS18001_TGGCTGGTCACTCTTA,-1.0336993,6.4091353,type B pancreatic cell,HP18054-01
MS18001_TGGCTGGAGTCAAGGC,2.31335,21.89393,pancreatic A cell,HP18054-01
MS18001_GTGCTTCGTTCGTTGA,-4.60629,3.393871,pancreatic D cell,HP18054-01
MS18001_GCGCCAAAGAGTCGGT,-1.4382184,6.4655027,type B pancreatic cell,HP18054-01
MS18001_GATCGCGCAGATGGCA,-5.999162,-4.0766664,pancreatic acinar cell,HP18054-01
MS18001_TGACAACGTAAGCACG,2.0506394,20.656158,pancreatic A cell,HP18054-01
MS18001_TTTCCTCAGAATGTTG,-1.8710608,7.1721835,type B pancreatic cell,HP18054-01
MS18001_TTCTTAGTCGGCCGAT,-1.7890668,6.239958,type B pancreatic cell,HP18054-01
MS18001_AACTTTCTCCGCAGTG,0.9173217,-5.2295256,pancreatic ductal cell,HP18054-01
MS18001_GCAAACTTCTAGCACA,-2.4204779,6.9788146,type B pancreatic cell,HP18054-01
MS18001_GCAGTTAGTGGTGTAG,-1.6632892,6.5750785,type B pancreatic cell,HP18054-01
MS18001_GTGCATACAGTGAGTG,-1.975227,5.4504166,type B pancreatic cell,HP18054-01
MS18001_GAATAAGTCATAAAGG,-0.41984645,5.6631856,type B pancreatic cell,HP18054-01
MS18001_CATATGGGTTCAGCGC,-0.4148239,5.406147,type B pancreatic cell,HP18054-01
MS18001_GGGCACTAGAACTGTA,-1.5121764,6.2726994,type B pancreatic cell,HP18054-01
MS18001_GAACCTAGTTCCGGCA,1.4081417,-4.514282,pancreatic ductal cell,HP18054-01
MS18001_TCAGATGTCTGTTTGT,-2.362222,5.4839654,type B pancreatic cell,HP18054-01
MS18001_TACCTATTCGATGAGG,-1.8782752,5.2794337,type B pancreatic cell,HP18054-01
MS18001_CAGGTGCGTCTTCAAG,3.1101058,22.262325,pancreatic A cell,HP18054-01
MS18001_GTGCAGCCAATTGCTG,-3.6173635,6.4634852,type B pancreatic cell,HP18054-01
MS18001_CCTAGCTCAACTGCTA,-2.4228568,7.0147624,type B pancreatic cell,HP18054-01
MS18001_TTCTCCTAGTGCGTGA,0.49469,7.643101,type B pancreatic cell,HP18054-01
MS18001_GTCCTCATCCTCAATT,-2.153983,5.2439346,type B pancreatic cell,HP18054-01
MS18001_TCAACGAGTCCCTACT,-4.320403,-2.4727795,pancreatic acinar cell,HP18054-01
MS18001_CCTTACGGTAGGACAC,13.573676,2.7981288,endothelial cell,HP18054-01
MS18001_TACGGGCGTGTGTGCC,-1.9956174,5.90921,type B pancreatic cell,HP18054-01
MS18001_CTTAGGAAGCCACTAT,1.2947177,2.4010913,type B pancreatic cell,HP18054-01
MS18001_GCAGCCAAGTAGCCGA,2.753211,21.646893,pancreatic A cell,HP18054-01
MS18001_CCTTACGCACGTTGGC,-1.5283492,5.2229867,type B pancreatic cell,HP18054-01
MS18001_CCACCTACAATGGACG,-5.581906,-3.79792,pancreatic acinar cell,HP18054-01
MS18001_GGTGTTATCATAACCG,-1.7838746,8.847644,type B pancreatic cell,HP18054-01
MS18001_GGCTCGATCATCTGCC,-5.868512,-4.2695546,pancreatic acinar cell,HP18054-01
MS18001_CCCAGTTAGCCACTAT,0.5560281,19.61583,pancreatic A cell,HP18054-01
MS18001_AAGTCTGAGGAGTTTA,-1.1848537,5.37398,type B pancreatic cell,HP18054-01
MS18001_ATCCACCGTCCGTTAA,-2.5712879,6.654831,type B pancreatic cell,HP18054-01
MS18001_GTCCTCATCATCATTC,2.4612026,21.912874,pancreatic A cell,HP18054-01
MS18001_CGGACGTCAACACGCC,-3.426273,-3.8296294,pancreatic acinar cell,HP18054-01
MS18001_ACTTTCAGTTATCGGT,-1.2926245,6.244021,type B pancreatic cell,HP18054-01
MS18001_GTTCGGGTCCGAACGC,-3.6169415,-2.8678322,pancreatic acinar cell,HP18054-01
MS18001_CATGGCGGTAAGGGAA,-2.1004734,6.541202,type B pancreatic cell,HP18054-01
MS18001_CCCTCCTTCCCAGGTG,1.6327487,21.263178,pancreatic A cell,HP18054-01
MS18001_GACAGAGGTCCGAATT,3.1657689,22.39918,pancreatic A cell,HP18054-01
MS18001_TAGTTGGTCGCCAAAT,-1.533058,5.836793,type B pancreatic cell,HP18054-01
MS18001_GGAATAACAATCCAAC,-1.6440082,5.0992737,type B pancreatic cell,HP18054-01
MS18001_CATATGGTCTATCCCG,4.6523004,15.473936,pancreatic A cell,HP18054-01
MS18001_CTGAAACTCTTGAGAC,0.34607384,-6.2266726,pancreatic ductal cell,HP18054-01
MS18001_CAACCAAGTCTTCAAG,-0.705832,6.091569,type B pancreatic cell,HP18054-01
MS18001_TGGCGCAAGATCCCAT,3.1155238,22.328579,pancreatic A cell,HP18054-01
MS18001_CGCGTTTAGGGATCTG,-0.55575585,-5.77123,pancreatic ductal cell,HP18054-01
MS18001_TGGCCAGAGTGGAGTC,-2.1504033,6.2773294,type B pancreatic cell,HP18054-01
MS18001_CTGAAACCAATAGAGT,-0.07519698,7.0666656,type B pancreatic cell,HP18054-01
MS18001_ACACTGAGTAAAGTCA,12.158578,-2.4519072,pancreatic stellate cell,HP18054-01
MS18001_TGGCCAGTCTTGTTTG,-11.040371,-0.74342924,leukocyte,HP18054-01
MS18001_CTCGTCACACTAAGTC,3.418717,20.573685,pancreatic A cell,HP18054-01
MS18001_ATCTGCCAGTAACCCT,3.3697414,22.250193,pancreatic A cell,HP18054-01
MS18001_GATTCAGAGTCTTGCA,-0.4840505,5.0329595,type B pancreatic cell,HP18054-01
MS18001_GTGCGGTAGGATGTAT,-3.7783902,-4.3289557,pancreatic acinar cell,HP18054-01
MS18001_AGGCCACTCGTCTGCT,11.301768,-0.57790923,pancreatic stellate cell,HP18054-01
MS18001_CGAACATTCATGGTCA,-2.4955554,8.010019,type B pancreatic cell,HP18054-01
MS18001_TAAACCGGTGTGAAAT,-0.3408577,4.965588,type B pancreatic cell,HP18054-01
MS18001_GTCGTAACACGCCAGT,-0.6062217,5.4917803,type B pancreatic cell,HP18054-01
MS18001_AAACCTGTCATTGCGA,-2.2876134,5.425657,type B pancreatic cell,HP18054-01
MS18001_ATTCTACTCATGCTCC,-1.7612679,6.7580814,type B pancreatic cell,HP18054-01
MS18001_CTGGTCTAGCATCATC,-2.1438787,7.4087543,type B pancreatic cell,HP18054-01
MS18001_ACTATCTAGCAATCTC,-0.9884744,6.039419,type B pancreatic cell,HP18054-01
MS18001_CATCCACCACGAAACG,2.5063984,21.529312,pancreatic A cell,HP18054-01
MS18001_AAACGGGAGTACGACG,3.047769,22.079494,pancreatic A cell,HP18054-01
MS18001_TGACTTTCATGGAATA,-1.8646904,6.540245,type B pancreatic cell,HP18054-01
MS18001_TACTTACAGTTAGCGG,-2.116502,6.8676863,type B pancreatic cell,HP18054-01
MS18001_CCTACCAAGAATGTGT,-1.9122615,5.9285355,type B pancreatic cell,HP18054-01
MS18001_GATCGCGGTCCGCTGA,0.14098011,-6.450673,pancreatic ductal cell,HP18054-01
MS18001_CACCACTGTAAATACG,-4.561139,3.4818084,pancreatic D cell,HP18054-01
MS18001_AGTCTTTTCTTCCTTC,-2.3440912,7.4515834,type B pancreatic cell,HP18054-01
MS18001_CCACTACGTCAACATC,-4.570541,3.2571523,pancreatic D cell,HP18054-01
MS18001_CAGCATAAGTACTTGC,-4.1347833,3.9358728,pancreatic D cell,HP18054-01
MS18001_TACTCGCCACGGCCAT,10.521197,8.197302,pancreatic PP cell,HP18054-01
MS18001_CACAGTAGTCGCGGTT,-0.5380832,-6.32281,pancreatic ductal cell,HP18054-01
MS18001_CTGCCTACAGCTGTTA,2.9836144,20.626387,pancreatic A cell,HP18054-01
MS18001_GTACTCCGTGGTCCGT,3.3794355,22.02265,pancreatic A cell,HP18054-01
MS18001_CGCTGGACAAACGCGA,-3.3226655,4.0816355,pancreatic D cell,HP18054-01
MS18001_TCAGCAAAGTCCATAC,-1.5068297,5.7468843,type B pancreatic cell,HP18054-01
MS18001_GGCGACTAGAGACTTA,4.231292,20.764658,pancreatic A cell,HP18054-01
MS18001_CGGAGTCGTCTGGAGA,-2.6928558,5.3890233,type B pancreatic cell,HP18054-01
MS18001_ACGGCCACACATGTGT,1.9880725,20.217678,pancreatic A cell,HP18054-01
MS18001_ACTTGTTAGAAGAAGC,-2.4234378,7.6844,type B pancreatic cell,HP18054-01
MS18001_TGTTCCGCACTCAGGC,-1.388235,6.093011,type B pancreatic cell,HP18054-01
MS18001_CTAACTTCAAAGTCAA,-3.0480804,7.0587735,type B pancreatic cell,HP18054-01
MS18001_CGAGAAGTCCGCGTTT,-2.5243442,6.137327,type B pancreatic cell,HP18054-01
MS18001_GTCACGGCATGCCACG,2.3699894,21.995323,pancreatic A cell,HP18054-01
MS18001_CAGCCGAGTATAGTAG,-1.1870583,5.32627,type B pancreatic cell,HP18054-01
MS18001_CCGTGGATCTTGCATT,-2.4240606,-4.1368427,pancreatic acinar cell,HP18054-01
MS18001_CACACTCTCCTCCTAG,0.11756224,7.432943,type B pancreatic cell,HP18054-01
MS18001_CGGACTGCACGTCTCT,1.7243341,-5.061686,pancreatic ductal cell,HP18054-01
MS18001_CTAACTTTCATTGCCC,3.6442273,22.507748,pancreatic A cell,HP18054-01
MS18001_GGGACCTTCACGATGT,-0.8120939,2.7915554,type B pancreatic cell,HP18054-01
MS18001_TCTTTCCTCACATGCA,4.599708,20.763693,pancreatic A cell,HP18054-01
MS18001_GTACTCCCATCCTAGA,0.7282798,1.4798821,type B pancreatic cell,HP18054-01
MS18001_GGGACCTGTTACCGAT,2.5165904,22.152887,pancreatic A cell,HP18054-01
MS18001_CGAGCCAGTCCGACGT,-3.8858387,-2.7732265,pancreatic acinar cell,HP18054-01
MS18001_GCATGCGCACCTTGTC,13.644396,3.0257492,endothelial cell,HP18054-01
MS18001_CACCACTCACAGGCCT,3.4817429,22.570784,pancreatic A cell,HP18054-01
MS18001_TAGACCACAAGGACAC,-0.86459565,3.259818,type B pancreatic cell,HP18054-01
MS18001_TTAGGCATCGCCAAAT,-2.4653058,6.0161343,type B pancreatic cell,HP18054-01
MS18001_AGATCTGAGCCCAACC,-6.2089124,-3.944497,pancreatic acinar cell,HP18054-01
MS18001_GCTCCTACATGTCGAT,-5.558109,-4.324431,pancreatic acinar cell,HP18054-01
MS18001_CCTTACGAGTGAATTG,-0.44963112,8.152298,type B pancreatic cell,HP18054-01
MS18001_AATCCAGGTTCGGCAC,-3.983387,4.115018,pancreatic D cell,HP18054-01
MS18001_TTAACTCTCATCACCC,-0.8744955,8.258308,type B pancreatic cell,HP18054-01
MS18001_TACGGATTCCACGCAG,-2.2673588,5.529177,type B pancreatic cell,HP18054-01
MS18001_CAGCATATCCTTAATC,-2.5687962,7.005135,type B pancreatic cell,HP18054-01
MS18001_CAAGTTGGTTCACGGC,2.0325897,-4.349537,pancreatic ductal cell,HP18054-01
MS18001_TCGCGTTAGCGCTCCA,-0.3465324,-6.501335,pancreatic ductal cell,HP18054-01
MS18001_GTCGGGTGTGCTAGCC,-1.2954569,6.0306754,type B pancreatic cell,HP18054-01
MS18001_AGTTGGTTCACCATAG,-10.81499,-0.82962006,leukocyte,HP18054-01
MS18001_TGTTCCGAGGGATGGG,3.1054447,21.95807,pancreatic A cell,HP18054-01
MS18001_TACTTACAGTGTGAAT,-2.409892,5.363265,type B pancreatic cell,HP18054-01
MS18001_GTTCTCGCACCTGGTG,-1.3806692,6.622866,type B pancreatic cell,HP18054-01
MS18001_TTGCCGTGTGAAATCA,-0.45571667,4.593513,type B pancreatic cell,HP18054-01
MS18001_ATTCTACCACTAGTAC,0.42078245,-5.0469303,pancreatic ductal cell,HP18054-01
MS18001_GTTCTCGTCACGCATA,-2.7965455,6.437562,type B pancreatic cell,HP18054-01
MS18001_GGAAAGCTCGGAGGTA,-3.94172,-3.7366865,pancreatic acinar cell,HP18054-01
MS18001_ATCTGCCCATCGACGC,-1.8472012,6.0570936,type B pancreatic cell,HP18054-01
MS18001_TGCCCTAAGATAGCAT,-0.23724948,5.309379,type B pancreatic cell,HP18054-01
MS18001_GCACTCTAGTACGCCC,-1.684561,8.838711,type B pancreatic cell,HP18054-01
MS18001_GTCACAATCGGATGTT,-2.383412,5.264171,type B pancreatic cell,HP18054-01
MS18001_TGCTGCTTCACAACGT,-2.1850452,6.7654066,type B pancreatic cell,HP18054-01
MS18001_ACCAGTAAGTACCGGA,-5.9035215,-4.238876,pancreatic acinar cell,HP18054-01
MS18001_TCACAAGGTCATCCCT,-0.31440696,3.8242111,type B pancreatic cell,HP18054-01
MS18001_CCTAAAGAGATAGGAG,-0.96655625,9.021886,type B pancreatic cell,HP18054-01
MS18001_GATGAAAGTATCTGCA,-2.6430328,7.901414,type B pancreatic cell,HP18054-01
MS18001_GATCGCGCAGGACCCT,2.6771946,18.108747,pancreatic A cell,HP18054-01
MS18001_GTCATTTCAGACGCTC,2.5395496,-4.3389697,pancreatic ductal cell,HP18054-01
MS18001_TTTCCTCGTTAGGGTG,-2.446075,6.4384356,type B pancreatic cell,HP18054-01
MS18001_GTCTCGTTCGCAAACT,1.4341934,-4.6896257,pancreatic ductal cell,HP18054-01
MS18001_GTCACGGCAGGCAGTA,-1.4158149,3.6505337,pancreatic acinar cell,HP18054-01
MS18001_GACACGCAGTCGTTTG,-2.322114,6.2917347,type B pancreatic cell,HP18054-01
MS18001_CCACGGAAGTGGGTTG,-1.5054134,5.563051,type B pancreatic cell,HP18054-01
MS18001_CGGGTCACAGTCGATT,3.065529,22.180336,pancreatic A cell,HP18054-01
MS18001_TGTCCCATCAGTTGAC,-2.671054,6.5584936,type B pancreatic cell,HP18054-01
MS18001_CTACGTCGTATGCTTG,-1.0776362,5.4937363,type B pancreatic cell,HP18054-01
MS18001_ACCCACTGTGTTGAGG,-1.9963379,6.315603,type B pancreatic cell,HP18054-01
MS18001_GGCCGATAGACCTTTG,-3.6774776,-4.3293924,pancreatic acinar cell,HP18054-01
MS18001_TGCGGGTGTCTAGCCG,-1.9484873,5.227171,type B pancreatic cell,HP18054-01
MS18001_CTTAGGACAGGTCCAC,3.15872,22.501343,pancreatic A cell,HP18054-01
MS18001_TACGGTAGTCATATCG,-2.1927178,5.729769,type B pancreatic cell,HP18054-01
MS18001_CTCGTCAAGCTAGCCC,3.699403,21.036552,pancreatic A cell,HP18054-01
MS18001_AACTCAGGTTCGCTAA,0.8241387,3.7522209,type B pancreatic cell,HP18054-01
MS18001_TGGACGCAGGCCATAG,-0.79869705,3.999771,type B pancreatic cell,HP18054-01
MS18001_GCATGTAAGCAGGCTA,4.2767916,20.79982,pancreatic A cell,HP18054-01
MS18001_AGAGTGGCACACATGT,-2.9910238,6.890903,type B pancreatic cell,HP18054-01
MS18001_GGTATTGGTCATATCG,-2.8068361,4.900125,type B pancreatic cell,HP18054-01
MS18001_ATCACGAAGGGTGTGT,-5.7175503,-4.354762,pancreatic acinar cell,HP18054-01
MS18001_GTTACAGTCGTGACAT,2.6750844,-4.521045,pancreatic ductal cell,HP18054-01
MS18001_CGACCTTGTATATCCG,3.1085353,21.983305,pancreatic A cell,HP18054-01
MS18001_AACTGGTCAATTGCTG,-1.6463358,4.9729004,type B pancreatic cell,HP18054-01
MS18001_CCACGGAGTTGGAGGT,-2.8559248,-4.268983,pancreatic acinar cell,HP18054-01
MS18001_GAATGAATCTGTCCGT,-1.8587636,7.060932,type B pancreatic cell,HP18054-01
MS18001_ATCCGAAAGTACATGA,-2.2174196,6.333446,type B pancreatic cell,HP18054-01
MS18001_TACGGGCCAACACGCC,2.8283787,22.182575,pancreatic A cell,HP18054-01
MS18001_GCATGCGCAGGATCGA,-1.9452949,6.080452,type B pancreatic cell,HP18054-01
MS18001_GGCGACTGTAGGCATG,-2.026628,5.0724154,type B pancreatic cell,HP18054-01
MS18001_TGCTGCTTCTGCTTGC,4.098666,21.381586,pancreatic A cell,HP18054-01
MS18001_ATTCTACCAATCGGTT,1.6753314,-4.557489,pancreatic ductal cell,HP18054-01
MS18001_TCGCGTTCACCAGGCT,1.3670448,-5.202357,pancreatic ductal cell,HP18054-01
MS18001_GTCACAAAGGTCATCT,-1.6628693,-4.218136,pancreatic acinar cell,HP18054-01
MS18001_CTGCCTAAGGCCGAAT,2.7932575,21.920853,pancreatic A cell,HP18054-01
MS18001_ACGATACAGCCTCGTG,-0.89617455,6.2271113,type B pancreatic cell,HP18054-01
MS18001_CGGACTGCACGAAACG,2.9564161,22.23188,pancreatic A cell,HP18054-01
MS18001_CACATAGTCACGCATA,3.2072916,22.593834,pancreatic A cell,HP18054-01
MS18001_GATCGCGCATCCCACT,-1.837151,5.1479263,type B pancreatic cell,HP18054-01
MS18001_ACTATCTAGAGGGCTT,3.3388748,22.147034,pancreatic A cell,HP18054-01
MS18001_TGACGGCCAGACGTAG,-1.88135,5.6769643,type B pancreatic cell,HP18054-01
MS18001_ATCCGAAAGATCTGCT,3.5873535,21.905779,pancreatic A cell,HP18054-01
MS18001_GGGCACTGTCCGTGAC,-0.26706493,4.0790443,type B pancreatic cell,HP18054-01
MS18001_TGACTTTCACACATGT,2.993761,21.769897,pancreatic A cell,HP18054-01
MS18001_CATCAAGTCAGCGACC,-2.3667421,6.283949,type B pancreatic cell,HP18054-01
MS18001_TGACTTTTCCTCGCAT,-2.4642272,5.6645536,type B pancreatic cell,HP18054-01
MS18001_TTCGGTCGTTAGGGTG,-5.8746943,-4.2582226,pancreatic acinar cell,HP18054-01
MS18001_CTCCTAGTCTAACCGA,-0.6860874,8.321325,type B pancreatic cell,HP18054-01
MS18001_ATGTGTGGTCGACTGC,-1.4021686,5.268494,type B pancreatic cell,HP18054-01
MS18001_GCACTCTCACTGTCGG,-0.23460983,4.8574495,type B pancreatic cell,HP18054-01
MS18001_AAGGCAGCATGACGGA,-1.9869362,5.090021,type B pancreatic cell,HP18054-01
MS18001_TTCTCCTCACAGCGTC,-1.6517967,5.4239006,type B pancreatic cell,HP18054-01
MS18001_CGGGTCAGTTCCCTTG,1.5979683,-4.5915575,pancreatic ductal cell,HP18054-01
MS18001_CATGGCGAGAAACCGC,-2.0721493,5.627351,type B pancreatic cell,HP18054-01
MS18001_CAAGAAAGTAAGCACG,2.9195178,21.820436,pancreatic A cell,HP18054-01
MS18001_CATGCCTCACCTCGGA,-5.0609174,3.1455147,pancreatic D cell,HP18054-01
MS18001_CTCATTAAGCACAGGT,-1.3960845,7.095122,type B pancreatic cell,HP18054-01
MS18001_GATCGATTCACCATAG,-1.7596138,6.888658,type B pancreatic cell,HP18054-01
MS18001_CGTCAGGAGTGGTCCC,-1.2717165,5.148043,type B pancreatic cell,HP18054-01
MS18001_CCATTCGAGGACGAAA,2.9269245,21.313557,pancreatic A cell,HP18054-01
MS18001_CCTTACGTCCACTCCA,2.5062747,21.49451,pancreatic A cell,HP18054-01
MS18001_ATCATCTGTCGATTGT,-0.29133594,7.201174,type B pancreatic cell,HP18054-01
MS18001_CAACTAGCATCCGCGA,2.8407755,22.17335,pancreatic A cell,HP18054-01
MS18001_ATTATCCGTTACGTCA,13.136899,2.974606,endothelial cell,HP18054-01
MS18001_TTGTAGGTCTGTCAAG,2.9660025,21.729841,pancreatic A cell,HP18054-01
MS18001_TGCCCTACATCGGACC,-1.774887,7.445843,type B pancreatic cell,HP18054-01
MS18001_CCGTTCATCTGAAAGA,-0.41336298,-5.5042195,pancreatic ductal cell,HP18054-01
MS18001_TCACAAGCATCGATTG,-0.7515517,7.66398,type B pancreatic cell,HP18054-01
MS18001_AAGACCTTCCTAGAAC,-0.66511,6.17288,type B pancreatic cell,HP18054-01
MS18001_TAGGCATAGAGCCTAG,2.3813496,-4.29448,pancreatic ductal cell,HP18054-01
MS18001_ATAACGCGTCTCTTAT,-4.8540773,3.8362513,pancreatic D cell,HP18054-01
MS18001_CGGGTCATCGTAGATC,-2.405889,6.252658,type B pancreatic cell,HP18054-01
MS18001_GGCGACTCATGACATC,-2.0622947,6.4901724,type B pancreatic cell,HP18054-01
MS18001_TAGAGCTCAATTCCTT,-0.30424723,5.8378596,type B pancreatic cell,HP18054-01
MS18001_CCGTGGAAGAAGGACA,-0.81214637,6.3561044,type B pancreatic cell,HP18054-01
MS18001_GGTATTGGTTCCCGAG,-5.1083827,-4.170341,pancreatic acinar cell,HP18054-01
MS18001_GGAGCAAAGTTTCCTT,-1.317721,5.5304046,type B pancreatic cell,HP18054-01
MS18001_TTGTAGGGTTGGACCC,-0.70561785,3.9054499,type B pancreatic cell,HP18054-01
MS18001_AGAATAGTCCAGGGCT,-2.5131207,6.5727005,type B pancreatic cell,HP18054-01
MS18001_CTCGGAGTCTCCAACC,-2.986864,8.056988,type B pancreatic cell,HP18054-01
MS18001_CGCTTCAAGTTGAGAT,-1.466332,5.018975,type B pancreatic cell,HP18054-01
MS18001_TTCTACACACAGGAGT,-2.9712217,-4.2491155,pancreatic acinar cell,HP18054-01
MS18001_GATCGCGTCAGGCAAG,-1.9759495,6.631871,type B pancreatic cell,HP18054-01
MS18001_AGCTCCTAGGCACATG,-2.8386743,-4.1417747,pancreatic acinar cell,HP18054-01
MS18001_CTCACACTCTGGCGAC,4.464602,21.479145,pancreatic A cell,HP18054-01
MS18001_ATTGGACCAATGGATA,2.5511212,20.738804,pancreatic A cell,HP18054-01
MS18001_GAGGTGAAGTGTTAGA,-2.0158243,6.269204,type B pancreatic cell,HP18054-01
MS18001_GTGCAGCAGTTGAGAT,2.2318418,20.845531,pancreatic A cell,HP18054-01
MS18001_TCAGGTACACCGTTGG,-0.31033257,-6.4143763,pancreatic ductal cell,HP18054-01
MS18001_GGGACCTCAACTGGCC,-1.7456573,5.3494325,type B pancreatic cell,HP18054-01
MS18001_AAGGCAGGTAGGAGTC,0.63833994,5.9366255,type B pancreatic cell,HP18054-01
MS18001_CCGGGATCACCAGATT,-2.6368008,8.41258,type B pancreatic cell,HP18054-01
MS18001_AACTCCCTCCTGTACC,2.7057383,-4.765582,pancreatic ductal cell,HP18054-01
MS18001_ATCACGATCCTCTAGC,-0.14090255,6.921631,type B pancreatic cell,HP18054-01
MS18001_GTCATTTGTACCAGTT,1.747798,-5.2643332,pancreatic ductal cell,HP18054-01
MS18001_CATCAGATCATCATTC,-0.940718,-5.155708,pancreatic acinar cell,HP18054-01
MS18001_CAACCAAAGAATGTGT,-0.31725448,6.5970845,type B pancreatic cell,HP18054-01
MS18001_TGGGAAGCATGCGCAC,1.0257094,7.047658,type B pancreatic cell,HP18054-01
MS18001_TAAGTGCTCCCGACTT,-1.736039,-4.278184,pancreatic acinar cell,HP18054-01
MS18001_TACACGACATCCGGGT,-1.2736835,7.3822308,type B pancreatic cell,HP18054-01
MS18001_GTGGGTCTCCGCATAA,-2.5710707,6.7424617,type B pancreatic cell,HP18054-01
MS18001_ATTACTCAGGCTCAGA,-2.7403023,5.979942,type B pancreatic cell,HP18054-01
MS18001_TTCGAAGCAGAAGCAC,3.160549,21.920744,pancreatic A cell,HP18054-01
MS18001_CTGATCCAGTGAAGTT,-1.3815739,6.7720175,type B pancreatic cell,HP18054-01
MS18001_CGATGGCGTTGGTTTG,0.68578285,5.5255632,type B pancreatic cell,HP18054-01
MS18001_GCATGCGTCTACTCAT,0.085672066,5.8102503,type B pancreatic cell,HP18054-01
MS18001_TCATTTGTCTTTACAC,-6.053277,-3.936281,pancreatic acinar cell,HP18054-01
MS18001_TGCGCAGTCTAACCGA,-3.8773124,3.5465784,pancreatic D cell,HP18054-01
MS18001_AGGCCACGTCTTCAAG,3.0779295,22.150911,pancreatic A cell,HP18054-01
MS18001_GATCGTAGTCTCTTAT,-0.7198072,-5.4435487,pancreatic ductal cell,HP18054-01
MS18001_ACGGGCTAGGACAGAA,0.9288299,5.4266953,type B pancreatic cell,HP18054-01
MS18001_GTGCGGTTCGTTACAG,3.662863,22.158594,pancreatic A cell,HP18054-01
MS18001_CGGAGCTGTGTGTGCC,-0.90520877,7.4298778,type B pancreatic cell,HP18054-01
MS18001_TGCTACCTCGTTACAG,-1.0773271,6.9738855,type B pancreatic cell,HP18054-01
MS18001_TGCCCATGTCCGAGTC,1.652039,3.8745673,type B pancreatic cell,HP18054-01
MS18001_CCATGTCAGAGCCCAA,-1.6451603,6.753134,type B pancreatic cell,HP18054-01
MS18001_CTAATGGTCGAGGTAG,-2.440078,5.47945,type B pancreatic cell,HP18054-01
MS18001_TACGGTACAGCCTTGG,-0.17427973,4.9381347,type B pancreatic cell,HP18054-01
MS18001_TTTGTCACAGTAGAGC,-3.5779579,8.291546,type B pancreatic cell,HP18054-01
MS18001_GCATACAGTTACCGAT,-4.2461357,-2.3737102,pancreatic acinar cell,HP18054-01
MS18001_CGACTTCGTCGCGTGT,-2.7498822,6.473584,type B pancreatic cell,HP18054-01
MS18001_GTTCATTAGCTAGGCA,-1.2172971,5.1999702,type B pancreatic cell,HP18054-01
MS18001_GGAGCAAAGCAACGGT,-1.866148,5.082724,type B pancreatic cell,HP18054-01
MS18001_CGTCACTGTGAAAGAG,2.333369,21.011614,pancreatic A cell,HP18054-01
MS18001_CGATGTAGTCGAATCT,-2.5212388,6.0360136,type B pancreatic cell,HP18054-01
MS18001_CGGGTCAAGTGGGATC,-0.79032934,6.8152614,type B pancreatic cell,HP18054-01
MS18001_CGACTTCGTCACACGC,4.1761713,20.792976,pancreatic A cell,HP18054-01
MS18001_CTGCTGTAGACAAGCC,-2.1049478,5.708623,type B pancreatic cell,HP18054-01
MS18001_TACGGGCCAAGTTGTC,-1.5359008,6.590942,type B pancreatic cell,HP18054-01
MS18001_ACGGAGAAGGCTCAGA,-1.4656075,5.7896276,type B pancreatic cell,HP18054-01
MS18001_GGATGTTGTAAATACG,-0.22792856,-4.958469,pancreatic ductal cell,HP18054-01
MS18001_TAGTGGTTCCATTCTA,0.31479555,-4.109532,pancreatic ductal cell,HP18054-01
MS18001_AACTCAGCAAGCTGGA,-6.107367,-3.96781,pancreatic acinar cell,HP18054-01
MS18001_CGAGAAGTCATCTGTT,-2.217864,6.261833,type B pancreatic cell,HP18054-01
MS18001_AAATGCCTCCTCATTA,-0.81555414,8.239022,type B pancreatic cell,HP18054-01
MS18001_ATAAGAGGTCTCAACA,-2.389672,7.652811,type B pancreatic cell,HP18054-01
MS18001_ACATGGTGTACCGCTG,-4.5484953,-4.013894,pancreatic acinar cell,HP18054-01
MS18001_CTTACCGAGTACGCGA,-2.2285311,8.562507,type B pancreatic cell,HP18054-01
MS18001_CTTCTCTCACACAGAG,-2.1583989,5.754112,type B pancreatic cell,HP18054-01
MS18001_CTTGGCTAGATGGGTC,-1.1232085,4.7659693,type B pancreatic cell,HP18054-01
MS18001_GCGCAGTTCGTCCGTT,-0.94867957,5.078244,type B pancreatic cell,HP18054-01
MS18001_TAGCCGGTCAGAGACG,-1.4970658,5.0912695,type B pancreatic cell,HP18054-01
MS18001_AGCGTATAGTGACATA,2.7884815,21.943562,pancreatic A cell,HP18054-01
MS18001_AATCGGTAGGCCATAG,-1.8436121,6.3991594,type B pancreatic cell,HP18054-01
MS18001_TCGCGTTAGCCCAGCT,0.48881525,5.333761,type B pancreatic cell,HP18054-01
MS18001_CGATTGATCGCATGAT,1.2083492,5.937665,type B pancreatic cell,HP18054-01
MS18001_TTTGGTTAGAGGTTGC,-2.3128643,6.038729,type B pancreatic cell,HP18054-01
MS18001_AGAGTGGTCTGGAGCC,1.0893215,5.893204,type B pancreatic cell,HP18054-01
MS18001_GAGTCCGAGGATGGAA,3.4781067,22.570919,pancreatic A cell,HP18054-01
MS18001_TGCCCTAGTGTTGAGG,-1.7678689,6.6084,type B pancreatic cell,HP18054-01
MS18001_CGGAGTCGTTCTGGTA,-5.072164,-4.2401056,pancreatic acinar cell,HP18054-01
MS18001_CCGTACTGTCAGAAGC,-4.7268496,2.805123,pancreatic D cell,HP18054-01
MS18001_AGGTCATTCGTTGCCT,2.7386184,22.359241,pancreatic A cell,HP18054-01
MS18001_GAATGAACAAGACGTG,2.6380596,21.846018,pancreatic A cell,HP18054-01
MS18001_GATCGTATCATCTGTT,2.3995616,21.517786,pancreatic A cell,HP18054-01
MS18001_GGTGTTATCTAACTGG,-4.9497843,3.3626757,pancreatic D cell,HP18054-01
MS18001_ACTGAACAGAAGGGTA,0.38277486,8.170377,type B pancreatic cell,HP18054-01
MS18001_CCATTCGTCTCCGGTT,-1.514058,5.676889,type B pancreatic cell,HP18054-01
MS18001_CTGCTGTAGCTGAACG,-2.5838308,6.7926707,type B pancreatic cell,HP18054-01
MS18001_GTCACGGCATGTCGAT,-4.974495,2.8858736,pancreatic D cell,HP18054-01
MS18001_TCGCGTTAGGATGGAA,11.509915,-1.2074077,pancreatic stellate cell,HP18054-01
MS18001_GATCGATTCCACTCCA,2.5407073,21.802092,pancreatic A cell,HP18054-01
MS18001_CGTTAGAAGACCTTTG,-2.112635,6.751481,type B pancreatic cell,HP18054-01
MS18001_ATCCACCCATTGAGCT,-1.1304848,7.2478046,type B pancreatic cell,HP18054-01
MS18001_TGGTTAGAGGCACATG,-0.8841801,4.2302766,type B pancreatic cell,HP18054-01
MS18001_GTGTTAGAGTATCTCG,-1.5446266,5.6380258,type B pancreatic cell,HP18054-01
MS18001_AGGCCACAGAGGTTAT,0.5817705,-5.5504904,pancreatic ductal cell,HP18054-01
MS18001_AAACGGGAGCCTTGAT,10.789174,8.879517,pancreatic PP cell,HP18054-01
MS18001_CATGGCGCAGGAATGC,-0.539498,-5.9719014,pancreatic ductal cell,HP18054-01
MS18001_GTAACGTAGAACAATC,-4.604952,3.2294085,pancreatic D cell,HP18054-01
MS18001_AGCATACAGTTACGGG,-3.4619923,6.6976,type B pancreatic cell,HP18054-01
MS18001_TACTTACCAGTGGAGT,-2.07448,5.6300054,type B pancreatic cell,HP18054-01
MS18001_GTGCTTCGTTCCGTCT,2.5513263,-4.984079,pancreatic ductal cell,HP18054-01
MS18001_GATCGATCACGGCCAT,0.44115424,7.0910397,type B pancreatic cell,HP18054-01
MS18001_GACGCGTAGGTAGCCA,-1.1410575,5.6906786,type B pancreatic cell,HP18054-01
MS18001_ACTGCTCGTAGCGTGA,-10.985734,-0.8931284,leukocyte,HP18054-01
MS18001_TGGGAAGAGTGTCCCG,2.8431594,21.647493,pancreatic A cell,HP18054-01
MS18001_ACGGGCTCACCTTGTC,-1.9964979,5.0005684,type B pancreatic cell,HP18054-01
MS18001_GAATGAAAGATGCGAC,0.9275629,8.053169,type B pancreatic cell,HP18054-01
MS18001_CCTTTCTCACTCTGTC,-2.2080417,5.8423457,type B pancreatic cell,HP18054-01
MS18001_GGTGTTATCCCTTGCA,2.2164412,20.400934,pancreatic A cell,HP18054-01
MS18001_ACTGTCCTCAGAGCTT,3.7000394,22.238726,pancreatic A cell,HP18054-01
MS18001_CGATGTAGTCCGAACC,-1.7474865,7.048159,type B pancreatic cell,HP18054-01
MS18001_TTCCCAGCAGAGTGTG,-0.14973652,7.9415846,type B pancreatic cell,HP18054-01
MS18001_GGCGTGTTCGGACAAG,-1.5205402,6.699677,type B pancreatic cell,HP18054-01
MS18001_CGAGCACTCGGAAACG,-2.3730843,6.19366,type B pancreatic cell,HP18054-01
MS18001_CGTCTACAGATAGTCA,-0.4893754,6.061337,type B pancreatic cell,HP18054-01
MS18001_CGTGTAAAGATAGGAG,-4.148108,-4.3487725,pancreatic acinar cell,HP18054-01
MS18001_CCGTACTAGATCCTGT,3.5512059,21.728258,pancreatic A cell,HP18054-01
MS18001_GTGGGTCGTTGAGTTC,-0.10546399,4.541483,type B pancreatic cell,HP18054-01
MS18001_CATTATCTCACCTTAT,10.5883045,7.942537,pancreatic PP cell,HP18054-01
MS18001_ACCCACTTCCGCAAGC,-0.28972656,6.9000516,type B pancreatic cell,HP18054-01
MS18001_CAACCAAGTAAATACG,-5.1019063,-4.283166,pancreatic acinar cell,HP18054-01
MS18001_TAAGAGAAGTGCAAGC,-2.7686865,5.986132,type B pancreatic cell,HP18054-01
MS18001_TCTCTAACATTTCAGG,3.531086,22.505545,pancreatic A cell,HP18054-01
MS18001_TGGGAAGAGTCAAGCG,-1.7979969,6.3844414,type B pancreatic cell,HP18054-01
MS18001_TGGGAAGTCAACACAC,-1.3274062,5.3864894,type B pancreatic cell,HP18054-01
MS18001_AGCATACTCGTCGTTC,0.6264235,1.803358,type B pancreatic cell,HP18054-01
MS18001_GATCGCGGTTCAGTAC,-1.6901324,6.98775,type B pancreatic cell,HP18054-01
MS18001_TACAGTGAGTTAACGA,2.0832863,21.615942,pancreatic A cell,HP18054-01
MS18001_GCATACAGTAGAAAGG,2.927219,22.230137,pancreatic A cell,HP18054-01
MS18001_CCCAATCGTTGCCTCT,-2.3942907,6.0657377,type B pancreatic cell,HP18054-01
MS18001_GTTAAGCAGTGAATTG,-2.2390504,6.4075794,type B pancreatic cell,HP18054-01
MS18001_GTTCTCGAGTTGTAGA,1.5263976,-5.888767,pancreatic ductal cell,HP18054-01
MS18001_AACCGCGGTCAGTGGA,-1.4284513,5.6339946,type B pancreatic cell,HP18054-01
MS18001_TTCGGTCCAATTGCTG,1.5013317,-6.0759993,pancreatic ductal cell,HP18054-01
MS18001_CCCATACCATCGATTG,-2.394485,5.4650736,type B pancreatic cell,HP18054-01
MS18001_TCTCTAAAGTACGACG,11.728804,-1.4237113,pancreatic stellate cell,HP18054-01
MS18001_GTCACGGAGGCTCATT,-1.8644143,4.8833222,type B pancreatic cell,HP18054-01
MS18001_GATGCTAAGGCATGTG,3.5981867,22.143179,pancreatic A cell,HP18054-01
MS18001_ACGTCAAAGAGGTAGA,11.607542,-1.2400689,pancreatic stellate cell,HP18054-01
MS18001_ACCTTTAAGTACGATA,-0.09678749,1.917747,type B pancreatic cell,HP18054-01
MS18001_AACTTTCAGTCCGTAT,-1.2698511,5.092636,type B pancreatic cell,HP18054-01
MS18001_CATTATCTCCCGGATG,4.706132,21.324413,pancreatic A cell,HP18054-01
MS18001_CATATTCGTTACGGAG,-1.5506608,6.667296,type B pancreatic cell,HP18054-01
MS18001_CAGCGACCAGGCTGAA,3.1456087,22.356424,pancreatic A cell,HP18054-01
MS18001_CGATGTACATGAGCGA,3.5374007,22.505035,pancreatic A cell,HP18054-01
MS18001_GAAGCAGCAGCCACCA,-0.53383964,6.085782,type B pancreatic cell,HP18054-01
MS18001_GATCGATCACCGAAAG,-2.123169,5.3730273,type B pancreatic cell,HP18054-01
MS18001_ACGAGGATCCGCATAA,1.2480175,7.3610063,type B pancreatic cell,HP18054-01
MS18001_GGGAATGGTCGGATCC,-0.63865405,7.229002,type B pancreatic cell,HP18054-01
MS18001_CTCGAAAGTTTGACAC,3.0958886,-4.489153,pancreatic ductal cell,HP18054-01
MS18001_ACGCAGCTCCAGTATG,-1.1660118,6.432374,type B pancreatic cell,HP18054-01
MS18001_TTGGAACCAGTCCTTC,10.6098995,8.146823,pancreatic PP cell,HP18054-01
MS18001_CCCAGTTCAGACGCTC,-1.9040209,5.526899,type B pancreatic cell,HP18054-01
MS18001_GCTTGAACATCATCCC,1.0382173,-4.499385,pancreatic ductal cell,HP18054-01
MS18001_ACCGTAATCAGTCCCT,-4.089403,3.791327,pancreatic D cell,HP18054-01
MS18001_CTGGTCTGTCTCCATC,-4.553402,4.1395454,pancreatic D cell,HP18054-01
MS18001_TACTTACAGCATCATC,2.1919196,22.016659,pancreatic A cell,HP18054-01
MS18001_TGACAACCAAGTACCT,2.0097907,21.679132,pancreatic A cell,HP18054-01
MS18001_CATGCCTGTAAGGATT,-1.3363359,6.013692,type B pancreatic cell,HP18054-01
MS18001_CATCAAGAGAGCAATT,-3.7795737,-3.8028007,pancreatic acinar cell,HP18054-01
MS18001_TCGCGAGGTTAAGGGC,2.5809028,21.551884,pancreatic A cell,HP18054-01
MS18001_CAAGTTGCATGCATGT,-2.0815322,6.041487,type B pancreatic cell,HP18054-01
MS18001_CTGCCTACAGACGCCT,11.332982,-1.2522309,pancreatic stellate cell,HP18054-01
MS18001_AGAGTGGGTGGAAAGA,-1.825642,6.4432874,type B pancreatic cell,HP18054-01
MS18001_GAAACTCCACATTTCT,3.376673,-4.298027,pancreatic ductal cell,HP18054-01
MS18001_TCGCGTTGTTCAGTAC,-1.3065609,6.5165863,type B pancreatic cell,HP18054-01
MS18001_GATGCTATCTTGACGA,-4.8997307,2.82394,pancreatic D cell,HP18054-01
MS18001_CGCTGGAGTCTAAACC,-5.267691,4.881904,pancreatic D cell,HP18054-01
MS18001_TGCCCATGTAGGGACT,-1.453189,6.094059,type B pancreatic cell,HP18054-01
MS18001_ACAGCCGGTTAAAGTG,-0.3228856,3.5837135,type B pancreatic cell,HP18054-01
MS18003_TACAGTGTCGTTGACA,-6.0205474,-3.3528993,pancreatic acinar cell,HP18304
MS18003_CCACCTATCCAAAGTC,0.96814334,-5.2221274,pancreatic ductal cell,HP18304
MS18003_CAAGGCCAGGCAAAGA,1.5608466,-5.943974,pancreatic ductal cell,HP18304
MS18003_TCCACACGTGCCTGTG,-0.12731703,-5.380007,pancreatic ductal cell,HP18304
MS18003_ACACCAATCTTACCGC,2.8944373,-4.1829386,pancreatic ductal cell,HP18304
MS18003_CGTAGCGCACAGATTC,-2.0310082,-4.1325064,pancreatic acinar cell,HP18304
MS18003_GGCGTGTAGTGTCTCA,-5.004314,-3.234672,pancreatic acinar cell,HP18304
MS18003_ACTATCTTCTAACGGT,0.4182891,6.6499577,type B pancreatic cell,HP18304
MS18003_ACAGCTAAGACCGGAT,-5.8660297,-3.5206466,pancreatic acinar cell,HP18304
MS18003_ACTTTCATCTCCAGGG,2.4816265,-5.4483676,pancreatic ductal cell,HP18304
MS18003_TGCCCTATCACCGTAA,2.4000692,-4.9035106,pancreatic ductal cell,HP18304
MS18003_TTTGTCATCTGCTGCT,0.42758256,-6.745649,pancreatic ductal cell,HP18304
MS18003_AGCGTATCACCCATGG,0.8468521,5.9863896,type B pancreatic cell,HP18304
MS18003_TGCACCTTCCATTCTA,2.811532,-4.6715736,pancreatic ductal cell,HP18304
MS18003_GCTTCCAAGGTGCTTT,-4.521485,-2.4789624,pancreatic acinar cell,HP18304
MS18003_AAACCTGCACGGTAAG,-0.99267185,6.8176365,type B pancreatic cell,HP18304
MS18003_GTCATTTGTGTGGCTC,4.5795875,18.934574,pancreatic A cell,HP18304
MS18003_CCGGGATCACATGTGT,10.372189,8.025241,pancreatic PP cell,HP18304
MS18003_CAGTAACAGTTCGATC,-0.92849857,6.505713,type B pancreatic cell,HP18304
MS18003_AAGTCTGTCTGGAGCC,4.8417916,19.261143,pancreatic A cell,HP18304
MS18003_GGAAAGCAGTCAATAG,11.854503,-2.24399,pancreatic stellate cell,HP18304
MS18003_GACTACAGTCCAGTAT,0.60945034,7.2608404,type B pancreatic cell,HP18304
MS18003_GTCCTCAAGCGACGTA,-4.389006,-2.6936536,pancreatic acinar cell,HP18304
MS18003_GTTCGGGGTCAACATC,2.558037,-4.066215,pancreatic ductal cell,HP18304
MS18003_GACGCGTGTCCGTCAG,1.3989669,5.432306,type B pancreatic cell,HP18304
MS18003_AACTCAGTCTATCCCG,-4.8536544,-3.7713325,pancreatic acinar cell,HP18304
MS18003_TTGTAGGTCATGCATG,0.3098228,4.3406396,type B pancreatic cell,HP18304
MS18003_TAAGCGTGTTGTCGCG,-0.91556805,7.3966875,type B pancreatic cell,HP18304
MS18003_GAACATCTCGAGCCCA,0.954444,-6.6518393,pancreatic ductal cell,HP18304
MS18003_CTACACCTCCTACAGA,-0.47578666,8.564283,type B pancreatic cell,HP18304
MS18003_GGGACCTCATGATCCA,2.4053197,21.053473,pancreatic A cell,HP18304
MS18003_CATCAAGCAAGTCTAC,-0.1378152,6.1402364,type B pancreatic cell,HP18304
MS18003_GCATGTAAGAATCTCC,-3.7774239,-2.795541,pancreatic acinar cell,HP18304
MS18003_GGATGTTAGAGCTGCA,-4.6159573,-3.2877994,pancreatic acinar cell,HP18304
MS18003_CTGATCCCAGATCGGA,0.75233763,-5.339596,pancreatic ductal cell,HP18304
MS18003_TGTGTTTAGGACACCA,2.1098292,4.557956,type B pancreatic cell,HP18304
MS18003_TACGGTATCACGCGGT,3.0782936,19.483511,pancreatic A cell,HP18304
MS18003_GCGCCAAAGACTCGGA,11.459345,-1.5280904,pancreatic stellate cell,HP18304
MS18003_CTCATTAAGTGCAAGC,2.1555183,-5.4077063,pancreatic ductal cell,HP18304
MS18003_GCAGCCAAGTCGTACT,-0.06757892,-4.8621883,pancreatic ductal cell,HP18304
MS18003_AAGCCGCCAGCATACT,1.3006239,-4.76665,pancreatic ductal cell,HP18304
MS18003_GATTCAGAGGCATGTG,-4.498093,2.8565083,pancreatic D cell,HP18304
MS18003_GTTCGGGAGCCGCCTA,-2.4852557,6.738147,type B pancreatic cell,HP18304
MS18003_TGTTCCGGTAGCCTCG,-4.7069626,-2.6508722,pancreatic acinar cell,HP18304
MS18003_GCAATCATCGAACGGA,11.37291,-0.5289629,pancreatic stellate cell,HP18304
MS18003_CTCTACGCATTACCTT,4.7689953,19.871933,pancreatic A cell,HP18304
MS18003_TTGACTTCAGGGTACA,-0.45585006,7.6026077,type B pancreatic cell,HP18304
MS18003_CACATTTGTCAATACC,3.3953602,-4.0937243,pancreatic ductal cell,HP18304
MS18003_AACCATGGTGTGGCTC,0.0098817265,-5.9860578,pancreatic ductal cell,HP18304
MS18003_ATCATGGTCCGAACGC,13.025973,3.0929632,endothelial cell,HP18304
MS18003_CGAATGTAGCGGCTTC,1.710626,-5.157311,pancreatic ductal cell,HP18304
MS18003_CTCACACCAGCCACCA,2.8888552,21.663437,pancreatic A cell,HP18304
MS18003_ACACTGACACAACTGT,-2.1178365,6.7655463,type B pancreatic cell,HP18304
MS18003_CTAGCCTCATGTAGTC,-3.0578969,-3.5293734,pancreatic acinar cell,HP18304
MS18003_ATCCGAATCGCATGAT,1.5202543,-5.609288,pancreatic ductal cell,HP18304
MS18003_GAACATCCAATCACAC,3.2466722,22.269173,pancreatic A cell,HP18304
MS18003_CCATTCGTCATCGGAT,-4.8029294,-4.0481977,pancreatic acinar cell,HP18304
MS18003_TTCTACAAGAGAGCTC,-4.343587,-2.581893,pancreatic acinar cell,HP18304
MS18003_AGGTCATTCGGACAAG,-4.722959,-3.883843,pancreatic acinar cell,HP18304
MS18003_CGGAGCTGTGAGCGAT,-4.799662,-4.3027043,pancreatic acinar cell,HP18304
MS18003_GTATCTTTCAGGCAAG,1.8672018,-5.1765447,pancreatic ductal cell,HP18304
MS18003_GACAGAGTCGCTTGTC,3.09912,19.414677,pancreatic A cell,HP18304
MS18003_TCTTTCCCACATGACT,0.19887228,-4.211208,pancreatic ductal cell,HP18304
MS18003_AATCCAGGTGAAATCA,3.2757003,-4.151236,pancreatic ductal cell,HP18304
MS18003_TCTCTAACACCAGATT,-4.4177737,-2.9942195,pancreatic acinar cell,HP18304
MS18003_ACTGATGCACGCGAAA,2.5579822,-4.3315144,pancreatic ductal cell,HP18304
MS18003_GCCTCTATCAGGCCCA,2.7116432,-4.243237,pancreatic ductal cell,HP18304
MS18003_AATCCAGAGAGTCGGT,1.1154126,-5.409013,pancreatic ductal cell,HP18304
MS18003_GGATTACGTACCGAGA,4.2782607,20.80257,pancreatic A cell,HP18304
MS18003_CTCTGGTCAGGACCCT,-1.232899,7.1553698,type B pancreatic cell,HP18304
MS18003_CTTCTCTTCTTGACGA,0.75917894,-5.0175586,pancreatic ductal cell,HP18304
MS18003_TCGCGTTCACTTCGAA,1.6814542,-5.4385405,pancreatic ductal cell,HP18304
MS18003_GGTGAAGAGCCGATTT,-1.5326413,9.129816,type B pancreatic cell,HP18304
MS18003_GGGTTGCTCTGCGTAA,2.9383783,-4.458144,pancreatic ductal cell,HP18304
MS18003_GTCTCGTCACTACAGT,-5.0991273,3.201779,pancreatic D cell,HP18304
MS18003_CGAGCACAGAGGTAGA,4.9063964,20.00153,pancreatic A cell,HP18304
MS18003_CGATGGCAGGTGGGTT,2.221134,-4.5662932,pancreatic ductal cell,HP18304
MS18003_CTGATAGGTACGCACC,-4.732981,3.0274339,pancreatic D cell,HP18304
MS18003_CACATTTTCCTAGAAC,2.6641445,19.47432,pancreatic A cell,HP18304
MS18003_CAAGTTGAGTAACCCT,-5.202334,-3.1674848,pancreatic acinar cell,HP18304
MS18003_ATTGGTGTCAGCTCTC,0.7828642,-5.668497,pancreatic ductal cell,HP18304
MS18003_TAGTTGGTCATGCAAC,-1.9469441,-4.0861115,pancreatic ductal cell,HP18304
MS18003_GTACGTAAGACCACGA,4.225988,21.084497,pancreatic A cell,HP18304
MS18003_CTACACCCAGTGGGAT,0.89363015,6.639371,type B pancreatic cell,HP18304
MS18003_GCATGATCACATAACC,-0.19960865,7.2854047,type B pancreatic cell,HP18304
MS18003_ACGGGCTTCCGAGCCA,4.0326295,21.106726,pancreatic A cell,HP18304
MS18003_CTTACCGTCCTATGTT,0.99506104,8.296762,type B pancreatic cell,HP18304
MS18003_GTCGTAACATCACCCT,-0.31481636,-5.6150327,pancreatic ductal cell,HP18304
MS18003_AACTCCCGTGACGCCT,5.6933613,19.128963,pancreatic A cell,HP18304
MS18003_GTACTCCCAGGCTGAA,10.492468,8.066904,pancreatic PP cell,HP18304
MS18003_GAACATCTCAGTCCCT,0.68962395,7.134572,type B pancreatic cell,HP18304
MS18003_ACGGGTCAGTGAATTG,-4.201736,3.3018441,pancreatic D cell,HP18304
MS18003_AGGGAGTCAGACAGGT,-0.8594062,-5.507521,pancreatic ductal cell,HP18304
MS18003_TGCGGGTAGTACCGGA,-5.498444,-3.5104668,pancreatic acinar cell,HP18304
MS18003_GTCTCGTTCCTAAGTG,1.3995087,-5.776885,pancreatic ductal cell,HP18304
MS18003_GTTCGGGGTACGACCC,5.213009,19.037579,pancreatic A cell,HP18304
MS18003_CATCCACTCGCAGGCT,-1.3839089,-6.953113,pancreatic ductal cell,HP18304
MS18003_TGGGCGTTCGAGGTAG,0.90036964,8.405034,type B pancreatic cell,HP18304
MS18003_AGGTCATTCTACCTGC,0.79861856,-5.5582986,pancreatic ductal cell,HP18304
MS18003_CGATGGCCATGTTCCC,2.0282955,-5.72862,pancreatic ductal cell,HP18304
MS18003_CAGTCCTCAGCCTATA,-0.13281368,-3.8850248,pancreatic ductal cell,HP18304
MS18003_CGCGTTTCAAACGCGA,5.406718,18.745228,pancreatic A cell,HP18304
MS18003_TCTCATAGTGGCGAAT,-5.8039455,-3.878308,pancreatic acinar cell,HP18304
MS18003_GTAGGCCTCCGGGTGT,0.8923151,6.069702,type B pancreatic cell,HP18304
MS18003_GCGAGAATCTGTACGA,3.0657763,-4.391911,pancreatic ductal cell,HP18304
MS18003_CGTCCATAGACTAGGC,-2.6316423,-3.6418312,pancreatic ductal cell,HP18304
MS18003_ACTGCTCGTGCAACGA,-3.617647,-2.8080566,pancreatic acinar cell,HP18304
MS18003_CGGGTCAGTCATTAGC,2.4743378,-4.8215036,pancreatic ductal cell,HP18304
MS18003_AGGCCGTCAACTGCGC,-0.9825156,5.7115498,type B pancreatic cell,HP18304
MS18003_TACCTTAAGAGCTATA,-1.3468627,8.230165,type B pancreatic cell,HP18304
MS18003_GGTGTTACAGGGTATG,1.2532828,-4.829924,pancreatic ductal cell,HP18304
MS18003_TGTTCCGAGAGGTACC,4.0923185,21.002098,pancreatic A cell,HP18304
MS18003_TACTTGTGTCTCAACA,0.51114684,-5.267449,pancreatic ductal cell,HP18304
MS18003_TACACGAAGAGAGCTC,-5.0759525,-4.118155,pancreatic acinar cell,HP18304
MS18003_CCGTACTAGCCCGAAA,10.439032,8.057089,pancreatic PP cell,HP18304
MS18003_CCTTACGTCAGTACGT,-3.6789768,-2.7732368,pancreatic acinar cell,HP18304
MS18003_TACCTTACAATGTTGC,11.38454,-0.61922735,pancreatic stellate cell,HP18304
MS18003_CCTTTCTAGGTCATCT,-1.1724511,7.313914,type B pancreatic cell,HP18304
MS18003_TTCTTAGAGCAGACTG,-6.1965075,-3.6587138,pancreatic acinar cell,HP18304
MS18003_TGACGGCCATCAGTCA,-0.7783145,-5.337857,pancreatic ductal cell,HP18304
MS18003_GTCTCGTTCTGGCGTG,10.525076,8.442257,pancreatic PP cell,HP18304
MS18003_AATCGGTCACCTCGTT,-4.8837595,2.7145822,pancreatic D cell,HP18304
MS18003_GACTACATCTGGTATG,-4.3281016,4.7490683,type B pancreatic cell,HP18304
MS18003_TTATGCTAGCGATAGC,2.9253743,-4.5108,pancreatic ductal cell,HP18304
MS18003_ACCGTAATCAGGTTCA,-4.902715,-3.078561,pancreatic acinar cell,HP18304
MS18003_ATCCACCTCTGGTGTA,11.673902,-1.6341335,pancreatic stellate cell,HP18304
MS18003_GAGCAGAGTGAGGCTA,-4.09303,-2.6274705,pancreatic acinar cell,HP18304
MS18003_CGATTGACAGGTTTCA,1.821257,-4.578654,pancreatic ductal cell,HP18304
MS18003_ACGAGCCAGCTAGTGG,4.750415,21.038218,pancreatic A cell,HP18304
MS18003_GCATGTAAGCTGCAAG,-2.5496554,7.1493645,type B pancreatic cell,HP18304
MS18003_GTTAAGCGTCATATGC,1.0043671,6.279928,type B pancreatic cell,HP18304
MS18003_GTCGTAAAGAATTGTG,-3.8733072,3.7153754,pancreatic D cell,HP18304
MS18003_GTCGTAAAGCGATGAC,3.8506317,21.23826,pancreatic A cell,HP18304
MS18003_GGGAGATGTTCCGGCA,4.4968524,19.416403,pancreatic A cell,HP18304
MS18003_CATCCACTCACGATGT,1.9573492,-4.888416,pancreatic ductal cell,HP18304
MS18003_GGACAAGCATCTACGA,0.05018973,-4.1730475,pancreatic ductal cell,HP18304
MS18003_TGGCGCACACGACTCG,-0.6772248,3.5706468,type B pancreatic cell,HP18304
MS18003_ACAGCTACATGGTAGG,-1.8978139,8.75552,type B pancreatic cell,HP18304
MS18003_TTTGGTTGTCTAGTCA,0.9633673,6.8085055,type B pancreatic cell,HP18304
MS18003_ACTGAACCAACGCACC,-0.34578007,6.7828426,type B pancreatic cell,HP18304
MS18003_GTCGTAAAGGATGCGT,-0.30575243,5.533802,type B pancreatic cell,HP18304
MS18003_CAGCATATCCCAAGAT,-0.763613,5.342213,type B pancreatic cell,HP18304
MS18003_ACCGTAAAGATTACCC,-1.293882,5.889039,type B pancreatic cell,HP18304
MS18003_ACACCGGAGTTGAGAT,-3.1809711,-3.3045106,pancreatic acinar cell,HP18304
MS18003_TGGCTGGGTACTCTCC,-2.307136,8.494177,type B pancreatic cell,HP18304
MS18003_CCACGGACAGGGTTAG,2.0471277,-5.414893,pancreatic ductal cell,HP18304
MS18003_TTGTAGGAGGCATGTG,3.4941452,20.149029,pancreatic A cell,HP18304
MS18003_ACGGAGAAGACAGACC,3.1869795,-4.408651,pancreatic ductal cell,HP18304
MS18003_TGCGTGGCAATGGAGC,-4.0215244,3.6611907,pancreatic D cell,HP18304
MS18003_GGTGAAGCACTCGACG,-6.094264,-3.457035,pancreatic acinar cell,HP18304
MS18003_ACTTGTTCAGGATTGG,0.22106396,5.6779127,type B pancreatic cell,HP18304
MS18003_GTGCGGTTCTCTGCTG,4.7314196,18.88108,pancreatic A cell,HP18304
MS18003_CTGGTCTTCGTCGTTC,10.495815,8.420011,pancreatic PP cell,HP18304
MS18003_CACAGGCTCAGAGACG,-5.204425,-3.0029676,pancreatic acinar cell,HP18304
MS18003_TCAACGAAGCGTGAAC,-2.5693376,7.588756,type B pancreatic cell,HP18304
MS18003_CAGCCGAAGATCCGAG,0.71821547,7.109084,type B pancreatic cell,HP18304
MS18003_CTACACCAGCCGTCGT,0.95233077,7.6342645,type B pancreatic cell,HP18304
MS18003_GAAACTCTCATCGGAT,10.158801,8.036576,pancreatic PP cell,HP18304
MS18003_CGTTCTGAGCTAACTC,0.6318032,-5.7503014,pancreatic ductal cell,HP18304
MS18003_GACCAATTCGGAAACG,-2.8597426,-4.1836886,pancreatic acinar cell,HP18304
MS18003_GATGAAACATAGAAAC,11.61211,-1.6225648,pancreatic stellate cell,HP18304
MS18003_GGACGTCTCATGTAGC,11.253193,-0.6948106,pancreatic stellate cell,HP18304
MS18003_GATCGTATCAAAGTAG,2.417798,-4.9522038,pancreatic ductal cell,HP18304
MS18003_AACTGGTCACTTGGAT,-4.636203,-2.63634,pancreatic acinar cell,HP18304
MS18003_CGCCAAGTCGAACTGT,-4.871147,3.3305295,pancreatic D cell,HP18304
MS18003_GCACTCTTCGTCTGAA,3.2288027,-4.7035136,pancreatic ductal cell,HP18304
MS18003_GTACTCCCATGCGCAC,2.574021,-4.6484895,pancreatic ductal cell,HP18304
MS18003_CCTTCCCGTCCTAGCG,-0.25944299,6.349191,type B pancreatic cell,HP18304
MS18003_TCACAAGGTAATAGCA,3.173547,-4.5272026,pancreatic ductal cell,HP18304
MS18003_CGCGGTAGTCGGCACT,-0.34640792,-5.912491,pancreatic ductal cell,HP18304
MS18003_CATCCACCATTGGGCC,-0.09778534,-4.375206,pancreatic ductal cell,HP18304
MS18003_TCTTTCCCAACTGCTA,4.6875234,16.600199,pancreatic A cell,HP18304
MS18003_ACGATACGTTACGCGC,-5.8248115,-3.4749753,pancreatic acinar cell,HP18304
MS18003_GACGCGTAGATCTGAA,-5.062748,2.574941,pancreatic D cell,HP18304
MS18003_GGACAAGCATGAAGTA,5.092628,19.42157,pancreatic A cell,HP18304
MS18003_GTATCTTTCTGCGTAA,-2.4549696,9.115421,type B pancreatic cell,HP18304
MS18003_TAAACCGGTCACCCAG,-5.2030687,3.8077831,pancreatic D cell,HP18304
MS18003_CAGTAACGTACACCGC,3.569392,21.348469,pancreatic A cell,HP18304
MS18003_TTAGTTCCACCTATCC,-0.7829829,-5.89024,pancreatic ductal cell,HP18304
MS18003_GTCACGGCAAGGACAC,1.5325003,-5.1399612,pancreatic ductal cell,HP18304
MS18003_CTCGTCAAGGACACCA,1.6174582,7.3489976,type B pancreatic cell,HP18304
MS18003_GCAGCCAAGATCTGCT,1.3959054,5.978615,type B pancreatic cell,HP18304
MS18003_GGTATTGGTTAGGGTG,1.911707,-4.659803,pancreatic ductal cell,HP18304
MS18003_CTGCGGACAGACTCGC,-4.6808815,-4.2237725,pancreatic acinar cell,HP18304
MS18003_ACTGTCCGTGACAAAT,0.9320529,5.504982,type B pancreatic cell,HP18304
MS18003_CGAATGTGTAAGAGAG,-5.3867617,-2.9557076,pancreatic acinar cell,HP18304
MS18003_ACGGCCAAGTTGTAGA,5.1116548,19.225752,pancreatic A cell,HP18304
MS18003_CTCGGAGAGCGCTTAT,-0.48586336,-5.275589,pancreatic ductal cell,HP18304
MS18003_ACGCAGCTCTTTAGGG,2.129221,-6.312762,pancreatic ductal cell,HP18304
MS18003_GCGACCATCCTGTACC,-4.178383,-2.9717617,pancreatic acinar cell,HP18304
MS18003_GATGAGGTCTTCATGT,0.23292948,8.446396,type B pancreatic cell,HP18304
MS18003_CACAGTAAGATGCCAG,-1.5192004,7.2003064,type B pancreatic cell,HP18304
MS18003_CTGCCTACAAAGGAAG,3.3910956,20.121162,pancreatic A cell,HP18304
MS18003_AAAGCAAGTGAAAGAG,-5.5609407,-3.434909,pancreatic acinar cell,HP18304
MS18003_GATCAGTAGGATGGTC,2.3084242,-6.186186,pancreatic ductal cell,HP18304
MS18003_TGCACCTAGCCACGTC,-4.61793,-2.8519623,pancreatic acinar cell,HP18304
MS18003_CACACAACAGACGCAA,4.8661227,17.1338,pancreatic A cell,HP18304
MS18003_ACTATCTGTCCGTCAG,3.7495656,21.442732,pancreatic A cell,HP18304
MS18003_CGGAGTCCACATGACT,3.0679877,-4.592226,pancreatic ductal cell,HP18304
MS18003_TACTCGCAGAGGTTAT,-3.0081553,8.194944,type B pancreatic cell,HP18304
MS18003_GCCTCTACAGCTGTTA,-0.20816843,-6.0348325,pancreatic ductal cell,HP18304
MS18003_AAGGCAGGTCGTGGCT,4.5307727,20.041336,pancreatic A cell,HP18304
MS18003_TTGGCAAAGACTAAGT,-4.2874823,-2.7888374,pancreatic acinar cell,HP18304
MS18003_GATCGATCATGCCTTC,-1.1719733,6.1386704,type B pancreatic cell,HP18304
MS18003_ACTGCTCGTGTGCCTG,0.0885068,-4.505456,pancreatic ductal cell,HP18304
MS18003_CGATTGAGTATAATGG,3.2382083,19.857561,pancreatic A cell,HP18304
MS18003_TGCCAAACAGCGTTCG,10.393452,8.006351,pancreatic PP cell,HP18304
MS18003_GATCGCGGTACAGTTC,0.18434939,-5.3289742,pancreatic ductal cell,HP18304
MS18003_GCGAGAAGTCCCGACA,3.7175946,20.678543,pancreatic A cell,HP18304
MS18003_AAAGATGCAGTCGTGC,-4.2887177,-3.9791465,pancreatic acinar cell,HP18304
MS18003_TAAACCGGTTAAGGGC,-10.576598,-0.7848637,leukocyte,HP18304
MS18003_TGCCAAACAGTAGAGC,-0.026014326,-4.4451585,pancreatic ductal cell,HP18304
MS18003_CGGACACCAAGAAAGG,0.8988501,-4.8173594,pancreatic ductal cell,HP18304
MS18003_TTGCCGTAGCTCCTCT,0.9481153,7.1518917,type B pancreatic cell,HP18304
MS18003_GGGCATCCAGCTGGCT,-6.1217623,-3.567784,pancreatic acinar cell,HP18304
MS18003_TGGGCGTAGTGCCATT,2.7195375,21.147362,pancreatic A cell,HP18304
MS18003_CACACTCCACGAAACG,3.5475845,22.094002,pancreatic A cell,HP18304
MS18003_GAGGTGACACTCTGTC,-3.8665516,-2.6707902,pancreatic acinar cell,HP18304
MS18003_CATCGAACAGGTGCCT,1.1290867,6.690969,type B pancreatic cell,HP18304
MS18003_ATAAGAGTCACAAACC,2.5062153,-4.5438304,pancreatic ductal cell,HP18304
MS18003_GTCAAGTCACTGAAGG,3.4883435,21.666967,pancreatic A cell,HP18304
MS18003_TCGAGGCAGATCCGAG,2.426315,-4.109125,pancreatic ductal cell,HP18304
MS18003_CGGGTCACATAAAGGT,-2.23674,6.2270646,type B pancreatic cell,HP18304
MS18003_TCTTTCCAGTACGTTC,10.131542,8.518525,pancreatic PP cell,HP18304
MS18003_CGTCACTTCTCTAGGA,3.2754009,6.883834,type B pancreatic cell,HP18304
MS18003_TGCGTGGTCGTGGACC,4.26716,21.319986,pancreatic A cell,HP18304
MS18003_GAGTCCGCAGAAGCAC,-6.122236,-3.9740224,pancreatic acinar cell,HP18304
MS18003_TTCTTAGGTAATCACC,2.7978868,19.485575,pancreatic A cell,HP18304
MS18003_CTGCGGATCTTCGAGA,-4.819777,-2.6838274,pancreatic acinar cell,HP18304
MS18003_TGAGGGATCACTATTC,1.1341101,-5.0129557,pancreatic ductal cell,HP18304
MS18003_TACACGACATTAACCG,-0.45677057,-6.1692877,pancreatic ductal cell,HP18304
MS18003_TCTATTGGTGCAGGTA,-5.4381638,2.6145504,pancreatic D cell,HP18304
MS18003_CCGTGGAAGACCTAGG,0.031320922,6.9800005,type B pancreatic cell,HP18304
MS18003_TACGGATCAGGAATGC,0.8382201,7.4275613,type B pancreatic cell,HP18304
MS18003_TGTCCCACAGCTGTTA,2.0051744,-4.489111,pancreatic ductal cell,HP18304
MS18003_AGCTCCTTCTGACCTC,1.1694939,-5.298998,pancreatic ductal cell,HP18304
MS18003_GACGTTAAGGATGGAA,5.473328,19.702345,pancreatic A cell,HP18304
MS18003_CTACATTGTAGCGATG,3.0766616,4.6067934,type B pancreatic cell,HP18304
MS18003_GGGTTGCTCTGCAGTA,2.1169806,-6.1139293,pancreatic ductal cell,HP18304
MS18003_ATTGGTGGTCTCTCTG,0.39191395,-6.2068844,pancreatic ductal cell,HP18304
MS18003_TCTCATACATTTCACT,3.1834207,-4.5249443,pancreatic ductal cell,HP18304
MS18003_GAATAAGAGCTAAACA,-1.5397706,7.4480886,type B pancreatic cell,HP18304
MS18003_TACACGATCATGCAAC,0.882096,-4.969354,pancreatic ductal cell,HP18304
MS18003_GGCCGATAGTCGAGTG,-1.6468885,6.2277703,type B pancreatic cell,HP18304
MS18003_TGAGCATCATTCCTCG,2.5247507,-4.9762173,pancreatic ductal cell,HP18304
MS18003_TGACAACTCCAAATGC,1.3820674,-4.9567356,pancreatic ductal cell,HP18304
MS18003_AAGGTTCTCACTCTTA,-1.4735726,-4.333411,pancreatic ductal cell,HP18304
MS18003_ACTTACTCAAGTCTAC,0.7748752,-4.820922,pancreatic ductal cell,HP18304
MS18003_CGTCTACCAAGGTTCT,-4.971719,-3.374877,leukocyte,HP18304
MS18003_CAGCTGGCAGGGCATA,3.3133798,22.622969,pancreatic A cell,HP18304
MS18003_TGGTTCCTCCGTAGGC,0.87841505,3.8253822,type B pancreatic cell,HP18304
MS18003_GTTCTCGAGTGTCCAT,1.3049324,18.872757,pancreatic A cell,HP18304
MS18003_CCCAATCTCATCGATG,-5.987084,-4.3122735,pancreatic acinar cell,HP18304
MS18003_TAAGAGACAAGCGAGT,-4.618663,-4.222499,pancreatic acinar cell,HP18304
MS18003_GGAGCAACAGTCCTTC,3.279393,-4.0914364,pancreatic ductal cell,HP18304
MS18003_CGCGTTTTCGAATGCT,2.1324816,-6.4475155,pancreatic ductal cell,HP18304
MS18003_CCGGGATCAGACGCTC,3.737653,21.176418,pancreatic A cell,HP18304
MS18003_CTCCTAGTCTTCTGGC,-2.2281353,8.404553,type B pancreatic cell,HP18304
MS18003_TGAGCATGTACAGTTC,2.4442387,-5.474567,pancreatic ductal cell,HP18304
MS18003_TTAGTTCAGTAGTGCG,4.3128877,21.374826,pancreatic A cell,HP18304
MS18003_ACGGCCACAACTTGAC,10.243955,8.289524,pancreatic PP cell,HP18304
MS18003_CATCAGATCAGGCCCA,1.9100873,-6.1928425,pancreatic ductal cell,HP18304
MS18003_GACTACACACAGGAGT,-0.56799006,6.2302847,type B pancreatic cell,HP18304
MS18003_CACACCTTCGGCTTGG,10.497034,8.835117,pancreatic PP cell,HP18304
MS18003_ACTGAGTCACAAGTAA,5.4538884,18.977486,pancreatic A cell,HP18304
MS18003_AAAGATGAGCTACCGC,-2.3557272,8.430412,type B pancreatic cell,HP18304
MS18003_ACACTGAAGGTGACCA,10.300093,8.0732,pancreatic PP cell,HP18304
MS18003_GTTACAGAGCCAGTAG,-0.40091,7.818992,type B pancreatic cell,HP18304
MS18003_CAACCAATCAAACAAG,2.8566806,-4.618692,pancreatic ductal cell,HP18304
MS18003_GGAATAAAGCTGATAA,1.1355965,-5.887413,pancreatic ductal cell,HP18304
MS18003_ACGGGCTAGCTACCGC,4.5962434,18.59832,pancreatic A cell,HP18304
MS18003_TCGCGTTTCAACACTG,9.952886,8.621343,pancreatic PP cell,HP18304
MS18003_GGCTGGTCAAGCGTAG,3.3702986,-4.0668583,pancreatic ductal cell,HP18304
MS18003_AGACGTTCATTTCACT,1.5562286,3.9565907,type B pancreatic cell,HP18304
MS18003_CACATAGGTATTAGCC,2.916001,-4.529652,pancreatic ductal cell,HP18304
MS18003_CGATGGCGTCTTGATG,1.3027039,-4.8761353,pancreatic ductal cell,HP18304
MS18003_ATCATCTGTACTCAAC,2.8682926,-4.467278,pancreatic ductal cell,HP18304
MS18003_GTATTCTAGTATCGAA,1.6833285,-5.5798483,pancreatic ductal cell,HP18304
MS18003_TCCACACTCTGCTGTC,1.8222532,20.95787,pancreatic A cell,HP18304
MS18003_TGGGCGTGTTTCGCTC,-10.512635,-1.0388262,leukocyte,HP18304
MS18003_CGTCACTGTATTCTCT,-3.655077,-2.8101087,pancreatic acinar cell,HP18304
MS18003_CGTGTAACAAGCCCAC,-0.34495977,-4.12408,pancreatic ductal cell,HP18304
MS18003_GATGCTAAGCATCATC,0.5150662,-5.343872,pancreatic ductal cell,HP18304
MS18003_CATTATCTCACGCATA,0.3759298,-5.276251,pancreatic ductal cell,HP18304
MS18003_GCTCCTACACACTGCG,4.814785,19.63846,pancreatic A cell,HP18304
MS18003_CCTTCGAAGTCTCCTC,-0.4351951,-6.026414,pancreatic ductal cell,HP18304
MS18003_CATCAAGAGGTGCACA,2.428573,-4.984606,pancreatic ductal cell,HP18304
MS18003_TACTCGCGTAGCCTAT,-6.154075,-3.6890109,pancreatic acinar cell,HP18304
MS18003_GTACTTTCAAAGCGGT,1.0409468,3.110365,type B pancreatic cell,HP18304
MS18003_GATTCAGTCATAAAGG,0.97781736,6.5632634,type B pancreatic cell,HP18304
MS18003_GCCTCTACAGGGCATA,3.1235683,-4.922273,pancreatic ductal cell,HP18304
MS18003_AAATGCCGTACCATCA,1.9623796,-4.679952,pancreatic ductal cell,HP18304
MS18003_CTACGTCGTATAATGG,-6.2303953,-4.103919,pancreatic acinar cell,HP18304
MS18003_CGTAGGCAGGTACTCT,3.8939035,20.023796,pancreatic A cell,HP18304
MS18003_TTAGGCATCATTCACT,2.5541935,20.348824,pancreatic A cell,HP18304
MS18003_CTCTAATTCCAAACAC,2.217402,20.55766,pancreatic A cell,HP18304
MS18003_CGTCACTAGTGGGTTG,0.77130026,6.2021008,type B pancreatic cell,HP18304
MS18003_CCGTGGAAGGGATACC,-1.9068196,5.8422027,type B pancreatic cell,HP18304
MS18003_AGAGTGGGTCAAAGCG,-4.80715,-2.3900902,pancreatic acinar cell,HP18304
MS18003_GCGCAACTCACAACGT,-1.8590865,8.408369,type B pancreatic cell,HP18304
MS18003_GCAATCATCGGATGTT,-4.6106014,-2.3806868,pancreatic acinar cell,HP18304
MS18003_GGACAGAAGCAATATG,-0.24503718,7.9535127,type B pancreatic cell,HP18304
MS18003_GCTCCTACAAACCCAT,-5.0314217,-2.9568899,pancreatic acinar cell,HP18304
MS18003_TCGAGGCGTCACCTAA,0.6050511,6.597355,type B pancreatic cell,HP18304
MS18003_CGGCTAGGTCGCATCG,2.6206722,-4.914645,pancreatic ductal cell,HP18304
MS18003_ACGGAGATCAACCATG,-4.8553867,-3.7508662,pancreatic acinar cell,HP18304
MS18003_GGTGTTAGTCAGTGGA,-1.6729279,7.6795354,type B pancreatic cell,HP18304
MS18003_GCAGTTATCCGGGTGT,-4.2117996,4.032696,pancreatic D cell,HP18304
MS18003_GGAACTTGTCAACTGT,-5.625833,-2.4195485,pancreatic acinar cell,HP18304
MS18003_TGAGCCGGTACGACCC,-0.31513402,8.150349,type B pancreatic cell,HP18304
MS18003_ACCAGTACAAATACAG,-3.9329937,-3.4533203,pancreatic acinar cell,HP18304
MS18003_CTAGTGAAGAACAATC,10.356466,8.060011,pancreatic PP cell,HP18304
MS18003_ACACTGATCTTTACGT,1.1321275,-5.326953,pancreatic ductal cell,HP18304
MS18003_TCGTAGAGTATCTGCA,-4.7643166,-2.4208555,pancreatic acinar cell,HP18304
MS18003_TCGAGGCGTGCGAAAC,5.401816,17.082876,pancreatic A cell,HP18304
MS18003_ACATGGTGTCGGATCC,2.379481,-4.956939,pancreatic ductal cell,HP18304
MS18003_CTGAAACTCTCAAGTG,0.4086289,-4.802722,pancreatic ductal cell,HP18304
MS18003_CAAGTTGTCGCTAGCG,3.247825,20.968561,pancreatic A cell,HP18304
MS18003_ATCCGAAGTCGCATAT,-4.2939377,3.684855,pancreatic D cell,HP18304
MS18003_CGCGGTACACATAACC,-1.5962019,7.238578,type B pancreatic cell,HP18304
MS18003_GGCCGATTCGGATGGA,1.6467922,-4.7640133,pancreatic ductal cell,HP18304
MS18003_TCGAGGCTCATGTAGC,0.833211,-5.889638,pancreatic ductal cell,HP18304
MS18003_GCCTCTAAGACACTAA,5.2718835,19.222431,pancreatic A cell,HP18304
MS18003_CGGACACCAGTATGCT,5.1815066,18.519258,pancreatic A cell,HP18304
MS18003_AAAGTAGTCTATCCCG,-4.7139473,-2.6454198,pancreatic acinar cell,HP18304
MS18003_TCGTACCTCGTCCAGG,4.182817,19.07519,pancreatic A cell,HP18304
MS18003_CTGCCTATCAGGCAAG,11.402982,-1.4343191,pancreatic stellate cell,HP18304
MS18003_GCATGTATCTCCAGGG,-2.1064456,7.029342,type B pancreatic cell,HP18304
MS18003_ACTATCTCAAAGAATC,-1.7259058,5.4324703,type B pancreatic cell,HP18304
MS18003_TGGTTAGTCCGCAGTG,-4.215799,3.3393874,pancreatic D cell,HP18304
MS18003_TTAGGACTCCTTGACC,-5.314325,-3.469316,pancreatic acinar cell,HP18304
MS18003_CGCTTCATCCGCTGTT,2.1436882,-6.092394,pancreatic ductal cell,HP18304
MS18003_GTACTCCAGACAAAGG,0.8947769,-5.452663,pancreatic ductal cell,HP18304
MS18003_GTGCAGCAGGACATTA,1.3992648,-5.089389,pancreatic ductal cell,HP18304
MS18003_CTCGTCATCGGAAATA,-0.5638851,5.635603,type B pancreatic cell,HP18304
MS18003_TACACGAGTAGTACCT,5.4797034,19.570793,pancreatic A cell,HP18304
MS18003_TGGGCGTTCATGCTCC,1.8395793,-4.3868937,pancreatic ductal cell,HP18304
MS18003_CAGCTGGAGGATGTAT,5.280153,19.51878,pancreatic A cell,HP18304
MS18003_AGCTCCTAGCTTATCG,2.941751,-4.52909,pancreatic ductal cell,HP18304
MS18003_CGCGGTACATCAGTAC,-4.408145,2.6383336,pancreatic D cell,HP18304
MS18003_AGCGTCGAGGACAGAA,2.2420151,-4.898341,pancreatic ductal cell,HP18304
MS18003_CCGGTAGAGTTATCGC,2.4573798,-4.2153993,pancreatic ductal cell,HP18304
MS18003_CTCTGGTAGTCGATAA,-0.33909178,7.2546196,type B pancreatic cell,HP18304
MS18003_TGCCCTAGTGGGTCAA,1.9071428,-4.5884466,pancreatic ductal cell,HP18304
MS18003_AAGCCGCAGGGCACTA,-3.5825148,-3.1354907,pancreatic acinar cell,HP18304
MS18003_CGCTGGACAGGGTATG,2.9157917,-4.739279,pancreatic ductal cell,HP18304
MS18003_CGATTGAGTGAGGGAG,-5.289636,-3.373641,pancreatic acinar cell,HP18304
MS18003_TGCCAAACACGGCGTT,0.6408936,8.596809,type B pancreatic cell,HP18304
MS18003_AATCGGTCACATTCGA,0.64349866,-5.208218,pancreatic ductal cell,HP18304
MS18003_ATTCTACAGTTATCGC,-4.8268437,3.7748637,pancreatic D cell,HP18304
MS18003_ACACCAATCACAGTAC,-1.83946,7.310079,type B pancreatic cell,HP18304
MS18003_TAGACCAGTGTGAATA,3.772951,22.17377,pancreatic A cell,HP18304
MS18003_ATCTACTGTAGAGCTG,-0.086761184,5.0265255,type B pancreatic cell,HP18304
MS18003_ATGAGGGCACGGACAA,2.7114182,-4.463918,pancreatic ductal cell,HP18304
MS18003_CGACCTTCAAATCCGT,2.4617386,18.955343,pancreatic A cell,HP18304
MS18003_CCACGGAAGTCTCAAC,10.050234,8.389859,pancreatic PP cell,HP18304
MS18003_GCACATATCGTCCAGG,-5.271815,3.5752885,pancreatic D cell,HP18304
MS18003_TATCTCAGTAACGTTC,-4.654792,-2.895199,pancreatic acinar cell,HP18304
MS18003_CCTTACGTCACGACTA,3.3735259,-4.27679,pancreatic ductal cell,HP18304
MS18003_TGCTGCTGTCTCCCTA,0.00199815,8.596846,type B pancreatic cell,HP18304
MS18003_CCTTTCTCAGCCTGTG,13.913025,2.6719613,endothelial cell,HP18304
MS18003_AGGCCACTCGGCTACG,-1.1440707,-6.1180825,pancreatic ductal cell,HP18304
MS18003_GCTGCTTCAGTGGAGT,1.3840915,20.449146,pancreatic A cell,HP18304
MS18003_CGGACTGTCAGCTCGG,3.8367794,19.11604,pancreatic A cell,HP18304
MS18003_GACTGCGCAGTTTACG,-6.069718,-4.109049,pancreatic acinar cell,HP18304
MS18003_CTAGCCTCAGGAATGC,-4.9729686,-4.0079317,pancreatic acinar cell,HP18304
MS18003_GGGATGATCTTGAGGT,0.9673306,-5.701085,pancreatic ductal cell,HP18304
MS18003_GCTCCTACAGACAAGC,-4.870533,-4.2879047,pancreatic acinar cell,HP18304
MS18003_GGGACCTCACGACTCG,-4.2398477,-2.547872,pancreatic acinar cell,HP18304
MS18003_AGTCTTTTCCATGAAC,-1.1644833,7.695039,type B pancreatic cell,HP18304
MS18003_CTCGAAATCTCAAGTG,2.14029,3.9268665,type B pancreatic cell,HP18304
MS18003_TCGTACCCAGTACACT,3.967398,20.808899,pancreatic A cell,HP18304
MS18003_TGTTCCGAGAGGTAGA,2.3905823,-5.235143,pancreatic ductal cell,HP18304
MS18003_ACCTTTAGTAAATACG,-1.0340368,7.330269,type B pancreatic cell,HP18304
MS18003_AGATTGCTCCGCATAA,2.037721,-6.291835,pancreatic ductal cell,HP18304
MS18003_TCAGGTATCTGAGGGA,2.4449434,-4.0726724,pancreatic ductal cell,HP18304
MS18003_TTAGTTCTCGCAAACT,10.331023,8.642511,pancreatic PP cell,HP18304
MS18003_CAGCCGAGTCTAGAGG,4.442652,18.289225,pancreatic A cell,HP18304
MS18003_CGATGGCTCGGTTCGG,2.403274,-5.1543016,pancreatic ductal cell,HP18304
MS18003_ATCCGAATCGCCTGAG,-6.2251396,-3.7502866,pancreatic acinar cell,HP18304
MS18003_GGGCATCGTCACCCAG,-10.68735,-0.7651458,leukocyte,HP18304
MS18003_GAAATGACAGCTGTGC,-3.7389905,3.2877145,pancreatic D cell,HP18304
MS18003_GGGAGATCATGAGCGA,0.74374574,8.178137,type B pancreatic cell,HP18304
MS18003_CAGCTAATCAGTTAGC,-6.073921,-4.078524,pancreatic acinar cell,HP18304
MS18003_TCGTAGATCATGTGGT,-4.5182567,2.4790273,pancreatic D cell,HP18304
MS18003_TCCCGATTCCTAGTGA,3.346978,-4.3280487,pancreatic ductal cell,HP18304
MS18003_CACCACTAGACTTTCG,2.6339405,16.957737,pancreatic A cell,HP18304
MS18003_GATGAGGGTGATGCCC,0.19713733,-6.3263984,pancreatic ductal cell,HP18304
MS18003_GGACAAGGTTCCGTCT,-1.5909357,6.907719,type B pancreatic cell,HP18304
MS18003_AGACGTTCAGAGCCAA,5.8373775,15.982496,pancreatic A cell,HP18304
MS18003_CCGGTAGCACACCGCA,3.1677153,-4.1813173,pancreatic ductal cell,HP18304
MS18003_ATAGACCCACTGCCAG,-5.314767,-3.5261943,pancreatic acinar cell,HP18304
MS18003_TGACTTTTCGGAAACG,4.7753577,20.541365,pancreatic A cell,HP18304
MS18003_ATTTCTGTCCACGACG,-1.3175688,-4.460573,pancreatic ductal cell,HP18304
MS18003_CAGCATATCTAACTCT,-4.3984437,-2.6997612,pancreatic acinar cell,HP18304
MS18003_CGAGAAGAGAGCTGCA,-4.564003,-2.9073033,pancreatic acinar cell,HP18304
MS18003_ACGGAGAGTTATGTGC,1.8483363,-4.4399714,pancreatic ductal cell,HP18304
MS18003_GTCTTCGAGGTGTTAA,0.35534146,-4.3257732,pancreatic ductal cell,HP18304
MS18003_CTCTGGTAGACTAAGT,2.8163514,-4.7574883,pancreatic ductal cell,HP18304
MS18003_TCGGGACCACCATCCT,-4.032752,-3.2670505,pancreatic acinar cell,HP18304
MS18003_AGGTCATTCCCTAACC,4.177082,17.22015,pancreatic A cell,HP18304
MS18003_GGCTCGAAGAAACCGC,4.1045284,21.105831,pancreatic A cell,HP18304
MS18003_TGACTTTGTAGCGATG,-4.0551424,3.5598414,pancreatic D cell,HP18304
MS18003_GACGCGTCAGATCGGA,11.413209,-1.3228638,pancreatic stellate cell,HP18304
MS18003_TGCGCAGAGATGTTAG,-5.4769077,-3.2013357,pancreatic acinar cell,HP18304
MS18003_GGTGTTAAGGCCCTTG,-1.1208683,5.265365,type B pancreatic cell,HP18304
MS18003_CTGCTGTGTTACCAGT,9.923062,8.654984,pancreatic PP cell,HP18304
MS18003_CAAGTTGTCGCGTAGC,4.7625866,20.186596,pancreatic A cell,HP18304
MS18003_TGCCCATGTCAAAGCG,1.7559677,-4.571847,pancreatic ductal cell,HP18304
MS18003_GGGATGATCTCGCTTG,0.74458903,-5.5766654,pancreatic ductal cell,HP18304
MS18003_TTTGGTTTCCCTAACC,1.6799242,-5.190495,pancreatic ductal cell,HP18304
MS18003_TCAATCTAGGCTAGCA,-1.3040265,7.3800597,type B pancreatic cell,HP18304
MS18003_GCTGGGTGTGTGTGCC,3.6667342,22.56926,pancreatic A cell,HP18304
MS18003_TTAGTTCTCAATCACG,-5.0436277,-2.1906502,pancreatic acinar cell,HP18304
MS18003_AGAGCGAAGCTACCGC,1.0231901,-5.811395,pancreatic ductal cell,HP18304
MS18003_ACTGAACAGTCGTACT,-0.6173676,-5.835905,pancreatic ductal cell,HP18304
MS18003_TACTTGTAGTTAAGTG,4.9204755,19.232128,pancreatic A cell,HP18304
MS18003_AGCGGTCGTACTCTCC,1.1017445,8.455861,type B pancreatic cell,HP18304
MS18003_TGAGCCGTCTAACTTC,3.3349142,-4.1917276,pancreatic ductal cell,HP18304
MS18003_TATGCCCCACCACGTG,-4.8598504,-2.51142,pancreatic acinar cell,HP18304
MS18003_GACCAATCACCTGGTG,-0.66755545,8.230541,type B pancreatic cell,HP18304
MS18003_GACCAATCAATGGTCT,-10.399601,-1.008429,leukocyte,HP18304
MS18003_ACGATGTTCACGATGT,-1.077643,-6.0393524,pancreatic A cell,HP18304
MS18003_ACGGAGACATCGGAAG,0.80242413,19.379044,pancreatic A cell,HP18304
MS18003_GTCTCGTGTATGAAAC,3.422525,19.614054,pancreatic A cell,HP18304
MS18003_AGGGAGTCAAGTAGTA,-4.2050204,-3.4581766,pancreatic acinar cell,HP18304
MS18003_CAGCTAACAATCGAAA,1.7739781,-5.002377,pancreatic ductal cell,HP18304
MS18003_TACTCGCCAATGCCAT,11.629887,-1.7889572,pancreatic stellate cell,HP18304
MS18003_CCTTCGACAGCTCCGA,-4.664003,-2.5334048,pancreatic acinar cell,HP18304
MS18003_CCTATTATCACAGGCC,3.4484456,-4.256627,pancreatic ductal cell,HP18304
MS18003_AGCGGTCGTGCTCTTC,-3.9584258,3.3605356,pancreatic D cell,HP18304
MS18003_CGGACACAGCTGCGAA,10.398759,8.928289,pancreatic PP cell,HP18304
MS18003_CAGATCAGTCTAGGTT,-4.4337916,3.2487164,pancreatic D cell,HP18304
MS18003_GGAATAACACCAGGTC,-1.156585,-5.8994,pancreatic ductal cell,HP18304
MS18003_TTCGAAGTCTTGTATC,2.831693,21.257,pancreatic A cell,HP18304
MS18003_AAAGTAGTCTTTAGGG,-5.244879,-2.1563592,pancreatic acinar cell,HP18304
MS18003_CGTAGCGCAATGTAAG,-10.753106,-0.7868711,leukocyte,HP18304
MS18003_GTTCTCGGTCCGAACC,1.241677,-6.573831,pancreatic ductal cell,HP18304
MS18003_CATCAAGGTAGCTTGT,-0.0052573076,8.627304,type B pancreatic cell,HP18304
MS18003_CCATTCGAGCGTTCCG,3.295782,21.191832,pancreatic A cell,HP18304
MS18003_GAAGCAGTCATAAAGG,2.5753155,-4.8146996,pancreatic ductal cell,HP18304
MS18003_CGTGAGCGTCAATGTC,10.150392,8.294816,pancreatic PP cell,HP18304
MS18003_GCTTGAACACTTCTGC,4.768194,20.477533,pancreatic A cell,HP18304
MS18003_TCATTACTCGAGCCCA,-10.529402,-0.9385816,leukocyte,HP18304
MS18003_GTCACAAGTATATGGA,4.231483,21.360582,pancreatic A cell,HP18304
MS18003_TACCTATCACCTATCC,0.6911666,-5.634614,pancreatic ductal cell,HP18304
MS18003_GATGAAAAGTGTTTGC,-5.3918767,-4.0639434,pancreatic acinar cell,HP18304
MS18003_TCAGCAACAATCGAAA,-2.0282667,6.438758,type B pancreatic cell,HP18304
MS18003_CTAATGGCAGCAGTTT,-4.177548,-2.78391,pancreatic acinar cell,HP18304
MS18003_GTCCTCAAGCTAGTGG,0.9379123,-5.5556183,pancreatic ductal cell,HP18304
MS18003_AACACGTCAGCTGGCT,2.694561,-4.6134,pancreatic ductal cell,HP18304
MS18003_TGCGCAGCATCGGTTA,0.21761842,-6.036815,pancreatic ductal cell,HP18304
MS18003_TGACGGCAGATACACA,4.803534,17.676743,pancreatic A cell,HP18304
MS18003_TAAGAGACAAACCTAC,1.414897,-5.8496666,pancreatic ductal cell,HP18304
MS18003_ACGGGCTCAATAAGCA,2.6190803,-4.601625,pancreatic ductal cell,HP18304
MS18003_CGGAGCTTCATCGCTC,1.6765217,-5.3909273,pancreatic ductal cell,HP18304
MS18003_GAAACTCCACGGCCAT,2.6048777,-4.031014,pancreatic ductal cell,HP18304
MS18003_ATAGACCCACTCTGTC,2.6651728,-4.6574864,pancreatic ductal cell,HP18304
MS18003_GTGCGGTTCTTCGAGA,2.6919336,-4.352883,pancreatic ductal cell,HP18304
MS18003_GACTACATCTTGGGTA,1.6033078,-4.500074,pancreatic ductal cell,HP18304
MS18003_TGAGGGAGTTCCCGAG,4.4352784,19.942614,pancreatic A cell,HP18304
MS18003_CTCGTCAAGTGAACAT,0.55107635,7.5851192,type B pancreatic cell,HP18304
MS18003_CGGACACCACTGTTAG,1.9149414,-4.9241114,pancreatic ductal cell,HP18304
MS18003_CGGAGTCCATACAGCT,-5.30853,-3.68224,pancreatic acinar cell,HP18304
MS18003_TGAGCATGTTCCCGAG,-4.1245646,-3.8270779,pancreatic acinar cell,HP18304
MS18003_GGGATGACATCGGGTC,-5.0210743,-2.835065,pancreatic acinar cell,HP18304
MS18003_CATCGAACAATAAGCA,2.6801205,3.6008575,type B pancreatic cell,HP18304
MS18003_CCACTACGTAGCACGA,2.2796607,-5.38051,pancreatic ductal cell,HP18304
MS18003_CGATCGGTCTGCAAGT,2.7494938,-4.3561373,pancreatic ductal cell,HP18304
MS18003_AAACGGGGTCGGATCC,-4.202719,-2.936734,pancreatic acinar cell,HP18304
MS18003_CTCGTCAGTGCGAAAC,0.99434006,-5.6593657,pancreatic ductal cell,HP18304
MS18003_AGGTCCGGTCATGCCG,-4.943925,-2.4947073,pancreatic acinar cell,HP18304
MS18003_GCAGTTACATTAACCG,0.85168284,-5.2745543,pancreatic ductal cell,HP18304
MS18003_AAAGATGAGTTGAGAT,3.645838,5.9830728,type B pancreatic cell,HP18304
MS18003_CGCCAAGGTACGCTGC,4.351904,15.318369,pancreatic A cell,HP18304
MS18003_GGGAGATAGTGCGTGA,13.71476,2.7514164,endothelial cell,HP18304
MS18003_GGGACCTGTTATCGGT,-4.178629,-2.8379266,pancreatic acinar cell,HP18304
MS18003_TCTGGAACATGCCCGA,2.9614286,20.062487,pancreatic A cell,HP18304
MS18003_CGAGCACTCTCAACTT,-3.6713784,-3.806553,pancreatic acinar cell,HP18304
MS18003_CGGACACAGGTACTCT,5.064016,19.259981,pancreatic A cell,HP18304
MS18003_TTTATGCTCGCTGATA,10.496692,8.810673,pancreatic PP cell,HP18304
MS18003_GACACGCTCATCACCC,2.9437475,18.903082,pancreatic A cell,HP18304
MS18003_AGTCTTTAGCTTTGGT,-0.78537136,4.5113235,type B pancreatic cell,HP18304
MS18003_CATTCGCGTCCGAACC,-3.95027,3.2857,pancreatic D cell,HP18304
MS18003_CATATGGGTCAGAAGC,-1.214404,6.1593666,type B pancreatic cell,HP18304
MS18003_ATCTACTCACACCGCA,2.4577029,7.53794,type B pancreatic cell,HP18304
MS18003_CGACCTTGTAGAGTGC,-4.9151034,3.4834952,pancreatic D cell,HP18304
MS18003_TTTACTGCATCATCCC,-4.8004847,-4.1117477,pancreatic acinar cell,HP18304
MS18003_GAAGCAGGTTCGTCTC,0.8861193,-4.7885146,pancreatic ductal cell,HP18304
MS18003_GACTACAAGTCCGGTC,0.8412648,7.254692,type B pancreatic cell,HP18304
MS18003_CATGGCGTCTTCATGT,1.0899563,-5.811731,pancreatic ductal cell,HP18304
MS18003_AGGTCATGTTACGGAG,2.515881,-5.228583,pancreatic ductal cell,HP18304
MS18003_CTCTGGTTCTCGAGTA,-4.0368543,-3.6708534,pancreatic acinar cell,HP18304
MS18003_ATAAGAGTCTTACCTA,1.2857038,21.118122,pancreatic A cell,HP18304
MS18003_TTTGGTTGTCTGCCAG,-4.381025,-2.7184057,pancreatic acinar cell,HP18304
MS18003_CATGCCTGTGTTTGGT,-4.459437,-3.8571062,pancreatic acinar cell,HP18304
MS18003_CCCTCCTGTAAATACG,2.9497414,-4.9763618,pancreatic ductal cell,HP18304
MS18003_AAGCCGCAGACTTTCG,-5.2181535,-3.8949308,pancreatic acinar cell,HP18304
MS18003_TGAGAGGGTGGTTTCA,0.5150101,8.357279,type B pancreatic cell,HP18304
MS18003_GACGTGCTCTCGCTTG,0.81256884,7.5904427,type B pancreatic cell,HP18304
MS19004_TTTATGCTCTGAGATC,1.2386074,19.331009,pancreatic A cell,HP19047-01
MS19004_CTACATTGTGAATTGA,1.5927992,8.223324,type B pancreatic cell,HP19047-01
MS19006_Islet47_CTGCTCATCGTTCCTG,-1.374804,7.911324,type B pancreatic cell,HP19047-01
MS19007_Islet47_AGATCGTCACTAGTAC,1.8230498,20.847956,pancreatic A cell,HP19047-01
MS19006_Islet47_TCCGGGATCCAGCACG,-1.5146445,-5.7581067,pancreatic ductal cell,HP19047-01
MS19007_Islet47_CCACAAACAGTCAGCC,-2.6548452,8.698674,type B pancreatic cell,HP19047-01
MS19004_CTCCATGCACAAATGA,-1.7642981,9.293243,type B pancreatic cell,HP19047-01
MS19006_Islet47_GGTGGCTGTCCAGTTA,3.6782951,19.519657,pancreatic A cell,HP19047-01
MS19004_TATCCTACACCATTCC,0.86901695,18.453978,pancreatic A cell,HP19047-01
MS19004_TGAGCGCCACGGGCTT,3.3858142,18.574715,pancreatic A cell,HP19047-01
MS19004_CGGAGAACAGACGGAT,0.96044576,6.9526362,type B pancreatic cell,HP19047-01
MS19004_GAAGCGACAGGCGAAT,3.5183923,17.725916,pancreatic A cell,HP19047-01
MS19006_Islet47_CTTCTCTCACTGAGTT,0.07095963,6.0674634,type B pancreatic cell,HP19047-01
MS19006_Islet47_ATCAGGTTCGTCTCAC,0.45984358,19.932447,pancreatic A cell,HP19047-01
MS19006_Islet47_CCAAGCGAGGTCTGGA,1.3924764,8.273251,type B pancreatic cell,HP19047-01
MS19004_ACAACCAGTTCCGCTT,6.3231163,17.390423,pancreatic A cell,HP19047-01
MS19004_CATGCAACAATGCAGG,1.2987932,6.0351267,type B pancreatic cell,HP19047-01
MS19004_CATCGTCCAGCGACCT,4.2503076,17.963528,pancreatic A cell,HP19047-01
MS19004_CAATGACAGCCTTCTC,-0.022786524,6.39633,type B pancreatic cell,HP19047-01
MS19004_CCAATTTGTCGCCACA,0.9798873,6.0757184,type B pancreatic cell,HP19047-01
MS19004_TTGGGATGTACCTAGT,0.3651947,8.411286,type B pancreatic cell,HP19047-01
MS19006_Islet47_CCGGACACAATACGAA,-5.016893,3.2125885,pancreatic D cell,HP19047-01
MS19007_Islet47_TCATATCGTTGGGAAC,1.3699464,7.105845,type B pancreatic cell,HP19047-01
MS19004_CCGTTCACACGAGAAC,-0.8489928,6.920551,type B pancreatic cell,HP19047-01
MS19004_TCAAGTGTCTCGGTCT,12.901431,-2.2941468,pancreatic stellate cell,HP19047-01
MS19004_CGATGGCGTACTAGCT,3.4817011,19.732296,pancreatic A cell,HP19047-01
MS19004_GTTCGCTGTAGAATGT,-0.14137872,6.734284,type B pancreatic cell,HP19047-01
MS19006_Islet47_TGGAGGAAGATTGTGA,3.8350868,20.177246,pancreatic A cell,HP19047-01
MS19006_Islet47_AATGCCAGTCTTCGAA,-0.71858126,8.434418,type B pancreatic cell,HP19047-01
MS19004_AAGTTCGGTCTACAGT,-2.6037254,6.46621,type B pancreatic cell,HP19047-01
MS19004_ATCGATGGTACGAAAT,13.031831,2.8540692,endothelial cell,HP19047-01
MS19004_GACTATGTCGCTATTT,12.422958,-2.450251,pancreatic stellate cell,HP19047-01
MS19007_Islet47_GGAGATGAGCCACAAG,-5.053647,3.8388383,pancreatic D cell,HP19047-01
MS19006_Islet47_AGAGAGCCACAGTGAG,-0.310323,6.948222,type B pancreatic cell,HP19047-01
MS19007_Islet47_ACAGGGATCTTACGTT,-2.306538,7.8922486,type B pancreatic cell,HP19047-01
MS19007_Islet47_GGTCACGCATAGTCAC,-4.4804587,3.969088,pancreatic D cell,HP19047-01
MS19007_Islet47_TTCCTTCTCAGGACAG,3.5285625,6.893182,type B pancreatic cell,HP19047-01
MS19007_Islet47_GACCCTTAGTGGAAGA,0.48353142,7.9237556,type B pancreatic cell,HP19047-01
MS19007_Islet47_TCAGCAACACTACGGC,2.0253623,18.098307,pancreatic A cell,HP19047-01
MS19007_Islet47_ACGGTCGGTGATTCTG,-4.9431667,3.943977,pancreatic D cell,HP19047-01
MS19004_GTAGGAGTCTCCCTAG,1.0977981,20.92749,pancreatic A cell,HP19047-01
MS19007_Islet47_CTCCATGCAAGATTGA,2.8109756,17.700325,pancreatic A cell,HP19047-01
MS19006_Islet47_GTGCACGCATACCATG,1.4582962,6.229131,type B pancreatic cell,HP19047-01
MS19004_CTCAGAAAGTACAACA,1.263527,6.0171857,type B pancreatic cell,HP19047-01
MS19007_Islet47_TGTGATGGTGCTAGCC,1.2581527,9.195907,type B pancreatic cell,HP19047-01
MS19004_AGGTAGGCACCAGACC,2.7735672,19.466078,pancreatic A cell,HP19047-01
MS19006_Islet47_GGGTTTAAGGCCTGAA,1.2456989,7.9072385,type B pancreatic cell,HP19047-01
MS19004_TCAAGCAGTCCTGTCT,2.3221655,-6.198308,pancreatic ductal cell,HP19047-01
MS19007_Islet47_TTGCCTGAGAAGTCTA,0.8058813,5.0560484,type B pancreatic cell,HP19047-01
MS19006_Islet47_CACTTCGCAGCTGTTA,2.3149066,20.826698,pancreatic A cell,HP19047-01
MS19004_TTAGGCACAAGCACCC,3.0478232,6.2350793,type B pancreatic cell,HP19047-01
MS19004_GCTTTCGTCAACTGGT,2.2366648,20.153368,pancreatic A cell,HP19047-01
MS19004_AGGTTACGTTTCGCTC,0.46699443,8.098245,type B pancreatic cell,HP19047-01
MS19004_ATCGCCTCACGGCACT,-0.3650718,8.520841,type B pancreatic cell,HP19047-01
MS19007_Islet47_TTAATCCGTCTGTGAT,13.693961,3.322067,endothelial cell,HP19047-01
MS19007_Islet47_TAATCTCAGCACCCAC,1.130971,9.060466,type B pancreatic cell,HP19047-01
MS19007_Islet47_ACCTGTCAGGAATCGC,-2.0426645,8.332544,type B pancreatic cell,HP19047-01
MS19004_CAGCAATAGTCGTTAC,2.7726216,20.50814,pancreatic A cell,HP19047-01
MS19007_Islet47_TTCCAATGTATAGCTC,3.9246905,16.785868,pancreatic A cell,HP19047-01
MS19004_AAAGGATCATCATTTC,-4.644968,-2.1680117,pancreatic acinar cell,HP19047-01
MS19007_Islet47_GACCCTTCACTGCTTC,0.81662893,6.2792616,type B pancreatic cell,HP19047-01
MS19004_GTCCTCAAGGGAGTGG,1.940122,20.766376,pancreatic A cell,HP19047-01
MS19007_Islet47_CACGTTCAGTGCTAGG,-0.084079385,8.488915,type B pancreatic cell,HP19047-01
MS19007_Islet47_AGCTACAAGGCACTCC,0.8182691,17.502897,pancreatic A cell,HP19047-01
MS19007_Islet47_GAGATGGGTCACGTGC,0.36433765,5.9513297,type B pancreatic cell,HP19047-01
MS19004_GTTAGACCAGACCTAT,0.15019633,19.284575,pancreatic A cell,HP19047-01
MS19006_Islet47_GATCAGTCACAACATC,0.7238357,8.042763,type B pancreatic cell,HP19047-01
MS19004_TGTTGAGAGGGCGAGA,2.4591854,8.40923,type B pancreatic cell,HP19047-01
MS19007_Islet47_CTGTAGAGTCTCCTGT,2.7382755,6.0647793,type B pancreatic cell,HP19047-01
MS19007_Islet47_CCTGCATAGTTTCAGC,2.6443026,18.240572,pancreatic A cell,HP19047-01
MS19004_TACAACGAGCCAGACA,1.0893853,8.719176,type B pancreatic cell,HP19047-01
MS19006_Islet47_CACTGAACACACCGAC,3.4792645,18.80743,pancreatic A cell,HP19047-01
MS19004_TCAATCTGTGCTCTCT,3.1844153,8.448389,type B pancreatic cell,HP19047-01
MS19004_CGTAAGTTCTGCATGA,0.5721499,7.592536,type B pancreatic cell,HP19047-01
MS19004_GGTCACGTCGCTACAA,0.5460752,7.705889,type B pancreatic cell,HP19047-01
MS19004_TACTTCATCACCATCC,2.3468838,18.487644,pancreatic A cell,HP19047-01
MS19007_Islet47_ATTCCCGGTACCGCGT,2.4711583,18.79622,pancreatic A cell,HP19047-01
MS19007_Islet47_TTCATTGCAAACGTGG,-5.0201135,3.2247508,pancreatic D cell,HP19047-01
MS19006_Islet47_AATTTCCAGCGAGGAG,3.9362187,16.60575,pancreatic A cell,HP19047-01
MS19004_GTGTTAGCACGCGTCA,9.891778,8.711443,pancreatic PP cell,HP19047-01
MS19007_Islet47_CTCATCGAGACTACGG,2.6074717,7.4135365,type B pancreatic cell,HP19047-01
MS19006_Islet47_TCGGGCACATGTCAGT,3.7538505,19.886457,pancreatic A cell,HP19047-01
MS19007_Islet47_ACAAAGACATGGGTTT,0.81599534,6.8196206,type B pancreatic cell,HP19047-01
MS19004_ATGGAGGGTAGATCGG,2.0833588,20.196589,pancreatic A cell,HP19047-01
MS19007_Islet47_TGACTCCCAGCTGTTA,1.6318122,8.95464,type B pancreatic cell,HP19047-01
MS19004_CCCTCTCTCTCATTTG,-3.588127,5.255385,pancreatic D cell,HP19047-01
MS19004_TGATGGTAGGACTTCT,13.792218,2.6386707,endothelial cell,HP19047-01
MS19004_CTCAGAACAAATGCTC,1.5286698,6.5114427,type B pancreatic cell,HP19047-01
MS19004_TAACCAGTCTCCGAAA,-4.892748,4.355863,pancreatic D cell,HP19047-01
MS19006_Islet47_TGGTAGTAGCGATGCA,-0.7216963,6.790828,type B pancreatic cell,HP19047-01
MS19006_Islet47_CTGTGAATCACAAGGG,10.045058,8.492405,pancreatic PP cell,HP19047-01
MS19006_Islet47_TGCAGTATCCCTCTTT,2.060526,17.110502,pancreatic A cell,HP19047-01
MS19004_CTACGGGAGCATCAAA,0.848427,19.286594,pancreatic A cell,HP19047-01
MS19004_AGTCATGGTTACCCAA,-4.767072,3.6206086,pancreatic D cell,HP19047-01
MS19004_TGCTTGCGTCCCTGTT,3.5025349,-5.333355,pancreatic ductal cell,HP19047-01
MS19004_GGCAGTCGTAGCGCCT,1.6906476,18.444347,pancreatic A cell,HP19047-01
MS19007_Islet47_GTTTACTCACATGGTT,-1.8195577,8.184211,type B pancreatic cell,HP19047-01
MS19006_Islet47_CATGAGTAGCGTGTCC,1.4103796,19.955208,pancreatic A cell,HP19047-01
MS19004_GCACTAAAGAGGCGTT,-2.107299,8.641162,type B pancreatic cell,HP19047-01
MS19004_GCGATCGCACCCTGTT,1.2736278,9.376677,type B pancreatic cell,HP19047-01
MS19004_CACTTCGCAGACCTAT,2.179393,6.792812,type B pancreatic cell,HP19047-01
MS19004_CGCCAGATCATCCCGT,2.659497,6.2504807,type B pancreatic cell,HP19047-01
MS19006_Islet47_TCAAGCACAAGTGTCT,-2.5964546,5.976584,type B pancreatic cell,HP19047-01
MS19007_Islet47_GCAACCGTCCTTCACG,12.901835,2.933852,endothelial cell,HP19047-01
MS19006_Islet47_CTCAGGGCATTGCTTT,2.822076,18.179823,pancreatic A cell,HP19047-01
MS19006_Islet47_GGGCTCAAGTAGTGCG,2.1727672,7.351006,type B pancreatic cell,HP19047-01
MS19006_Islet47_CAAGGGATCGACCATA,0.22741264,5.5211368,type B pancreatic cell,HP19047-01
MS19007_Islet47_TGAACGTGTTCAAGTC,-4.811576,3.0814843,pancreatic D cell,HP19047-01
MS19004_CTCAATTTCTGCGAGC,2.085567,17.244085,pancreatic A cell,HP19047-01
MS19007_Islet47_AGGACGAGTTAGAGTA,-1.1516863,8.453099,type B pancreatic cell,HP19047-01
MS19007_Islet47_AACGAAAAGAGTTGCG,0.5550623,18.38426,pancreatic A cell,HP19047-01
MS19004_TCTGGCTAGACATCCT,4.6244416,17.708004,pancreatic A cell,HP19047-01
MS19007_Islet47_CTGGACGGTTCTCCCA,-1.1156298,6.633875,type B pancreatic cell,HP19047-01
MS19007_Islet47_CTGTACCTCTCCAAGA,-0.9556078,5.986162,type B pancreatic cell,HP19047-01
MS19004_ATCGATGCAACACAGG,3.268901,18.973011,pancreatic A cell,HP19047-01
MS19004_GTAGGTTAGAATCCCT,13.749923,2.6151369,endothelial cell,HP19047-01
MS19004_ACGGAAGTCGCTTGAA,4.637149,18.934944,pancreatic A cell,HP19047-01
MS19007_Islet47_CATACTTGTCCAAGAG,0.8622949,5.8387275,type B pancreatic cell,HP19047-01
MS19006_Islet47_CTCCCAATCCAAGAGG,0.93414825,6.198985,type B pancreatic cell,HP19047-01
MS19007_Islet47_TCTATCAGTAACCCTA,2.8359385,17.969084,pancreatic A cell,HP19047-01
MS19007_Islet47_AACAAGAAGGTACAAT,-2.955028,5.607407,type B pancreatic cell,HP19047-01
MS19006_Islet47_CACAGATGTCATAGTC,2.2526665,16.05599,pancreatic A cell,HP19047-01
MS19007_Islet47_ACCATTTCATGTTCGA,3.066668,17.752808,pancreatic A cell,HP19047-01
MS19004_AACGAAAGTGAGGAAA,1.5753152,8.724137,type B pancreatic cell,HP19047-01
MS19006_Islet47_TCATTACCACCTTCGT,-2.1354237,8.110005,type B pancreatic cell,HP19047-01
MS19004_CAAGACTAGGTTCTAC,1.8983976,7.391912,type B pancreatic cell,HP19047-01
MS19007_Islet47_TACACCCCAAGACTGG,9.966832,8.874076,pancreatic PP cell,HP19047-01
MS19004_TAATCTCGTTGTCAGT,-0.5560101,7.3500323,type B pancreatic cell,HP19047-01
MS19004_CAATACGCAACCGACC,0.2825951,18.582537,pancreatic A cell,HP19047-01
MS19007_Islet47_GGAGCAACAAAGCTCT,0.2422185,6.4176846,type B pancreatic cell,HP19047-01
MS19007_Islet47_ATATCCTCAATACGAA,-1.7812777,7.418853,type B pancreatic cell,HP19047-01
MS19006_Islet47_TTACCGCCATATGGCT,9.884083,8.7005625,pancreatic PP cell,HP19047-01
MS19006_Islet47_AGCCAATAGTCATGCT,-5.5922575,-3.385253,pancreatic acinar cell,HP19047-01
MS19004_GACAGCCTCAACTGAC,0.025205221,17.992594,pancreatic A cell,HP19047-01
MS19007_Islet47_CCTACGTGTCTCGCGA,0.47922325,8.009061,type B pancreatic cell,HP19047-01
MS19007_Islet47_GCCATGGTCTTCTGGC,2.8142092,18.37538,pancreatic A cell,HP19047-01
MS19004_ACTTTGTGTGTCCGTG,3.1294603,17.63517,pancreatic A cell,HP19047-01
MS19007_Islet47_GTCTGTCCAAGTTCGT,0.21806139,7.114965,type B pancreatic cell,HP19047-01
MS19004_ACGATCACATCGAACT,-0.9768102,5.948566,type B pancreatic cell,HP19047-01
MS19007_Islet47_GGAGGATTCCGCTTAC,-0.5813586,8.032362,type B pancreatic cell,HP19047-01
MS19004_TCAGTGAGTTCCCAAA,-4.921045,3.969607,pancreatic D cell,HP19047-01
MS19004_TCCATGCCAGACCAGA,2.2343829,8.404496,type B pancreatic cell,HP19047-01
MS19004_TACACCCGTATGAAAC,-1.9021094,7.5132947,type B pancreatic cell,HP19047-01
MS19007_Islet47_TCCCAGTCATCGATGT,2.516002,18.030588,pancreatic A cell,HP19047-01
MS19004_AACTTCTTCAAGGACG,4.4230304,18.065212,pancreatic A cell,HP19047-01
MS19004_ACATCGAAGTGAGTTA,2.7786112,7.625736,type B pancreatic cell,HP19047-01
MS19007_Islet47_TCATGCCTCGTGTGAT,1.6310213,17.162897,pancreatic A cell,HP19047-01
MS19007_Islet47_CTCAGAAGTCCACTCT,2.763711,18.412184,pancreatic A cell,HP19047-01
MS19004_GTTGCGGCACCACATA,2.9266982,18.481867,pancreatic A cell,HP19047-01
MS19004_CGTGCTTTCGTAGGGA,1.9865725,-5.725052,pancreatic ductal cell,HP19047-01
MS19007_Islet47_GAGGGTATCGCGTCGA,1.439235,6.849485,type B pancreatic cell,HP19047-01
MS19006_Islet47_GTCACTCCAAACACGG,1.2219319,8.290131,type B pancreatic cell,HP19047-01
MS19004_CTACCTGCATTATGCG,3.261607,18.914545,pancreatic A cell,HP19047-01
MS19007_Islet47_ATCCCTGAGTCACTGT,13.964686,2.770093,endothelial cell,HP19047-01
MS19004_AGCTTCCGTCTTGCTC,1.4881427,7.642492,type B pancreatic cell,HP19047-01
MS19004_GATCCCTGTGACAGCA,3.1231165,7.192912,type B pancreatic cell,HP19047-01
MS19007_Islet47_AGGGTGAGTGAGGAAA,-4.458063,-2.2781184,pancreatic acinar cell,HP19047-01
MS19007_Islet47_CAAGCTATCGCCAACG,4.4183416,18.849543,pancreatic A cell,HP19047-01
MS19006_Islet47_GTCAAACGTCCCAAAT,2.3803923,19.69294,pancreatic A cell,HP19047-01
MS19004_AACAGGGGTAACCCGC,-3.1954987,-3.0158176,pancreatic acinar cell,HP19047-01
MS19006_Islet47_ACTCTCGAGCACTCCG,-1.49987,8.932557,type B pancreatic cell,HP19047-01
MS19007_Islet47_TCCAGAACAACCAATC,1.0459619,18.071686,pancreatic A cell,HP19047-01
MS19006_Islet47_AGGGTCCGTACGCTTA,3.502788,20.136972,pancreatic A cell,HP19047-01
MS19004_GTTTACTGTACGATTC,0.9059434,7.8110523,type B pancreatic cell,HP19047-01
MS19007_Islet47_AAGGAATCAGAGTCTT,1.4070969,21.203342,pancreatic A cell,HP19047-01
MS19004_GACCCAGTCTGATGGT,1.3394037,17.055397,pancreatic A cell,HP19047-01
MS19007_Islet47_CCGGTGACACCGAATT,1.802764,8.082328,type B pancreatic cell,HP19047-01
MS19004_CGGTCAGAGTTGGCTT,-4.0513334,3.1153145,pancreatic D cell,HP19047-01
MS19007_Islet47_AGACCATCACCCTGTT,1.0591127,7.338148,type B pancreatic cell,HP19047-01
MS19007_Islet47_GACTTCCAGACTGTTC,2.5616498,17.772085,pancreatic A cell,HP19047-01
MS19004_AGACAGGGTAGAGACC,0.4162836,7.3450055,type B pancreatic cell,HP19047-01
MS19007_Islet47_TACCTCGGTGGACTAG,2.0468602,19.264639,pancreatic A cell,HP19047-01
MS19004_TCAGGTATCAATGTCG,0.62807286,8.318843,type B pancreatic cell,HP19047-01
MS19004_GTCATGAGTCGCTTAA,0.4162358,9.123417,type B pancreatic cell,HP19047-01
MS19007_Islet47_CTCTCAGGTCGTGTTA,3.529455,18.358137,pancreatic A cell,HP19047-01
MS19004_AGGTAGGCATATTCGG,-2.092282,7.9269624,type B pancreatic cell,HP19047-01
MS19007_Islet47_TTCTTGAAGCACTTTG,2.1482327,4.633364,type B pancreatic cell,HP19047-01
MS19004_ATTACCTAGTGCAGGT,3.6273217,15.023615,pancreatic A cell,HP19047-01
MS19004_CTGTGAAAGTGATCGG,0.67175776,-6.6174,pancreatic ductal cell,HP19047-01
MS19004_TGTCAGAGTCGTATGT,4.767204,17.852797,pancreatic A cell,HP19047-01
MS19004_AGGACTTGTCACCACG,1.2213485,19.044039,pancreatic A cell,HP19047-01
MS19004_CCTCAGTTCTCAATCT,9.7329445,8.772735,pancreatic PP cell,HP19047-01
MS19006_Islet47_TATTGCTGTAACCAGG,1.9724458,18.65133,pancreatic A cell,HP19047-01
MS19006_Islet47_AGAAATGGTGGCCCAT,-0.1420461,8.902642,type B pancreatic cell,HP19047-01
MS19007_Islet47_CCTATCGCATGGGTTT,1.995287,18.210758,pancreatic A cell,HP19047-01
MS19004_ATACCTTCACTCCTGT,-0.10604879,4.938098,type B pancreatic cell,HP19047-01
MS19007_Islet47_AACCTGATCGGTCAGC,-2.6724179,7.9358273,type B pancreatic cell,HP19047-01
MS19007_Islet47_ACACCAACACGACGAA,-10.587848,-1.0566597,leukocyte,HP19047-01
MS19004_TGTAACGCAATTCTTC,3.4956543,6.6759953,type B pancreatic cell,HP19047-01
MS19004_GACACGCAGATGAAGG,0.7776349,3.4559207,type B pancreatic cell,HP19047-01
MS19007_Islet47_ATCACAGTCGTCAAAC,-1.0274845,7.77759,type B pancreatic cell,HP19047-01
MS19007_Islet47_AGTTCCCAGGTTCATC,-0.48073912,6.1566296,type B pancreatic cell,HP19047-01
MS19007_Islet47_CGGACACTCAGGAACG,2.5299659,20.033587,pancreatic A cell,HP19047-01
MS19004_ACTTATCTCGGATACT,1.4511656,8.760675,type B pancreatic cell,HP19047-01
MS19004_TATTTCGGTCTTGTCC,-0.30570057,9.56799,type B pancreatic cell,HP19047-01
MS19007_Islet47_ATGGGAGAGGAAGTGA,4.27849,21.00448,pancreatic A cell,HP19047-01
MS19004_TTGGGTAAGCCTGTCG,1.92628,-4.962289,pancreatic ductal cell,HP19047-01
MS19004_TGTTCCGAGGCACCAA,0.512758,5.4904447,type B pancreatic cell,HP19047-01
MS19004_TTCCAATGTCCACTTC,14.2189455,2.884774,endothelial cell,HP19047-01
MS19007_Islet47_ATACCTTGTGCGGATA,0.3846447,18.232119,pancreatic A cell,HP19047-01
MS19004_ATTATCCAGGAACATT,-4.428101,4.245079,pancreatic D cell,HP19047-01
MS19004_AGTGTTGAGGTGAGCT,12.97986,-2.4249146,pancreatic stellate cell,HP19047-01
MS19004_AGTCATGCACGAAAGC,3.8628402,18.068068,pancreatic A cell,HP19047-01
MS19004_AAGTACCTCTCATTGT,1.1910954,4.8389387,type B pancreatic cell,HP19047-01
MS19007_Islet47_TGACAGTTCTCGTTTA,3.1524484,-4.445172,pancreatic ductal cell,HP19047-01
MS19007_Islet47_GGTGATTTCACTCTTA,-0.5717032,7.659047,type B pancreatic cell,HP19047-01
MS19004_CGCGTGACATCATCCC,0.5837792,7.7548428,type B pancreatic cell,HP19047-01
MS19007_Islet47_AGACAGGAGCTCGGCT,-2.3072839,8.387066,type B pancreatic cell,HP19047-01
MS19006_Islet47_AGGCTGCTCGCCGAGT,1.6461697,17.529236,pancreatic A cell,HP19047-01
MS19007_Islet47_AGCTACAGTAGTCTTG,4.7593274,17.384892,pancreatic A cell,HP19047-01
MS19004_GACGTTAGTCGATGCC,2.1012523,17.663689,pancreatic A cell,HP19047-01
MS19007_Islet47_GCATCTCTCACCTTAT,2.4240828,5.495232,type B pancreatic cell,HP19047-01
MS19007_Islet47_AGAACCTCAGCGCTTG,3.0846462,20.203972,pancreatic A cell,HP19047-01
MS19006_Islet47_TACACCCGTGATTCAC,0.8616887,19.812088,pancreatic A cell,HP19047-01
MS19007_Islet47_AATGGCTTCCTACGAA,1.5793864,5.7229333,pancreatic acinar cell,HP19047-01
MS19004_ATCGTAGCATATCGGT,-5.769514,-3.2345445,pancreatic acinar cell,HP19047-01
MS19004_CTTCCTTCATCGATGT,14.320396,2.7389977,endothelial cell,HP19047-01
MS19004_GTGCACGAGAAGCGCT,3.556664,21.064299,pancreatic A cell,HP19047-01
MS19007_Islet47_GGGACTCAGACAAGCC,3.120241,6.6321564,type B pancreatic cell,HP19047-01
MS19007_Islet47_TGCGGCAGTACGATCT,1.6633053,21.173845,pancreatic A cell,HP19047-01
MS19004_GAATCGTAGCTAGAGC,2.1058204,16.502403,pancreatic A cell,HP19047-01
MS19007_Islet47_ATGCCTCCAGCTTCGG,-0.9708313,6.979814,type B pancreatic cell,HP19047-01
MS19007_Islet47_TCAATCTTCATTATCC,0.087246954,-6.1883574,pancreatic ductal cell,HP19047-01
MS19007_Islet47_AACCTGAGTATGTGTC,-2.9149115,5.9668293,type B pancreatic cell,HP19047-01
MS19006_Islet47_CTTGATTCACCGTGGT,14.100699,3.1278343,endothelial cell,HP19047-01
MS19004_GGGTCTGTCCATTTAC,2.396949,19.73424,pancreatic A cell,HP19047-01
MS19007_Islet47_AATCACGCATACACCA,3.051421,7.8339906,type B pancreatic cell,HP19047-01
MS19007_Islet47_ACTATGGCAAGACTGG,4.4470544,20.487915,pancreatic A cell,HP19047-01
MS19004_TAACGACGTTATGGTC,-0.4155861,8.281165,type B pancreatic cell,HP19047-01
MS19007_Islet47_ACTCCCATCAGCGTCG,3.31293,18.90938,pancreatic A cell,HP19047-01
MS19007_Islet47_CACGTGGAGTCATAGA,3.4574358,18.346975,pancreatic A cell,HP19047-01
MS19006_Islet47_GTCAGCGAGTGTTGAA,0.69804394,7.1314945,type B pancreatic cell,HP19047-01
MS19007_Islet47_TTTAGTCAGTCCTACA,4.0772085,19.719116,pancreatic A cell,HP19047-01
MS19007_Islet47_ATGAGTCCAACCGACC,1.0633423,20.350643,pancreatic A cell,HP19047-01
MS19004_GGTGAAGCATGGTGGA,13.215523,-1.5193362,pancreatic stellate cell,HP19047-01
MS19006_Islet47_GGGAGATTCTGTCAGA,1.9320351,6.971624,type B pancreatic cell,HP19047-01
MS19007_Islet47_CCGTAGGGTCTTGCTC,1.207014,7.6894035,type B pancreatic cell,HP19047-01
MS19007_Islet47_ATGGATCGTCCTTTGC,12.310353,-1.4601686,pancreatic stellate cell,HP19047-01
MS19004_GAGGCCTCAACATCGT,-4.9471407,4.548922,pancreatic D cell,HP19047-01
MS19006_Islet47_TAACACGAGTACTCGT,-0.4409014,5.9142256,type B pancreatic cell,HP19047-01
MS19007_Islet47_AAAGGTACAGCAGAAC,10.373874,8.165826,pancreatic PP cell,HP19047-01
MS19004_GCCAGCACAAAGAGTT,1.8216054,19.20864,pancreatic A cell,HP19047-01
MS19004_CAGTGCGAGACGGTTG,0.76171917,17.335056,pancreatic A cell,HP19047-01
MS19006_Islet47_GATCAGTGTGTCCGTG,1.2358501,5.71222,pancreatic D cell,HP19047-01
MS19007_Islet47_AGAGAATGTCGTGTTA,0.106030196,6.8598785,type B pancreatic cell,HP19047-01
MS19006_Islet47_CAGCACGGTCATCTAG,0.85353845,5.1941237,type B pancreatic cell,HP19047-01
MS19007_Islet47_GGTGAAGAGGCTCCCA,4.0945187,15.844699,pancreatic A cell,HP19047-01
MS19006_Islet47_GTCTCACCATCATTTC,2.3390152,6.8911576,type B pancreatic cell,HP19047-01
MS19007_Islet47_TCCGAAATCGGACTTA,0.94203144,6.683344,type B pancreatic cell,HP19047-01
MS19007_Islet47_GTGTTAGGTGAACCGA,-0.129048,7.09082,type B pancreatic cell,HP19047-01
MS19007_Islet47_GTGTGGCGTGGCCCAT,13.8531885,2.9725642,endothelial cell,HP19047-01
MS19007_Islet47_ACAACCAAGTGACACG,1.9145668,19.804924,pancreatic A cell,HP19047-01
MS19007_Islet47_ATCCGTCCATAACGGG,10.298596,8.144375,pancreatic PP cell,HP19047-01
MS19004_GAGTGAGCATCATCTT,-3.7775998,4.733223,pancreatic D cell,HP19047-01
MS19004_CGGGTCAGTACGCGTC,3.4607208,16.81688,pancreatic A cell,HP19047-01
MS19007_Islet47_TCATTCACAAGACAAT,10.024557,8.438315,pancreatic PP cell,HP19047-01
MS19004_TCTTCCTGTGAGACGT,0.63160247,-4.2755227,pancreatic ductal cell,HP19047-01
MS19007_Islet47_ACATCGATCGTAGTCA,4.587272,16.84175,pancreatic A cell,HP19047-01
MS19007_Islet47_GAATCACTCAAGCGTT,-0.45780435,4.740484,type B pancreatic cell,HP19047-01
MS19004_CAGCACGAGACCATAA,-0.8061845,8.29144,type B pancreatic cell,HP19047-01
MS19004_ATCAGGTTCCCTAGGG,2.6284838,20.550667,pancreatic A cell,HP19047-01
MS19004_TAGGGTTTCGCCTAGG,0.7204119,17.634737,pancreatic A cell,HP19047-01
MS19004_GTCATGAGTGTATCCA,-0.6744327,9.044544,type B pancreatic cell,HP19047-01
MS19006_Islet47_CAGATCATCTCGCAGG,0.15751171,7.30911,type B pancreatic cell,HP19047-01
MS19006_Islet47_TCGAACAAGACCTGGA,-0.9683781,7.9783893,type B pancreatic cell,HP19047-01
MS19004_GAGAGGTCAGCAGGAT,0.57241905,6.7314057,type B pancreatic cell,HP19047-01
MS19004_TGTTCCGCAAGGGTCA,-1.7665284,7.2427535,type B pancreatic cell,HP19047-01
MS19004_TTGACCCTCCTTCTGG,11.308068,-0.069263764,pancreatic stellate cell,HP19047-01
MS19006_Islet47_GGGAAGTGTGCCTACG,1.8638382,7.4780626,type B pancreatic cell,HP19047-01
MS19007_Islet47_TTTACTGAGTGGTTGG,3.7266657,18.541851,pancreatic A cell,HP19047-01
MS19006_Islet47_CAGTGCGCATCCGGCA,0.24130075,8.760748,type B pancreatic cell,HP19047-01
MS19006_Islet47_TCAAGCAAGTTGGCTT,-1.4821917,8.756021,type B pancreatic cell,HP19047-01
MS19007_Islet47_GTAGAGGAGTCAGCGA,1.2956072,7.7329345,type B pancreatic cell,HP19047-01
MS19007_Islet47_GCCAACGCACATACGT,0.74260956,8.13036,type B pancreatic cell,HP19047-01
MS19007_Islet47_AGTTCGATCGACGCTG,3.7714303,20.662037,pancreatic A cell,HP19047-01
MS19004_CATTCTAAGAAGATCT,0.31798306,-5.349559,pancreatic ductal cell,HP19047-01
MS19004_GTACAACTCAGATGCT,4.4416785,18.252783,pancreatic A cell,HP19047-01
MS19006_Islet47_ATCCGTCCAGCCGTCA,1.5114452,4.6320863,type B pancreatic cell,HP19047-01
MS19006_Islet47_TGTAACGAGAAGCGAA,14.290784,2.3665602,endothelial cell,HP19047-01
MS19007_Islet47_CGCGTGAAGGGAGATA,3.6619923,20.610338,pancreatic A cell,HP19047-01
MS19007_Islet47_GATTCTTTCTCTGCTG,-0.4768306,7.1350303,type B pancreatic cell,HP19047-01
MS19004_GACATCATCGGCATCG,0.46444014,19.200722,pancreatic A cell,HP19047-01
MS19004_GGTTGTAGTAGTCTTG,0.63510925,8.775726,type B pancreatic cell,HP19047-01
MS19004_ACTATCTAGGCCCAAA,-4.9595866,-3.533063,pancreatic acinar cell,HP19047-01
MS19004_CCGGTGAGTCATCACA,1.369314,7.4382224,type B pancreatic cell,HP19047-01
MS19006_Islet47_CCACGTTCAAAGCAAT,-1.6480759,6.07296,type B pancreatic cell,HP19047-01
MS19004_CGGAATTTCTCTTAAC,3.1574607,-5.879556,pancreatic ductal cell,HP19047-01
MS19004_CCACAAAGTCGAGTGA,14.035649,3.1076694,endothelial cell,HP19047-01
MS19004_ATCACAGGTTTACACG,-4.285074,-3.274272,pancreatic acinar cell,HP19047-01
MS19004_GATGACTTCTAGACAC,1.9080595,18.244051,pancreatic A cell,HP19047-01
MS19006_Islet47_GACCTTCGTTGAATCC,2.8081844,7.0715184,type B pancreatic cell,HP19047-01
MS19007_Islet47_ATTCCATTCTAATTCC,3.0977163,-5.7750735,pancreatic ductal cell,HP19047-01
MS19006_Islet47_AGACCCGTCCACCTCA,3.290375,20.27378,pancreatic A cell,HP19047-01
MS19004_GTACAACTCAAGATAG,0.89964694,6.119145,type B pancreatic cell,HP19047-01
MS19006_Islet47_CTATCTACACGCGCAT,-4.937024,3.1041791,pancreatic D cell,HP19047-01
MS19007_Islet47_GGGTCTGCAAAGCTCT,0.5199707,8.70269,type B pancreatic cell,HP19047-01
MS19007_Islet47_CTCCGATGTAACAGTA,-4.051023,-4.0259705,pancreatic acinar cell,HP19047-01
MS19004_GTCTGTCGTGTGTGGA,-0.31640157,7.306736,type B pancreatic cell,HP19047-01
MS19007_Islet47_TGCACGGGTTGCGGAA,4.7398615,18.779245,pancreatic A cell,HP19047-01
MS19007_Islet47_CTGTCGTTCGTAGGAG,-3.9223447,-2.6596065,pancreatic acinar cell,HP19047-01
MS19007_Islet47_CGTTAGACAGCGTGAA,-1.1610249,8.000007,type B pancreatic cell,HP19047-01
MS19007_Islet47_GTTGAACGTCAGCTTA,1.7393624,7.346633,type B pancreatic cell,HP19047-01
MS19006_Islet47_CTTCGGTTCACTACTT,1.0593116,18.572624,pancreatic A cell,HP19047-01
MS19006_Islet47_TCTTAGTGTTATCTTC,0.7782108,6.596412,type B pancreatic cell,HP19047-01
MS19007_Islet47_GGGTCTGTCCATTTCA,0.84999317,3.6498454,type B pancreatic cell,HP19047-01
MS19004_CCGGTGACAAATACGA,-1.373405,8.718479,type B pancreatic cell,HP19047-01
MS19007_Islet47_AGACACTCACCGGCTA,0.63836026,17.8498,pancreatic A cell,HP19047-01
MS19006_Islet47_TCATCATGTAGGTACG,2.008005,21.07278,pancreatic A cell,HP19047-01
MS19004_GTCTAGATCGCCACTT,4.151636,19.574242,pancreatic A cell,HP19047-01
MS19007_Islet47_TTGCCTGCACGTCGGT,-0.36021063,5.5094147,type B pancreatic cell,HP19047-01
MS19007_Islet47_AATCACGGTCTGCCTT,-5.2684035,-1.8266335,pancreatic acinar cell,HP19047-01
MS19007_Islet47_CTGCAGGCAATAGGAT,-1.0535227,5.9681706,type B pancreatic cell,HP19047-01
MS19007_Islet47_CCGTGAGAGACCTCCG,12.948263,3.129754,endothelial cell,HP19047-01
MS19007_Islet47_ATCGCCTTCCGTAGGC,2.2094617,20.75745,pancreatic A cell,HP19047-01
MS19007_Islet47_CACCGTTTCTTCGCTG,1.6015868,7.7435126,type B pancreatic cell,HP19047-01
MS19004_CACTTCGGTGGTCTCG,-1.7180629,6.611612,pancreatic D cell,HP19047-01
MS19004_TTTCATGCATAATGCC,-0.31531712,5.487497,type B pancreatic cell,HP19047-01
MS19007_Islet47_TGGTGATCAGCAATTC,-0.32084453,6.114161,type B pancreatic cell,HP19047-01
MS19007_Islet47_TCATGCCTCGTTCTAT,-4.3707147,3.866789,type B pancreatic cell,HP19047-01
MS19004_TCAATTCAGATCGACG,1.0554025,6.491557,type B pancreatic cell,HP19047-01
MS19006_Islet47_TGGGTTATCTCGTGAA,1.4868852,16.806866,pancreatic A cell,HP19047-01
MS19004_CACAGGCGTTGACTGT,1.8572998,7.83525,type B pancreatic cell,HP19047-01
MS19007_Islet47_TTAGGCACAGAGATGC,-0.3589073,6.8847075,type B pancreatic cell,HP19047-01
MS19004_GGGCTACAGCACGGAT,-3.360315,-2.7115395,pancreatic acinar cell,HP19047-01
MS19007_Islet47_CCGTGAGGTAGATTGA,-4.4344926,2.6206636,pancreatic D cell,HP19047-01
MS19004_GACCCAGAGAAGCGAA,0.7818747,7.8627157,type B pancreatic cell,HP19047-01
MS19006_Islet47_GGGTGTCCAATTGAGA,4.0761266,6.1227098,type B pancreatic cell,HP19047-01
MS19006_Islet47_GGGAAGTTCTACTCAT,1.6486262,8.563957,type B pancreatic cell,HP19047-01
MS19004_GCCATTCCACCGTGGT,-0.26315033,9.117563,type B pancreatic cell,HP19047-01
MS19007_Islet47_GGTGTCGAGGGCAGTT,0.25227597,9.218814,type B pancreatic cell,HP19047-01
MS19007_Islet47_ACCCAAACAGGAGGTT,-0.33149368,6.470323,type B pancreatic cell,HP19047-01
MS19007_Islet47_GACGTTATCAGACCGC,-2.671473,7.52236,type B pancreatic cell,HP19047-01
MS19004_GTTAGTGTCGACATAC,1.1549735,19.39865,pancreatic A cell,HP19047-01
MS19004_GTCGTAACAAGGCTTT,-0.45253074,5.5901794,type B pancreatic cell,HP19047-01
MS19007_Islet47_TCCTCGACACAACATC,9.827296,8.474582,pancreatic PP cell,HP19047-01
MS19004_TCATATCGTAGGATAT,-0.86794597,8.872653,type B pancreatic cell,HP19047-01
MS19006_Islet47_CCAAGCGGTTTAAGGA,-1.7232397,9.458067,type B pancreatic cell,HP19047-01
MS19004_GGAATCTAGTCCTGTA,-4.233908,-2.6303627,pancreatic acinar cell,HP19047-01
MS19004_GAGAAATAGTCCCGAC,-0.6841894,-6.765842,pancreatic ductal cell,HP19047-01
MS19006_Islet47_CTCCGATGTCTACTGA,-1.0306258,8.961836,type B pancreatic cell,HP19047-01
MS19007_Islet47_TGTGCGGGTATCGCAT,-5.13399,-2.410234,pancreatic acinar cell,HP19047-01
MS19006_Islet47_AACAACCGTCTGCGCA,1.6940763,18.45375,pancreatic A cell,HP19047-01
MS19007_Islet47_CATTTCAGTACTAACC,4.292441,17.575764,pancreatic A cell,HP19047-01
MS19006_Islet47_CGCGTGAAGCCTAGGA,2.5457377,17.712496,pancreatic A cell,HP19047-01
MS19007_Islet47_ATCATTCTCCCGATCT,1.9213825,20.2176,pancreatic A cell,HP19047-01
MS19007_Islet47_GTTCGCTAGCGCCTAC,0.20876823,5.811207,type B pancreatic cell,HP19047-01
MS19004_TCATGGATCGGTAACT,-4.9683914,-4.0944138,pancreatic acinar cell,HP19047-01
MS19004_TCATTGTCATCTTCGC,1.7857442,6.527905,type B pancreatic cell,HP19047-01
MS19004_TGTGATGGTCCTTGTC,2.2629266,-6.2207274,pancreatic ductal cell,HP19047-01
MS19004_CCTCAGTGTTGTCTAG,3.1307561,20.442049,pancreatic A cell,HP19047-01
MS19007_Islet47_GTAATGCTCCCATACC,2.331831,3.8972309,type B pancreatic cell,HP19047-01
MS19004_GTCTGTCGTCTTCTAT,0.12245553,7.3449616,type B pancreatic cell,HP19047-01
MS19004_CCTCAGTTCTCTGCCA,4.5634365,20.955505,pancreatic A cell,HP19047-01
MS19006_Islet47_AACCAACGTAAGACCG,-4.4452076,3.8619592,pancreatic D cell,HP19047-01
MS19004_TTTACTGAGATACATG,0.7564261,9.224429,type B pancreatic cell,HP19047-01
MS19004_CAGCAGCGTGTATTGC,4.621112,18.888767,pancreatic A cell,HP19047-01
MS19004_CTCATCGGTCGTTGGC,1.6856673,5.368404,type B pancreatic cell,HP19047-01
MS19006_Islet47_CATGGATCAACTCCCT,-2.1608522,6.053009,pancreatic D cell,HP19047-01
MS19004_TGGGAGAGTAATTGGA,1.0723238,6.720251,type B pancreatic cell,HP19047-01
MS19004_AATCACGGTTGCGGAA,3.364198,18.418264,pancreatic A cell,HP19047-01
MS19007_Islet47_CAACGGCGTGACTAAA,1.4517825,18.437235,pancreatic A cell,HP19047-01
MS19004_CGTCCATCACCTGATA,-2.034277,8.006845,type B pancreatic cell,HP19047-01
MS19004_AGATCGTTCTGCCTCA,-1.3285048,6.7477913,type B pancreatic cell,HP19047-01
MS19007_Islet47_CATCCACCATACCGTA,-0.87704384,6.4836144,type B pancreatic cell,HP19047-01
MS19007_Islet47_TGGTAGTCACATACTG,0.88335633,5.570625,type B pancreatic cell,HP19047-01
MS19007_Islet47_AGTTAGCCACCATTCC,9.914494,8.732658,pancreatic PP cell,HP19047-01
MS19007_Islet47_TAAGCCAAGTAATCCC,-1.7115773,7.7657404,type B pancreatic cell,HP19047-01
MS19007_Islet47_AAGACAATCACGAACT,0.58711916,8.432527,type B pancreatic cell,HP19047-01
MS19007_Islet47_TCGATTTCAGAGTCTT,1.3611953,19.841976,pancreatic A cell,HP19047-01
MS19007_Islet47_CACCAAACACCAGACC,-1.4257793,6.6635137,type B pancreatic cell,HP19047-01
MS19007_Islet47_AGTCACAAGTCCGCCA,1.6988842,17.920464,pancreatic A cell,HP19047-01
MS19006_Islet47_AAGGAATAGACGCATG,0.2888064,4.4223,type B pancreatic cell,HP19047-01
MS19006_Islet47_TCATATCCAGACGATG,-2.304978,-3.984865,pancreatic acinar cell,HP19047-01
MS19006_Islet47_CCGCAAGGTCTCAGGC,1.6961275,18.261225,pancreatic A cell,HP19047-01
MS19007_Islet47_TACGGTACAGGGTTGA,1.2014012,18.401655,pancreatic A cell,HP19047-01
MS19004_TCCTAATAGCAACAGC,3.102239,18.831915,pancreatic A cell,HP19047-01
MS19004_TCCTTTCTCCTCGCAT,0.24135824,18.837091,pancreatic A cell,HP19047-01
MS19007_Islet47_GAGTGAGCAGAAATCA,-5.047325,-2.848886,pancreatic acinar cell,HP19047-01
MS19004_GCGTTTCGTTAGGCCC,0.7540013,9.22171,type B pancreatic cell,HP19047-01
MS19006_Islet47_TTACCATCAAGAGGCT,1.5683581,7.3127203,type B pancreatic cell,HP19047-01
MS19006_Islet47_AAGCGAGGTCGTTCAA,3.0416222,-5.69983,pancreatic ductal cell,HP19047-01
MS19004_CACAACAGTAGTAAGT,0.85806274,3.8264549,type B pancreatic cell,HP19047-01
MS19004_TGACGCGCAGTCCGTG,0.43331793,6.433196,type B pancreatic cell,HP19047-01
MS19006_Islet47_AGACAAAGTGACCTGC,0.4709444,5.304271,type B pancreatic cell,HP19047-01
MS19007_Islet47_TGACAGTTCCAGCACG,4.143603,17.008698,pancreatic A cell,HP19047-01
MS19004_TTGTTTGGTGCAACGA,2.4741514,20.471413,pancreatic A cell,HP19047-01
MS19007_Islet47_GTTACGACACCATATG,0.8231263,4.625939,type B pancreatic cell,HP19047-01
MS19004_AGCGTCGCAACTTGCA,-0.086114585,8.786056,type B pancreatic cell,HP19047-01
MS19004_CAGCACGCATGTTACG,-4.6675344,4.009015,pancreatic D cell,HP19047-01
MS19007_Islet47_TTGCGTCCAATAGGAT,-1.0774146,8.207041,type B pancreatic cell,HP19047-01
MS19007_Islet47_TCTGGCTGTGAATGTA,2.2926133,18.314554,pancreatic A cell,HP19047-01
MS19004_CAAGGGATCTGTCTCG,2.88503,6.300876,type B pancreatic cell,HP19047-01
MS19007_Islet47_CAACCTCTCAGGAGAC,2.239176,6.946595,type B pancreatic cell,HP19047-01
MS19007_Islet47_GAGGCCTTCTTGGTCC,-0.13619874,9.286694,type B pancreatic cell,HP19047-01
MS19004_CGACAGCTCCGATGCG,0.41664022,17.679125,pancreatic A cell,HP19047-01
MS19006_Islet47_TCATATCAGATACAGT,-4.8050466,4.1568875,pancreatic D cell,HP19047-01
MS19004_ATTACTCCAAGGATGC,2.0057855,8.463147,type B pancreatic cell,HP19047-01
MS19004_CCAAGCGTCTAGAACC,-10.807042,-1.1681819,leukocyte,HP19047-01
MS19004_AAGGAATAGAGCAGCT,10.574518,8.220475,pancreatic PP cell,HP19047-01
MS19006_Islet47_GCGGAAAGTGTCATGT,-2.0685246,7.1655865,type B pancreatic cell,HP19047-01
MS19007_Islet47_GGGCCATCAAGACCTT,2.3566945,19.854969,pancreatic A cell,HP19047-01
MS19006_Islet47_CTCCACACAGGCTTGC,0.6633986,17.501165,pancreatic A cell,HP19047-01
MS19004_AGTGCCGCAACAGCCC,0.8671412,6.5686626,type B pancreatic cell,HP19047-01
MS19004_TAACTTCTCCTACAAG,3.4914527,18.516333,pancreatic A cell,HP19047-01
MS19004_TGGAGGAAGAAAGCGA,2.3133411,18.307632,pancreatic A cell,HP19047-01
MS19004_CTCAATTCACGCTGTG,1.8963181,19.567955,pancreatic A cell,HP19047-01
MS19006_Islet47_GTGTTAGCACGCTGCA,1.6011938,19.853937,pancreatic A cell,HP19047-01
MS19006_Islet47_ATCGGCGTCAACTACG,0.933946,19.753122,pancreatic A cell,HP19047-01
MS19004_TGCATGATCTCAGAAC,13.957026,2.8651505,endothelial cell,HP19047-01
MS19004_TTCCACGCACTCCTGT,-5.103974,2.3525193,pancreatic D cell,HP19047-01
MS19004_TGTAAGCTCTTCTGGC,-10.87054,-1.0858247,leukocyte,HP19047-01
MS19004_AGCGATTCATCTAGAC,-1.1310154,4.6978045,type B pancreatic cell,HP19047-01
MS19004_GGTTGTACACTTGACA,0.19514094,4.8100495,type B pancreatic cell,HP19047-01
MS19004_TTACCGCAGAAACTGT,-1.3477669,-6.6578608,pancreatic ductal cell,HP19047-01
MS19007_Islet47_TTGTTTGTCGCGTCGA,0.25517067,3.5840876,type B pancreatic cell,HP19047-01
MS19004_ACACGCGTCCTTATAC,-1.3177555,6.25801,type B pancreatic cell,HP19047-01
MS19004_AATTTCCTCTGATTCT,-3.7446723,5.0920835,pancreatic D cell,HP19047-01
MS19007_Islet47_TGCAGTACAAATGGTA,0.66738766,4.9488387,type B pancreatic cell,HP19047-01
MS19004_GTAGAGGAGCAACCAG,13.458731,1.5606627,pancreatic stellate cell,HP19047-01
MS19007_Islet47_AGAGAGCCAATGAGCG,3.544666,17.128895,pancreatic A cell,HP19047-01
MS19006_Islet47_TGCTTCGCAGCATGCC,0.58451825,8.054636,type B pancreatic cell,HP19047-01
MS19004_CCGATGGCACATGACT,-0.010276276,7.0876026,type B pancreatic cell,HP19047-01
MS19007_Islet47_CCGAACGCAGACAATA,3.468165,19.45468,pancreatic A cell,HP19047-01
MS19004_CCACTTGAGAATCTAG,1.6302907,7.5049844,type B pancreatic cell,HP19047-01
MS19004_CGAGGCTAGGTAAGGA,4.1526484,17.43257,pancreatic A cell,HP19047-01
MS19007_Islet47_CTGTAGAAGCAAACAT,-4.559707,4.1543922,pancreatic D cell,HP19047-01
MS19007_Islet47_GTGGCGTGTGGGCTTC,4.729304,17.775366,pancreatic A cell,HP19047-01
MS19007_Islet47_GATTCTTGTTATCTGG,2.5657144,18.064596,pancreatic A cell,HP19047-01
MS19007_Islet47_ACGTAACCATCTCGTC,1.3043286,8.389647,type B pancreatic cell,HP19047-01
MS19004_CGATGGCCAATCAGCT,-0.8320827,8.660618,type B pancreatic cell,HP19047-01
MS19004_GCATCTCAGGGACTGT,1.9530568,8.214088,type B pancreatic cell,HP19047-01
MS19004_TCATGCCTCCTGGCTT,-0.4034682,8.171581,type B pancreatic cell,HP19047-01
MS19006_Islet47_TGAGGGATCACAAGAA,1.9013449,5.205357,type B pancreatic cell,HP19047-01
MS19007_Islet47_TCATTACTCCCATTTA,2.5145445,18.072712,pancreatic A cell,HP19047-01
MS19004_GGGCTCAGTGGAATGC,14.07345,3.0250916,endothelial cell,HP19047-01
MS19004_CTGAGCGGTGTAGTGG,3.5982203,18.884386,pancreatic A cell,HP19047-01
MS19007_Islet47_ATCCCTGGTAAGTTGA,1.1990765,5.4999447,type B pancreatic cell,HP19047-01
MS19007_Islet47_GACCCAGCAGTCTGGC,2.5395043,19.653496,pancreatic A cell,HP19047-01
MS19004_AACAACCCACAAGGTG,1.1218474,8.337895,type B pancreatic cell,HP19047-01
MS19004_GCTGCAGCACCTATCC,-1.774657,7.8605313,type B pancreatic cell,HP19047-01
MS19004_GGGCCATCAATCTAGC,3.8937023,4.8317556,type B pancreatic cell,HP19047-01
MS19004_CGACAGCAGCACTCAT,-0.18012775,7.3054953,type B pancreatic cell,HP19047-01
MS19004_GGAACCCAGGCCTTCG,1.508654,19.279396,pancreatic A cell,HP19047-01
MS19006_Islet47_AGGATCTAGTTTCGAC,-4.4425097,3.6767826,pancreatic D cell,HP19047-01
MS19007_Islet47_CCGATGGTCGGTAGGA,-0.05492117,5.628826,type B pancreatic cell,HP19047-01
MS19006_Islet47_GGTAGAGCAGAGTGAC,0.9709443,7.50829,type B pancreatic cell,HP19047-01
MS19004_TATCAGGAGGCACTAG,-0.13572375,9.062718,type B pancreatic cell,HP19047-01
MS19004_GGGACAAAGTTTCTTC,1.8871639,19.234764,pancreatic A cell,HP19047-01
MS19007_Islet47_GAGGCAAAGACGGTTG,0.7645031,18.787436,pancreatic A cell,HP19047-01
MS19007_Islet47_AACGAAAAGTAGTCTC,10.055183,8.514906,pancreatic PP cell,HP19047-01
MS19004_GATAGAAGTGACGCCT,0.6016979,7.7780967,type B pancreatic cell,HP19047-01
MS19007_Islet47_GATTCTTTCTGTACAG,1.292415,-5.4954925,pancreatic ductal cell,HP19047-01
MS19007_Islet47_CCACGTTGTCCACTCT,1.0282146,6.3458633,type B pancreatic cell,HP19047-01
MS19007_Islet47_AGTTCCCGTATTGAGA,-0.6850062,6.8963904,type B pancreatic cell,HP19047-01
MS19004_GGCTGTGAGACCTCAT,2.8347194,18.301079,pancreatic A cell,HP19047-01
MS19004_CTCATCGTCGAGAAGC,0.9015121,17.022604,pancreatic A cell,HP19047-01
MS19004_GTTGCGGCATCAGCTA,1.0459396,7.305314,type B pancreatic cell,HP19047-01
MS19004_TGAACGTCACTCAGAT,1.6655412,20.535051,pancreatic A cell,HP19047-01
MS19004_TCCGATCAGATGGCGT,4.114401,16.395899,pancreatic A cell,HP19047-01
MS19007_Islet47_GACCGTGCAATGCTCA,0.07880466,8.906094,type B pancreatic cell,HP19047-01
MS19007_Islet47_CTAACCCGTTAAGGAT,2.2100842,7.922849,type B pancreatic cell,HP19047-01
MS19004_AAAGTGACAATGTGGG,1.7174639,6.393276,type B pancreatic cell,HP19047-01
MS19007_Islet47_GACCAATCATTGCTGA,10.008408,8.85769,pancreatic PP cell,HP19047-01
MS19004_CATCGTCCACGTCGGT,0.7439134,7.891261,type B pancreatic cell,HP19047-01
MS19004_TGCTCCAGTTGCTGAT,-1.3063288,7.7561507,type B pancreatic cell,HP19047-01
MS19007_Islet47_TCCCACACAGAAGCGT,-0.37985322,7.715085,type B pancreatic cell,HP19047-01
MS19004_TCATCCGGTATCCTTT,1.19157,-6.468796,pancreatic ductal cell,HP19047-01
MS19007_Islet47_TAACTTCCATCGCTCT,0.46909744,5.727341,type B pancreatic cell,HP19047-01
MS19004_TCGATTTAGTGCACCC,-2.2080894,8.118189,type B pancreatic cell,HP19047-01
MS19007_Islet47_CAGCAATAGACAGTCG,0.489582,7.583285,type B pancreatic cell,HP19047-01
MS19004_TGAGACTAGAGCATCG,-1.3169954,6.625537,type B pancreatic cell,HP19047-01
MS19006_Islet47_ATAGGCTGTGCGTGCT,-0.06938357,7.6901526,type B pancreatic cell,HP19047-01
MS19004_CGTTAGAGTCACAATC,-6.1326547,-4.1653113,pancreatic acinar cell,HP19047-01
MS19004_TTCCTTCCAGGTCCGT,0.50501734,7.050339,type B pancreatic cell,HP19047-01
MS19007_Islet47_ACGTTCCGTGCCTATA,2.4329731,19.963095,pancreatic A cell,HP19047-01
MS19007_Islet47_GAGTTACCACAGCATT,-0.9771429,6.6902404,type B pancreatic cell,HP19047-01
MS19006_Islet47_AGGCATTTCGTAGTGT,13.386072,3.534718,endothelial cell,HP19047-01
MS19004_CTCCGATGTGATTGGG,0.012971448,7.2228637,type B pancreatic cell,HP19047-01
MS19007_Islet47_GAAGAATCATTGAAAG,-2.1655252,7.372511,type B pancreatic cell,HP19047-01
MS19006_Islet47_TGCTTGCAGATACATG,-0.4443932,6.2987356,type B pancreatic cell,HP19047-01
MS19007_Islet47_CCCATTGCACACGCCA,-2.5368245,7.935592,type B pancreatic cell,HP19047-01
MS19006_Islet47_ACTTAGGCACGGTCTG,0.85213417,9.182458,type B pancreatic cell,HP19047-01
MS19007_Islet47_CGTTGGGCATAATGCC,0.68173766,4.3890586,type B pancreatic cell,HP19047-01
MS19007_Islet47_GGAGAACCAAAGAGTT,1.7455862,18.821924,pancreatic A cell,HP19047-01
MS19006_Islet47_ACTGTCCGTGACTGAG,0.60187674,8.866047,type B pancreatic cell,HP19047-01
MS19004_CCCAACTCACTCAAGT,1.8701143,3.2133772,type B pancreatic cell,HP19047-01
MS19004_GTCACGGTCCTTGGAA,2.0758564,17.879868,pancreatic A cell,HP19047-01
MS19007_Islet47_CAAGGGACAATAAGGT,-1.1212056,8.21344,type B pancreatic cell,HP19047-01
MS19006_Islet47_CGAATTGAGTGGTTAA,2.1999364,20.71461,pancreatic A cell,HP19047-01
MS19004_TGGGCGTAGCGTATGG,0.09181958,9.101032,type B pancreatic cell,HP19047-01
MS19004_GTCCTCACATATGAAG,1.6671995,-5.4624524,pancreatic ductal cell,HP19047-01
MS19004_GCCGATGAGAAGGATG,-4.80918,-2.8802745,pancreatic acinar cell,HP19047-01
MS19004_CACCAAAAGGCCACTC,3.816781,6.956713,type B pancreatic cell,HP19047-01
MS19004_GAATCACCACAGTCAT,-5.382038,2.3586967,pancreatic D cell,HP19047-01
MS19007_Islet47_CTCATGCTCGCCTTGT,13.014051,0.870468,pancreatic stellate cell,HP19047-01
MS19007_Islet47_AACGAAAGTCAAGGCA,-0.6597468,6.726092,type B pancreatic cell,HP19047-01
MS19006_Islet47_GTAATGCCAGCTCTGG,-4.593517,3.8451345,pancreatic D cell,HP19047-01
MS19006_Islet47_TAACACGGTTCTCTAT,0.26350632,7.3427124,type B pancreatic cell,HP19047-01
MS19004_AGTGCCGGTAGTAAGT,0.88051134,8.936647,type B pancreatic cell,HP19047-01
MS19004_TCCTCCCAGCGAAACC,3.4094527,20.103134,pancreatic A cell,HP19047-01
MS17002_GGAATAATCTTGCCGT,-6.258304,-1.72945,pancreatic acinar cell,SAMN08768799
MS17002_ACACCAATCGCCATAA,6.3236866,18.089138,pancreatic A cell,SAMN08768799
MS17002_GTTTCTACACCAACCG,3.3907566,18.703987,pancreatic A cell,SAMN08768799
MS17002_CATGGCGGTGCTCTTC,-0.17374106,-6.9148855,pancreatic ductal cell,SAMN08768799
MS17002_TCCCGATAGTACGTAA,1.4686373,4.1419034,type B pancreatic cell,SAMN08768799
MS17002_TTTGTCACAGTATGCT,0.3468809,5.390261,type B pancreatic cell,SAMN08768799
MS17002_CACCAGGAGGGCTTGA,5.630929,16.574871,pancreatic A cell,SAMN08768799
MS17002_TCTATTGGTCATGCAT,-0.33289754,-6.8346477,pancreatic ductal cell,SAMN08768799
MS17002_AACGTTGGTCGCATCG,2.4576843,2.5320349,type B pancreatic cell,SAMN08768799
MS17002_AGTGTCAAGTAGCGGT,-4.707393,-2.7899952,pancreatic acinar cell,SAMN08768799
MS17002_TACTTACTCCAAATGC,1.0797513,-5.9472003,pancreatic ductal cell,SAMN08768799
MS17002_CGTAGCGAGCTCCCAG,3.615867,4.2224927,type B pancreatic cell,SAMN08768799
MS17002_GTCTCGTTCTCGCATC,12.004492,0.3190623,pancreatic stellate cell,SAMN08768799
MS17002_ACATACGGTTCTGAAC,1.3692251,-6.0718737,pancreatic ductal cell,SAMN08768799
MS17002_GGGAATGAGATACACA,-4.939456,-1.8632197,pancreatic acinar cell,SAMN08768799
MS17002_TCAACGATCTCTGTCG,-0.10085671,-3.4587505,pancreatic ductal cell,SAMN08768799
MS17002_GACCAATTCTTCCTTC,1.7446557,4.8413076,type B pancreatic cell,SAMN08768799
MS17002_CAAGAAATCAACACAC,4.7361,16.990944,pancreatic A cell,SAMN08768799
MS17002_AGTTGGTAGCGTGTCC,-0.6428834,-6.6672006,pancreatic ductal cell,SAMN08768799
MS17002_GTGAAGGCATTAGGCT,0.39264143,-6.3126073,pancreatic ductal cell,SAMN08768799
MS17002_GCCTCTAGTCGGCATC,2.837718,3.7199194,type B pancreatic cell,SAMN08768799
MS17002_GGGACCTGTTCCACAA,-6.4843955,-1.8910083,pancreatic acinar cell,SAMN08768799
MS17002_GCTGCAGGTATAATGG,1.1021225,3.4439178,type B pancreatic cell,SAMN08768799
MS17002_TGGTTAGAGATGTGTA,-0.6250241,-4.647739,pancreatic ductal cell,SAMN08768799
MS17002_AAGTCTGAGCCGTCGT,-0.7258471,-6.7432566,pancreatic ductal cell,SAMN08768799
MS17002_CACACAATCCAGGGCT,0.10898486,-6.1106205,pancreatic ductal cell,SAMN08768799
MS17002_AGGGATGTCAAGGTAA,5.336566,18.807869,pancreatic A cell,SAMN08768799
MS17002_GACCAATTCCTCAATT,5.3506927,18.252123,pancreatic A cell,SAMN08768799
MS17002_GGTGCGTTCCTTTACA,2.8079014,5.756215,type B pancreatic cell,SAMN08768799
MS17002_CGTGAGCCATTACGAC,-6.0323424,-1.4795645,pancreatic acinar cell,SAMN08768799
MS17002_ACAGCTAGTCAATGTC,3.0398228,4.367575,type B pancreatic cell,SAMN08768799
MS17002_TACTTGTCACGGCGTT,5.2393045,17.992895,pancreatic A cell,SAMN08768799
MS17002_CGCGTTTCAAGCCGTC,3.0000663,5.547623,type B pancreatic cell,SAMN08768799
MS17002_TGTTCCGCAGCTATTG,5.0336447,18.007027,pancreatic A cell,SAMN08768799
MS17002_TAGTGGTCATGGTTGT,0.51714915,-4.7616587,pancreatic ductal cell,SAMN08768799
MS17002_CACATAGCACATTAGC,12.789915,3.0016732,endothelial cell,SAMN08768799
MS17002_TGAAAGAAGACTGGGT,11.922074,0.8355093,pancreatic stellate cell,SAMN08768799
MS17002_ATGCGATCAAAGAATC,5.368535,19.144777,pancreatic A cell,SAMN08768799
MS17002_GGTGAAGTCCGTCATC,0.33682266,-4.8443546,pancreatic ductal cell,SAMN08768799
MS17002_AAACCTGAGTACGCCC,-4.7554917,-2.132042,pancreatic acinar cell,SAMN08768799
MS17002_TAGAGCTAGAGCTGCA,-1.0338123,-6.47651,pancreatic ductal cell,SAMN08768799
MS17002_AGCATACCAATCTGCA,2.1615236,5.0292387,type B pancreatic cell,SAMN08768799
MS17002_TGACTTTAGCTGTTCA,-6.5149674,-1.5732659,pancreatic acinar cell,SAMN08768799
MS17002_AAGGCAGAGTCGCCGT,-0.5646338,-6.6261086,pancreatic ductal cell,SAMN08768799
MS17002_CGTGTAACAATGAAAC,1.0941125,6.332799,type B pancreatic cell,SAMN08768799
MS17002_CAGGTGCGTCTCTTTA,0.9900836,2.6857953,type B pancreatic cell,SAMN08768799
MS17002_ATTATCCGTGATGTCT,-10.290458,-1.0258918,leukocyte,SAMN08768799
MS17002_TCATTTGTCCTCAACC,-5.4666343,-2.8073802,pancreatic acinar cell,SAMN08768799
MS17002_AACGTTGCACTCAGGC,3.5391476,4.2203536,type B pancreatic cell,SAMN08768799
MS17002_TTGGCAATCAGTGTTG,5.0584803,17.98792,pancreatic A cell,SAMN08768799
MS17002_TGAGAGGAGGTTACCT,2.7368212,3.3964741,type B pancreatic cell,SAMN08768799
MS17002_CCAATCCTCTCCCTGA,-6.562622,-2.1285775,pancreatic acinar cell,SAMN08768799
MS17002_GTCTTCGGTCGCGGTT,-0.201514,-6.518691,pancreatic ductal cell,SAMN08768799
MS17002_TTGGCAAAGGTAGCCA,-4.851069,-2.9958723,pancreatic acinar cell,SAMN08768799
MS17002_GGGAATGGTAGGCTGA,3.7582464,5.0060163,type B pancreatic cell,SAMN08768799
MS17002_TGGTTCCTCAGCTCTC,2.8583827,3.238664,type B pancreatic cell,SAMN08768799
MS17002_ATCTGCCAGGGATACC,2.8798695,3.9475794,type B pancreatic cell,SAMN08768799
MS17002_CGACTTCCAAGCCCAC,-1.1450565,-5.8370113,pancreatic ductal cell,SAMN08768799
MS17002_TAGACCACAACACGCC,-6.6997166,-1.8468169,pancreatic acinar cell,SAMN08768799
MS17002_TGACGGCGTGTGACCC,2.8786237,3.6579196,type B pancreatic cell,SAMN08768799
MS17002_GTACTCCGTTACCAGT,-5.9440312,-3.4829848,pancreatic acinar cell,SAMN08768799
MS17002_GACTACATCATTGCGA,0.47342488,4.207775,type B pancreatic cell,SAMN08768799
MS17002_TCGCGAGTCATGCTCC,-0.6330312,-6.6757135,pancreatic ductal cell,SAMN08768799
MS17002_ATCTACTGTTAGATGA,-6.2642527,-3.2230961,pancreatic acinar cell,SAMN08768799
MS17002_GCGCAACAGGTCGGAT,3.3025203,4.4341516,type B pancreatic cell,SAMN08768799
MS17002_GGTATTGAGTGAAGTT,0.8385375,-6.2364764,pancreatic ductal cell,SAMN08768799
MS17002_TAGACCACACATTAGC,-1.12676,-6.503388,pancreatic ductal cell,SAMN08768799
MS17002_GGAAAGCGTTCTCATT,13.2288,2.617592,endothelial cell,SAMN08768799
MS17002_GTACTCCTCTGTCCGT,-1.0257828,-5.070509,pancreatic ductal cell,SAMN08768799
MS17002_CTAGCCTTCCTGCTTG,1.8036215,5.66645,type B pancreatic cell,SAMN08768799
MS17002_ATTACTCCACCAGGCT,3.1398392,4.213408,type B pancreatic cell,SAMN08768799
MS17002_CTGGTCTAGACTTGAA,-5.3092585,-2.1633844,pancreatic acinar cell,SAMN08768799
MS17002_TGCTGCTTCAGCCTAA,12.336429,0.25239748,pancreatic stellate cell,SAMN08768799
MS17002_GCTGGGTTCGTTACAG,1.8630134,-4.6293936,pancreatic ductal cell,SAMN08768799
MS17002_TATTACCAGCAATATG,-5.4838414,3.0137675,type B pancreatic cell,SAMN08768799
MS17002_GAACATCAGAAACCGC,-4.9995837,-2.0780036,pancreatic acinar cell,SAMN08768799
MS17002_TCACGAAAGCCCAGCT,-4.962424,-2.0368733,pancreatic acinar cell,SAMN08768799
MS17002_AGAATAGCAAGCTGAG,1.203956,3.0264356,type B pancreatic cell,SAMN08768799
MS17002_CATCCACGTACCGTAT,11.882497,-0.8874602,pancreatic stellate cell,SAMN08768799
MS17002_ATCATGGTCGGATGGA,3.3769999,21.34464,pancreatic A cell,SAMN08768799
MS17002_GACGTGCGTAAACGCG,12.102893,-0.6420826,pancreatic stellate cell,SAMN08768799
MS17002_GACTAACCAACTGCGC,-5.9991074,-1.6451327,pancreatic acinar cell,SAMN08768799
MS17002_GTGAAGGCATGCCCGA,-5.1682577,-1.8648106,pancreatic acinar cell,SAMN08768799
MS17002_GGCTCGATCTCCCTGA,2.053901,3.7462156,type B pancreatic cell,SAMN08768799
MS17002_CTTGGCTCAGTTCCCT,4.0060334,5.572711,type B pancreatic cell,SAMN08768799
MS17002_CGAGCCAAGGTTCCTA,12.690178,3.0725942,endothelial cell,SAMN08768799
MS17002_CCCAGTTCATTGTGCA,2.8313708,4.909824,type B pancreatic cell,SAMN08768799
MS17002_GCATGATCAAGCGCTC,3.386745,-4.5967736,pancreatic ductal cell,SAMN08768799
MS17002_GATTCAGTCCTGCTTG,12.978749,3.0206351,endothelial cell,SAMN08768799
MS17002_GCGCAACGTGGCTCCA,3.7449894,4.2302547,type B pancreatic cell,SAMN08768799
MS17002_TAGCCGGAGCAGGTCA,2.382334,-4.097521,pancreatic ductal cell,SAMN08768799
MS17002_TCGTACCAGTCATGCT,4.949286,16.956028,pancreatic A cell,SAMN08768799
MS17002_GTTACAGCAATAAGCA,11.987619,0.6100434,pancreatic stellate cell,SAMN08768799
MS17002_TGCGCAGCAATGAAAC,-0.3561295,-6.867669,pancreatic ductal cell,SAMN08768799
MS17002_GCATACAGTTCCGGCA,-0.113291696,-6.065566,pancreatic ductal cell,SAMN08768799
MS17002_TGCTGCTCATCGATGT,5.264312,18.484116,pancreatic A cell,SAMN08768799
MS17002_CATATTCTCACCCGAG,0.84660774,5.3478136,type B pancreatic cell,SAMN08768799
MS17002_ACGATACTCAGTGTTG,-0.37827966,-6.251501,pancreatic ductal cell,SAMN08768799
MS17002_GACTGCGTCCCACTTG,11.57951,0.4531998,pancreatic stellate cell,SAMN08768799
MS17002_CGGCTAGGTTCTCATT,3.8569536,19.140644,pancreatic A cell,SAMN08768799
MS17002_GCAGCCACAGCATACT,-5.006296,-1.7188237,pancreatic acinar cell,SAMN08768799
MS17002_TACTTGTCATACGCCG,-5.015565,-1.8858875,pancreatic acinar cell,SAMN08768799
MS17002_CCGGGATGTCTTCTCG,2.9099493,3.2619107,type B pancreatic cell,SAMN08768799
MS17002_TACCTATAGCTGCCCA,2.9248044,3.8760066,type B pancreatic cell,SAMN08768799
MS17002_AGTGTCAAGACCGGAT,-2.8282442,-3.880869,pancreatic acinar cell,SAMN08768799
MS17002_TCAGGATGTCGACTGC,-0.15240261,-5.6761403,pancreatic ductal cell,SAMN08768799
MS17002_GATCAGTGTGTGTGCC,-6.390648,-1.4751704,pancreatic acinar cell,SAMN08768799
MS17002_AGAATAGTCATGCAAC,3.0328608,4.0456514,type B pancreatic cell,SAMN08768799
MS17002_GCATGATTCGGATGGA,0.28133586,-5.9191957,pancreatic ductal cell,SAMN08768799
MS17002_TTCTACAAGATGCCTT,-5.4113784,-1.8291719,pancreatic acinar cell,SAMN08768799
MS17002_CTTCTCTAGGTAGCTG,-6.477058,-1.7329426,pancreatic acinar cell,SAMN08768799
MS17002_TCAGCTCGTGGTCTCG,0.3786959,-3.9140282,pancreatic ductal cell,SAMN08768799
MS17002_ACACCCTTCGCCGTGA,4.428613,16.459698,pancreatic A cell,SAMN08768799
MS17002_CAGTAACTCGGTTAAC,1.232646,8.086235,type B pancreatic cell,SAMN08768799
MS17002_GTACTTTAGCATGGCA,2.102419,3.448069,type B pancreatic cell,SAMN08768799
MS17002_CTCGAGGAGCTTATCG,-6.6944633,-2.475883,pancreatic acinar cell,SAMN08768799
MS17002_TCGGTAACAGTCAGAG,2.6331687,3.3012092,type B pancreatic cell,SAMN08768799
MS17002_GCGCGATGTAGCGCAA,2.2162943,3.938202,type B pancreatic cell,SAMN08768799
MS17002_AACCGCGAGCCGTCGT,0.9556171,-5.911275,pancreatic ductal cell,SAMN08768799
MS17002_GTTCTCGTCATGTCTT,5.2317224,18.038073,pancreatic A cell,SAMN08768799
MS17002_CAAGGCCTCTCCCTGA,-6.3921957,-1.6761048,pancreatic acinar cell,SAMN08768799
MS17002_CACACCTTCGTACGGC,-0.8428851,-6.7322297,pancreatic ductal cell,SAMN08768799
MS17002_TACGGGCCACAGTCGC,5.3220124,18.7109,pancreatic A cell,SAMN08768799
MS17002_GAATAAGGTCAGTGGA,0.9241707,4.157178,type B pancreatic cell,SAMN08768799
MS17002_CCTTACGTCCAAAGTC,12.962401,2.949546,endothelial cell,SAMN08768799
MS17002_TGGTTCCAGATCCGAG,2.7488601,6.429896,type B pancreatic cell,SAMN08768799
MS17002_ATTACTCCACCTTGTC,1.942435,-5.694469,pancreatic ductal cell,SAMN08768799
MS17002_CGGTTAAAGACAATAC,-6.7941356,-1.7437329,pancreatic acinar cell,SAMN08768799
MS17002_GGGTTGCGTAACGCGA,4.204477,5.700439,type B pancreatic cell,SAMN08768799
MS17002_CGATGGCTCGCAGGCT,2.6222098,2.6780612,type B pancreatic cell,SAMN08768799
MS17002_GTCCTCAGTTTGGGCC,4.174517,5.3202825,type B pancreatic cell,SAMN08768799
MS17002_ATGTGTGAGTCATGCT,12.554315,2.707293,endothelial cell,SAMN08768799
MS17002_ACGCCGAAGCTCTCGG,2.5827496,3.269588,type B pancreatic cell,SAMN08768799
MS17002_ACTTGTTAGAGTAAGG,-1.5325375,-5.9930863,pancreatic ductal cell,SAMN08768799
MS17002_GATCTAGAGCACCGTC,4.453101,20.302958,pancreatic A cell,SAMN08768799
MS17002_AGCCTAATCTGTCCGT,-6.7277884,-1.8218173,pancreatic acinar cell,SAMN08768799
MS17002_CCTCTGAAGCTTATCG,5.3314385,18.740534,pancreatic A cell,SAMN08768799
MS17002_ATAACGCCAACACCCG,2.7935793,5.180607,type B pancreatic cell,SAMN08768799
MS17002_CGAGCCAGTAAGTAGT,-1.5153754,-6.664872,pancreatic ductal cell,SAMN08768799
MS17002_TGAGGGACACCAGGTC,12.702979,2.8527944,endothelial cell,SAMN08768799
MS17002_TTGACTTGTAATTGGA,3.476478,3.49825,type B pancreatic cell,SAMN08768799
MS17002_GGAACTTAGTACACCT,2.1179063,3.744019,type B pancreatic cell,SAMN08768799
MS17002_CGATCGGAGTACGCGA,0.6930633,-5.956736,pancreatic ductal cell,SAMN08768799
MS17002_GCTGCAGCAAAGCAAT,2.8032274,4.5803657,type B pancreatic cell,SAMN08768799
MS17002_CAGCGACGTAGCGTGA,3.3742478,3.8285058,type B pancreatic cell,SAMN08768799
MS17002_ACGAGGAGTCTTCGTC,1.5414423,4.576556,type B pancreatic cell,SAMN08768799
MS17002_GTATCTTAGAAACCTA,3.180075,-4.6153703,pancreatic ductal cell,SAMN08768799
MS17002_TATTACCCAGCTGCAC,4.4126515,17.402452,pancreatic A cell,SAMN08768799
MS17002_CGTAGGCCAAGCGTAG,-0.38859197,-6.5237412,pancreatic ductal cell,SAMN08768799
MS17002_CGCCAAGTCTTGTCAT,-6.720372,-1.7256529,pancreatic acinar cell,SAMN08768799
MS17002_ACCCACTCAGGATCGA,-6.284987,-1.4686375,pancreatic acinar cell,SAMN08768799
MS17002_GCGCCAAGTCCAGTGC,3.6451747,3.756364,type B pancreatic cell,SAMN08768799
MS17002_TCGGGACTCTGGTGTA,2.7101498,4.6309485,type B pancreatic cell,SAMN08768799
MS17002_TCAGGATGTGAGCGAT,-6.230524,-3.1422846,pancreatic acinar cell,SAMN08768799
MS17002_ACTGAACAGCGACGTA,-0.22221035,-5.903507,pancreatic ductal cell,SAMN08768799
MS17002_ATTACTCAGAGCTGCA,-10.352767,-0.85023284,leukocyte,SAMN08768799
MS17002_AGCGTCGCACCTGGTG,-6.013437,-1.4678147,pancreatic acinar cell,SAMN08768799
MS17002_GATCTAGGTTAAGTAG,11.636707,1.1300961,pancreatic stellate cell,SAMN08768799
MS17002_CGATGTAGTGTGAATA,2.3517702,-4.503578,pancreatic ductal cell,SAMN08768799
MS17002_AAATGCCTCATACGGT,-0.21416844,-6.101955,pancreatic ductal cell,SAMN08768799
MS17002_CTCGAGGCAGGTGGAT,5.112419,19.159695,pancreatic A cell,SAMN08768799
MS17002_CGAGAAGAGTCTCAAC,-6.4824305,-2.950105,pancreatic acinar cell,SAMN08768799
MS17002_CAGCGACCATCACGAT,2.71068,6.0725365,type B pancreatic cell,SAMN08768799
MS17002_TCGAGGCTCTGTTTGT,-0.8788401,-7.0513353,pancreatic ductal cell,SAMN08768799
MS17002_CTTAACTCACGCATCG,-1.313086,-6.4599676,pancreatic ductal cell,SAMN08768799
MS17002_CGGAGTCAGGATGGTC,5.831943,16.906523,pancreatic A cell,SAMN08768799
MS17002_TCTCATAGTCATGCCG,0.36557823,-6.248555,pancreatic ductal cell,SAMN08768799
MS17002_TCGTACCCAGCGTAAG,2.8154972,3.6121945,type B pancreatic cell,SAMN08768799
MS17002_GTCACAAGTGAAATCA,-0.28882504,-5.9158406,pancreatic ductal cell,SAMN08768799
MS17002_CATTATCTCTTGGGTA,-0.26597515,-6.563356,pancreatic ductal cell,SAMN08768799
MS17002_GCGCAACTCTCAACTT,5.1263943,16.321825,pancreatic A cell,SAMN08768799
MS17002_TTTATGCAGCCTTGAT,2.7864115,4.007837,type B pancreatic cell,SAMN08768799
MS17002_GACGGCTTCACCACCT,-0.65236706,-5.9966254,pancreatic ductal cell,SAMN08768799
MS17002_CTCTGGTAGCGCTTAT,2.6243076,4.6996136,type B pancreatic cell,SAMN08768799
MS17002_GTCTCGTTCGCGTAGC,2.753221,3.771684,type B pancreatic cell,SAMN08768799
MS17002_CCGTACTCAGGACGTA,-1.5021396,-4.277039,pancreatic acinar cell,SAMN08768799
MS17002_ATCACGAGTTCGGGCT,3.2493036,3.4788616,type B pancreatic cell,SAMN08768799
MS17002_CGCTTCAGTTGGAGGT,0.3410026,-6.8858333,pancreatic ductal cell,SAMN08768799
MS17002_GATCGATTCCCTAACC,-0.37928346,-3.9102101,pancreatic ductal cell,SAMN08768799
MS17002_TGGTTCCGTGGGTCAA,3.6290348,3.8218699,type B pancreatic cell,SAMN08768799
MS17002_ATCATCTTCCATGCTC,-0.47415453,-6.4001026,pancreatic ductal cell,SAMN08768799
MS17002_TACGGTACACTCTGTC,3.42376,3.5648813,type B pancreatic cell,SAMN08768799
MS17002_AATCCAGGTTCGCTAA,-1.2166911,-6.7604237,pancreatic ductal cell,SAMN08768799
MS17002_ACTTACTGTAAGCACG,2.9760625,3.8920438,type B pancreatic cell,SAMN08768799
MS17002_CGGTTAAGTGAGTGAC,3.5406945,3.7321203,type B pancreatic cell,SAMN08768799
MS17002_ACGGGCTCAGACGCAA,0.17201738,2.5813437,type B pancreatic cell,SAMN08768799
MS17002_GATGAAAAGCGGCTTC,-4.3441024,-3.0458353,pancreatic acinar cell,SAMN08768799
MS17002_CGTTAGAAGGTGCTAG,-0.8807214,-6.76609,pancreatic ductal cell,SAMN08768799
MS17002_TGGCTGGTCCTAAGTG,-1.2197485,-6.3837314,pancreatic ductal cell,SAMN08768799
MS17002_AGAGCGACAGCTGCTG,0.28272364,-6.0395713,pancreatic ductal cell,SAMN08768799
MS17002_GCTCCTACAGCTGCTG,0.5149759,1.6456865,type B pancreatic cell,SAMN08768799
MS17002_AAGGTTCTCTCGTATT,3.2309701,3.4418688,pancreatic A cell,SAMN08768799
MS17002_AGTGGGAGTGGCGAAT,-3.7025328,3.4968908,pancreatic D cell,SAMN08768799
MS17002_AACGTTGAGAGTTGGC,4.45552,17.422626,pancreatic A cell,SAMN08768799
MS17002_CGGAGCTAGTGACTCT,2.119663,-5.0422363,pancreatic ductal cell,SAMN08768799
MS17002_CTCTACGTCAGCTTAG,1.8127196,-6.330433,pancreatic ductal cell,SAMN08768799
MS17002_CATGACACATGCTAGT,3.3219287,3.4484131,type B pancreatic cell,SAMN08768799
MS17002_TTTCCTCAGCTGCAAG,3.172721,4.4748535,type B pancreatic cell,SAMN08768799
MS17002_AGGCCGTTCGAGCCCA,-6.125609,-2.9144542,pancreatic acinar cell,SAMN08768799
MS17002_GCTCTGTTCCTTTCGG,-1.2662665,-5.669056,pancreatic ductal cell,SAMN08768799
MS17002_CCTTACGAGTGGCACA,13.026292,3.018616,endothelial cell,SAMN08768799
MS17002_CCATGTCCACTAGTAC,3.2726603,3.9943018,type B pancreatic cell,SAMN08768799
MS17002_TGCACCTGTGTCCTCT,-0.59279245,-6.423171,pancreatic ductal cell,SAMN08768799
MS17002_ACGCCAGTCACAGTAC,2.4046896,-4.551442,pancreatic ductal cell,SAMN08768799
MS17002_GAGCAGAAGTGTGAAT,1.9382362,4.8955193,type B pancreatic cell,SAMN08768799
MS17002_CCATGTCGTTCAACCA,5.0066743,15.908013,pancreatic A cell,SAMN08768799
MS17002_TCACAAGTCTAACCGA,-0.25317997,1.864858,type B pancreatic cell,SAMN08768799
MS17002_CGATGTAGTCCAAGTT,-0.095514655,-6.3442035,pancreatic ductal cell,SAMN08768799
MS17002_CTGCCTAGTGCTAGCC,12.49608,2.55115,endothelial cell,SAMN08768799
MS17002_GTGTGCGAGCGGCTTC,11.311105,0.70612496,pancreatic stellate cell,SAMN08768799
MS17002_CCCAATCGTCGCATAT,4.9039397,16.561277,pancreatic A cell,SAMN08768799
MS17002_CATGCCTAGGTAAACT,-5.2762485,-1.9373877,pancreatic acinar cell,SAMN08768799
MS17002_TATTACCGTGCGAAAC,2.8367867,21.401814,pancreatic A cell,SAMN08768799
MS17002_ACGATGTGTGAAATCA,5.271831,17.322374,pancreatic A cell,SAMN08768799
MS17002_CGTTCTGGTCACCCAG,-1.2836188,-4.226743,pancreatic acinar cell,SAMN08768799
MS17002_GCAGCCATCATCGGAT,2.668381,-4.1030602,pancreatic ductal cell,SAMN08768799
MS17002_TACTTGTTCCTTGGTC,0.60254055,2.2460697,type B pancreatic cell,SAMN08768799
MS17002_TTCTTAGGTGAGGCTA,0.39943162,-5.9365125,pancreatic ductal cell,SAMN08768799
MS17002_GACTACACATGTTGAC,2.837484,3.1369836,type B pancreatic cell,SAMN08768799
MS17002_AAGGAGCCAGTATCTG,1.493862,-6.2342863,pancreatic ductal cell,SAMN08768799
MS17002_GTTCTCGAGCTGGAAC,5.8746233,16.856781,pancreatic A cell,SAMN08768799
MS17002_AGTGTCAGTGTCCTCT,-0.2794589,-6.193002,pancreatic ductal cell,SAMN08768799
MS17002_GTCATTTTCGTCACGG,-4.1259823,-3.3545687,pancreatic acinar cell,SAMN08768799
MS17002_GATGAAAAGGCTCAGA,-5.1546097,-2.1705606,pancreatic acinar cell,SAMN08768799
MS17002_TTTGCGCAGGGCTCTC,-0.47818014,4.916448,type B pancreatic cell,SAMN08768799
MS17002_CTTCTCTGTCACTGGC,2.4161935,5.550851,type B pancreatic cell,SAMN08768799
MS17002_AATCGGTTCTCGATGA,-0.7085655,-6.7684703,pancreatic ductal cell,SAMN08768799
MS17002_ACCGTAAGTCGGATCC,0.7849878,2.9113743,type B pancreatic cell,SAMN08768799
MS17002_CGTAGGCCACAAGCCC,-6.144037,-1.4433894,pancreatic acinar cell,SAMN08768799
MS17002_TCCACACAGGACCACA,3.6275256,3.6016295,type B pancreatic cell,SAMN08768799
MS17002_TCCCGATGTTATGTGC,-0.06779765,2.7720416,type B pancreatic cell,SAMN08768799
MS17002_TAAGAGACAGCTGTAT,0.87103426,5.0623484,type B pancreatic cell,SAMN08768799
MS17002_TTCTACACAAGAGGCT,-0.28365037,-3.6004243,pancreatic ductal cell,SAMN08768799
MS17002_CGTCCATTCGCCCTTA,-1.4753848,-6.56115,pancreatic ductal cell,SAMN08768799
MS17002_AGAGCGAGTTACTGAC,2.0385654,-5.968599,pancreatic ductal cell,SAMN08768799
MS17002_ATCCGAAGTCAACTGT,2.560876,4.193116,type B pancreatic cell,SAMN08768799
MS17002_GAGTCCGAGCTAAGAT,-10.546293,-1.0177783,leukocyte,SAMN08768799
MS17002_CGTCCATAGATCTGCT,3.052338,3.7936337,type B pancreatic cell,SAMN08768799
MS17002_GCCAAATTCTCAAACG,0.5491448,1.8997749,type B pancreatic cell,SAMN08768799
MS17002_AGTGAGGTCTTCGAGA,-1.4324685,3.591491,type B pancreatic cell,SAMN08768799
MS17002_AATCCAGTCCCAACGG,4.4617085,19.302404,pancreatic A cell,SAMN08768799
MS17002_GTATTCTAGCAGCCTC,-6.272554,-1.8861173,pancreatic acinar cell,SAMN08768799
MS17002_ACACCAAGTAAGTTCC,-0.9269561,-5.334581,pancreatic ductal cell,SAMN08768799
MS17002_TTGAACGGTGCACGAA,-0.18216582,-3.8504808,pancreatic ductal cell,SAMN08768799
MS17002_CCGTGGACATGGTAGG,-4.6400533,-2.3475244,pancreatic acinar cell,SAMN08768799
MS17002_CCTAGCTAGTCTCGGC,12.060455,-0.6041134,pancreatic stellate cell,SAMN08768799
MS17002_GGGTTGCAGCCAGTAG,4.9225707,19.009218,pancreatic A cell,SAMN08768799
MS17002_CAAGAAAGTTGTGGAG,2.8263257,4.1466217,type B pancreatic cell,SAMN08768799
MS17002_GCCTCTAGTGAGTATA,-0.28134993,-6.894621,pancreatic ductal cell,SAMN08768799
MS17002_ACACCCTCAAACGCGA,11.5089445,-1.5194912,pancreatic stellate cell,SAMN08768799
MS17002_CGATTGATCATGCTCC,0.8420369,-6.4575095,pancreatic ductal cell,SAMN08768799
MS17002_AGCGTCGTCTGAGTGT,1.763875,7.139571,type B pancreatic cell,SAMN08768799
MS17002_AGATCTGTCCAGTAGT,1.2606276,8.249114,type B pancreatic cell,SAMN08768799
MS17002_CACACCTTCGGTCTAA,3.9445517,18.371178,pancreatic A cell,SAMN08768799
MS17002_ACTTACTAGAGATGAG,0.95890623,2.7037175,type B pancreatic cell,SAMN08768799
MS17002_TACTTGTAGATGTAAC,13.004063,2.8632843,endothelial cell,SAMN08768799
MS17002_GCATGATCACAACGCC,-0.4473125,3.4803076,type B pancreatic cell,SAMN08768799
MS17002_AAGCCGCAGTCCATAC,-0.5489391,-7.0691543,pancreatic ductal cell,SAMN08768799
MS17002_CTAGCCTCAATGAAAC,-0.11937038,-3.5445485,pancreatic ductal cell,SAMN08768799
MS17002_CTCCTAGGTGAACCTT,2.6600654,4.7815423,type B pancreatic cell,SAMN08768799
MS17002_GCGAGAAAGAGCAATT,-0.32700536,5.169131,type B pancreatic cell,SAMN08768799
MS17002_ACTTGTTGTGATGTCT,2.8472328,5.699839,type B pancreatic cell,SAMN08768799
MS17002_CAGGTGCAGACAGAGA,1.4349964,-5.331785,pancreatic ductal cell,SAMN08768799
MS17002_CTCATTAAGCGTAGTG,-1.2552094,-4.4414773,pancreatic acinar cell,SAMN08768799
MS17002_TGGGAAGAGATGTTAG,4.016055,5.7548594,type B pancreatic cell,SAMN08768799
MS17002_CACACAATCGCATGAT,-6.129886,-3.0802958,pancreatic acinar cell,SAMN08768799
MS17002_TTGGAACCAAGCTGGA,5.1771755,17.425632,pancreatic A cell,SAMN08768799
MS17002_ACAGCCGCACATGGGA,-3.0323114,-4.1402903,pancreatic acinar cell,SAMN08768799
MS17002_AGAGTGGTCGGCATCG,4.8698144,18.312666,pancreatic A cell,SAMN08768799
MS17002_AAGACCTGTGCCTGCA,3.9626133,19.474566,pancreatic A cell,SAMN08768799
MS17002_GTGCATACAGTAAGAT,-6.6830173,-1.5923284,pancreatic acinar cell,SAMN08768799
MS17002_ACGAGCCGTCCGTGAC,-0.3796402,-6.3331943,pancreatic ductal cell,SAMN08768799
MS17002_TACACGACAGACTCGC,2.2516172,-4.7908907,pancreatic ductal cell,SAMN08768799
MS17002_CATCCACTCTGCAAGT,11.633233,0.8370761,pancreatic stellate cell,SAMN08768799
MS17002_ATCACGATCTACTATC,-6.283675,-3.3846962,pancreatic acinar cell,SAMN08768799
MS17002_GCCTCTAAGGTAGCTG,3.8472548,17.956667,pancreatic A cell,SAMN08768799
MS17002_ACGCAGCCAGTCGATT,-1.3942322,-6.7242374,pancreatic ductal cell,SAMN08768799
MS17002_ATGCGATTCCGCATCT,2.4395359,5.0340767,type B pancreatic cell,SAMN08768799
MS17002_CCTACACCAAACTGTC,1.5223215,4.9565573,type B pancreatic cell,SAMN08768799
MS17002_GGCCGATCATTACGAC,5.2369013,19.075268,pancreatic A cell,SAMN08768799
MS17002_GTCACAATCATGCTCC,-0.12152017,-6.9543757,pancreatic ductal cell,SAMN08768799
MS17002_CCTAGCTCAGCGAACA,3.4524994,4.345067,type B pancreatic cell,SAMN08768799
MS17002_ACATACGAGTTCGATC,-6.4343677,-1.5596905,pancreatic acinar cell,SAMN08768799
MS17002_GGGCACTAGATGCCTT,-1.1576469,-6.534042,pancreatic ductal cell,SAMN08768799
MS17002_TGAGGGACATTAACCG,-5.69607,-1.9992349,pancreatic acinar cell,SAMN08768799
MS17002_CTTAGGAAGTCGTACT,5.755069,18.219742,pancreatic A cell,SAMN08768799
MS17002_CAGCTGGCATAAAGGT,5.13805,18.78315,pancreatic A cell,SAMN08768799
MS17002_AAAGCAATCTTTACGT,1.2442518,5.3298097,type B pancreatic cell,SAMN08768799
MS17002_GAACATCAGGAGCGAG,5.188465,16.35228,pancreatic A cell,SAMN08768799
MS17002_TACGGATAGACGCACA,-5.9499764,-2.2237146,pancreatic acinar cell,SAMN08768799
MS17002_ATCATGGAGAAGATTC,-0.18084052,-4.238324,pancreatic ductal cell,SAMN08768799
MS17002_CACACTCGTGCTCTTC,12.633373,3.0255597,endothelial cell,SAMN08768799
MS17002_TCACAAGCATGGAATA,5.1825924,15.869651,pancreatic A cell,SAMN08768799
MS17002_GTACTTTGTTGGAGGT,11.760096,1.0036192,pancreatic stellate cell,SAMN08768799
MS17002_AGCCTAATCAACGGCC,-5.6275525,2.4641943,pancreatic D cell,SAMN08768799
MS17002_TCGGTAACACCATGTA,2.059549,3.2846272,type B pancreatic cell,SAMN08768799
MS17002_TTAACTCCATACGCTA,-6.757688,-1.9682074,pancreatic acinar cell,SAMN08768799
MS17002_TTGACTTTCAAACGGG,-4.3243823,-2.3077836,pancreatic acinar cell,SAMN08768799
MS17002_CGATGTACACGGCCAT,-1.3630778,-6.407591,pancreatic ductal cell,SAMN08768799
MS17002_TTCTCAACACCTCGTT,12.790733,2.928227,endothelial cell,SAMN08768799
MS17002_GAGGTGAGTCTTGATG,0.3866224,4.579916,type B pancreatic cell,SAMN08768799
MS17002_CTTCTCTAGTTGCAGG,4.0073833,4.140569,type B pancreatic cell,SAMN08768799
MS17002_CTGTTTATCACCACCT,-0.9704685,-6.8782005,pancreatic ductal cell,SAMN08768799
MS17002_TGCTACCCACCGCTAG,5.5317717,17.732513,pancreatic A cell,SAMN08768799
MS17002_AGAGTGGAGAAACCAT,-5.6603475,2.5846765,pancreatic D cell,SAMN08768799
MS17002_GGATTACAGACACGAC,3.1677396,3.1861017,type B pancreatic cell,SAMN08768799
MS17002_TACGGTAAGACGCAAC,4.4174194,17.275345,pancreatic A cell,SAMN08768799
MS17002_AGCTTGAAGCGCTCCA,4.627324,17.44289,pancreatic A cell,SAMN08768799
MS17002_GGAACTTAGTGAATTG,0.8563192,1.5348787,type B pancreatic cell,SAMN08768799
MS17002_GCTCCTATCATCATTC,1.0589114,6.5659266,type B pancreatic cell,SAMN08768799
MS17002_CCCAATCAGAGCAATT,2.1095378,3.3079627,type B pancreatic cell,SAMN08768799
MS17002_CGAACATTCCGTCAAA,-3.5885873,4.1902647,pancreatic D cell,SAMN08768799
MS17002_CGAACATAGCGTTGCC,-0.118065454,-6.934494,pancreatic ductal cell,SAMN08768799
MS17002_TACACGACAGATGGGT,1.4232583,4.8970776,type B pancreatic cell,SAMN08768799
MS17002_CCACGGATCTTGTCAT,-5.9005055,-1.5925448,pancreatic acinar cell,SAMN08768799
MS17002_CTCTAATAGTGGGATC,-6.039436,-1.894184,pancreatic acinar cell,SAMN08768799
MS17002_ATCATCTAGAAGGGTA,-1.2787632,-6.614574,pancreatic ductal cell,SAMN08768799
MS17002_TCCCGATAGCGAAGGG,5.675169,16.744335,pancreatic A cell,SAMN08768799
MS17002_CATGCCTGTTGAGGTG,-3.3587735,-3.3031902,pancreatic acinar cell,SAMN08768799
MS17002_TGGGAAGAGACCTTTG,5.4338326,18.626894,pancreatic A cell,SAMN08768799
MS17002_AGCGTCGTCTGAAAGA,2.5826697,-4.7200427,pancreatic ductal cell,SAMN08768799
MS17002_CAACTAGAGGTAAACT,4.0658326,18.869411,pancreatic A cell,SAMN08768799
MS17002_TAGACCACAATCGGTT,11.800896,0.30177754,pancreatic stellate cell,SAMN08768799
MS17002_GCACTCTCAGACAGGT,-0.1737004,-6.424989,pancreatic ductal cell,SAMN08768799
MS17002_TCTGAGACAATGGATA,5.247486,19.120184,pancreatic A cell,SAMN08768799
MS17002_TCCACACCAGGGCATA,11.560179,1.1313064,pancreatic stellate cell,SAMN08768799
MS17002_TATCTCATCCTTTCGG,3.0862916,5.6226397,type B pancreatic cell,SAMN08768799
MS17002_GGTGAAGAGCAATCTC,5.214627,17.735397,pancreatic A cell,SAMN08768799
MS17002_TCGGGACCACTACAGT,3.4226823,3.4813433,type B pancreatic cell,SAMN08768799
MS17002_AGATCTGCAGTCAGAG,12.142506,0.44017068,pancreatic stellate cell,SAMN08768799
MS17002_CGGGTCATCTTAGCCC,5.910684,18.103067,pancreatic A cell,SAMN08768799
MS17002_GATGAGGGTTATGTGC,3.1086817,5.3299327,type B pancreatic cell,SAMN08768799
MS17002_CTGTGCTTCCCTAACC,0.31311813,3.4789078,type B pancreatic cell,SAMN08768799
MS17002_ACTGAACAGTTCGATC,0.27300417,3.7674162,type B pancreatic cell,SAMN08768799
MS17002_CTCTGGTGTCGAGATG,5.0229154,18.372507,pancreatic A cell,SAMN08768799
MS17002_ATCCGAACAGCTGCAC,11.451588,1.0293894,pancreatic stellate cell,SAMN08768799
MS17002_ATTCTACGTACAGTGG,2.917123,18.987543,pancreatic A cell,SAMN08768799
MS17002_TGAGCCGTCCACGAAT,0.23738137,-5.2461977,pancreatic ductal cell,SAMN08768799
MS17002_TACGGGCAGGAATGGA,1.941518,21.74172,pancreatic A cell,SAMN08768799
MS17002_TACCTATTCGGGAGTA,2.2798595,5.4381166,type B pancreatic cell,SAMN08768799
MS17002_TGTATTCAGGCTATCT,1.522449,2.931601,type B pancreatic cell,SAMN08768799
MS17002_TACAGTGAGCCTCGTG,0.55571914,3.2613804,type B pancreatic cell,SAMN08768799
MS17002_AGGGTGATCTGAAAGA,2.756249,3.8754623,type B pancreatic cell,SAMN08768799
MS17002_CATATGGAGGGCACTA,-0.25621286,1.9421124,type B pancreatic cell,SAMN08768799
MS17002_CATCCACAGAAGAAGC,-0.37585753,-4.0057783,pancreatic ductal cell,SAMN08768799
MS17002_ACTTTCAGTTTAGGAA,2.089755,-5.9744515,pancreatic ductal cell,SAMN08768799
MS17002_AAACCTGAGATCCCAT,1.7835158,7.931149,type B pancreatic cell,SAMN08768799
MS17002_TCCCGATGTTTAGGAA,-5.8652925,-2.2591882,pancreatic acinar cell,SAMN08768799
MS17002_CTCCTAGTCCTGTAGA,-5.204764,-2.212843,pancreatic acinar cell,SAMN08768799
MS17002_TCGCGTTTCGTCACGG,-0.6192682,-4.0769944,pancreatic ductal cell,SAMN08768799
MS17002_TCGGTAAAGGGCTTCC,-6.5059996,-1.5317975,pancreatic acinar cell,SAMN08768799
MS17002_CCACGGACAGGTCCAC,0.83237785,1.7132261,type B pancreatic cell,SAMN08768799
MS17002_GGCTGGTCATTGTGCA,-1.1669226,-6.9170094,pancreatic ductal cell,SAMN08768799
MS17002_CACCTTGCAGGAATCG,11.566052,0.79809517,pancreatic stellate cell,SAMN08768799
MS17002_TCAGCAATCAGAGCTT,-0.4116981,-6.7083654,pancreatic ductal cell,SAMN08768799
MS17002_GTGCATACATAAGACA,3.9566607,15.832126,pancreatic A cell,SAMN08768799
MS17002_CCTTCCCAGCCTTGAT,1.0979663,3.4277456,type B pancreatic cell,SAMN08768799
MS17002_CAACCAACACCTTGTC,-0.6610811,-6.6993833,pancreatic ductal cell,SAMN08768799
MS17002_AACTGGTTCGGCGCTA,-1.098825,-6.8189807,pancreatic ductal cell,SAMN08768799
MS17002_ATCACGATCTGGCGTG,0.22466122,-6.103375,pancreatic ductal cell,SAMN08768799
MS17002_TTTCCTCAGTGCGTGA,-5.191221,-1.7268734,pancreatic acinar cell,SAMN08768799
MS17002_GCACTCTGTCGAACAG,0.2766967,-5.8892612,pancreatic ductal cell,SAMN08768799
MS17002_CGCTGGAGTCATATCG,1.6250659,-4.546614,pancreatic ductal cell,SAMN08768799
MS17002_GAAACTCGTATCTGCA,3.3808334,3.4560773,type B pancreatic cell,SAMN08768799
MS17002_AGTGGGACATCCTAGA,-6.532088,-2.146888,pancreatic acinar cell,SAMN08768799
MS17002_TCCACACCATATACCG,11.93828,-2.0837536,pancreatic stellate cell,SAMN08768799
MS17002_CCTTCCCAGTCTCCTC,3.3536918,4.207185,type B pancreatic cell,SAMN08768799
MS17002_TGCCCTACACGTGAGA,2.4981706,5.959336,type B pancreatic cell,SAMN08768799
MS17002_CAGCAGCTCATCATTC,11.615718,0.9584234,pancreatic stellate cell,SAMN08768799
MS17002_GGTGCGTTCCGCTGTT,12.853853,2.9513192,endothelial cell,SAMN08768799
MS17002_ATTGGTGTCAACACTG,2.1995656,-6.188809,pancreatic ductal cell,SAMN08768799
MS17002_CTCCTAGAGATGTGGC,1.796093,-6.1920524,pancreatic ductal cell,SAMN08768799
MS17002_CCGGGATGTAGCGATG,6.576771,17.846743,pancreatic A cell,SAMN08768799
MS17002_TCAGGATTCGCACTCT,5.157826,15.822576,pancreatic A cell,SAMN08768799
MS17002_TTGACTTGTTCAGGCC,-0.5074407,-6.7057605,pancreatic ductal cell,SAMN08768799
MS17002_TGGTTAGTCTGCCCTA,-0.31404093,2.3097253,type B pancreatic cell,SAMN08768799
MS17002_CACAAACAGCCTTGAT,-6.6298633,-2.0482526,pancreatic acinar cell,SAMN08768799
MS17002_ATCATCTTCTACCAGA,0.61573106,-5.835645,pancreatic ductal cell,SAMN08768799
MS17002_CGAACATGTGCAGTAG,-1.0068775,-6.5393505,pancreatic ductal cell,SAMN08768799
MS17002_ACGCCGAAGGTGATAT,1.3446755,-6.136685,pancreatic ductal cell,SAMN08768799
MS17002_CCTACACGTACTCAAC,3.1392457,4.927771,type B pancreatic cell,SAMN08768799
MS17002_TTGGCAATCTCAAACG,2.4187279,3.2005794,type B pancreatic cell,SAMN08768799
MS17002_GATCTAGGTTATGTGC,1.7941555,5.2700486,type B pancreatic cell,SAMN08768799
MS17002_GGATTACGTACGACCC,-5.7407017,2.418162,pancreatic D cell,SAMN08768799
MS17002_TGCCAAAAGCTATGCT,-1.088766,-5.79716,pancreatic ductal cell,SAMN08768799
MS17002_GATGCTAGTGTGAATA,0.5281015,-5.900375,pancreatic ductal cell,SAMN08768799
MS17002_GGACAGAAGAGTAATC,0.04673335,-5.9312706,pancreatic ductal cell,SAMN08768799
MS17002_ACTGCTCAGGTAGCTG,1.3012278,6.2332606,type B pancreatic cell,SAMN08768799
MS17002_GGGAATGAGTGGTAGC,-1.3308797,-6.41529,pancreatic ductal cell,SAMN08768799
MS17002_ACTTGTTCACAGGAGT,0.30094028,-5.00196,pancreatic ductal cell,SAMN08768799
MS17002_TAGTTGGAGGATGTAT,-0.24184698,3.2653315,type B pancreatic cell,SAMN08768799
MS17002_TACAGTGAGCTAACTC,-6.365207,-1.6420977,pancreatic acinar cell,SAMN08768799
MS17002_CAGCATAAGATGCCTT,-0.47338605,-5.78817,pancreatic ductal cell,SAMN08768799
MS17002_CTACATTCAACACGCC,-0.17431277,-3.672597,pancreatic ductal cell,SAMN08768799
MS17002_CCCAATCTCTCCTATA,-6.7539024,-1.8031062,pancreatic acinar cell,SAMN08768799
MS17002_TACGGTATCTTGCATT,4.7545714,16.452347,pancreatic A cell,SAMN08768799
MS17002_CACACAAGTAGTAGTA,2.8698022,6.042863,type B pancreatic cell,SAMN08768799
MS17002_AGACGTTCATGCAATC,11.650117,-0.884782,pancreatic stellate cell,SAMN08768799
MS17002_GGATGTTAGCCAACAG,1.2827196,-6.1985073,pancreatic ductal cell,SAMN08768799
MS17002_CGTCACTGTCTGCAAT,-0.6971095,-6.734891,pancreatic ductal cell,SAMN08768799
MS17002_TACTTACGTGGCTCCA,-0.44180334,-4.0218163,pancreatic ductal cell,SAMN08768799
MS17002_AAGTCTGGTATAGGTA,2.7107236,3.7931833,type B pancreatic cell,SAMN08768799
MS17002_TTGACTTGTAAATGAC,-6.3208547,-1.9446661,pancreatic acinar cell,SAMN08768799
MS17002_TAGCCGGGTCAACATC,-6.6441865,-1.5825459,pancreatic acinar cell,SAMN08768799
MS17002_CTCTAATCATGGGAAC,-0.5823022,-6.379983,pancreatic ductal cell,SAMN08768799
MS17002_CTAGAGTCAATGTTGC,2.9073873,5.477419,type B pancreatic cell,SAMN08768799
MS17002_CGTTAGAGTCGCTTCT,1.4279786,4.4393115,type B pancreatic cell,SAMN08768799
MS17002_ACGCAGCGTGTGACCC,-1.6140181,-6.692561,pancreatic ductal cell,SAMN08768799
MS17002_CTCTGGTAGCTGGAAC,-3.8096113,-2.498448,pancreatic acinar cell,SAMN08768799
MS17002_CTCGGGACACATTAGC,-1.0990175,-7.10026,pancreatic ductal cell,SAMN08768799
MS17002_CTGATAGGTACAGACG,2.6596112,3.9985,type B pancreatic cell,SAMN08768799
MS17002_ACGAGCCGTCCGAATT,-0.41235897,-6.2351403,pancreatic ductal cell,SAMN08768799
MS17002_CTCGAGGGTGTTTGGT,-6.343431,-1.7430398,pancreatic acinar cell,SAMN08768799
MS17002_AGCATACTCAACGGGA,11.687471,0.7486867,pancreatic stellate cell,SAMN08768799
MS17002_ATAACGCAGCTCCTTC,-0.1823172,-6.237031,pancreatic ductal cell,SAMN08768799
MS17002_GCGACCACATTGGGCC,5.9359336,17.539766,pancreatic A cell,SAMN08768799
MS17002_ACGAGCCAGCATCATC,-6.6245084,-1.6683248,pancreatic acinar cell,SAMN08768799
MS17002_CGTCAGGCATCGGGTC,12.198467,2.5473838,endothelial cell,SAMN08768799
MS17002_GGGAATGGTAATCACC,-0.11168429,2.6836379,type B pancreatic cell,SAMN08768799
MS17002_CAGCTAATCGTGACAT,3.861703,15.539301,pancreatic A cell,SAMN08768799
MS17002_CGCGGTAAGAGAGCTC,-1.1883601,-4.788743,pancreatic acinar cell,SAMN08768799
MS17002_ACTGAACCATCTCCCA,6.580057,17.859953,pancreatic A cell,SAMN08768799
MS17002_GATGCTAGTTAAGACA,-0.4578472,-3.9615288,pancreatic ductal cell,SAMN08768799
MS17002_TCAGCTCGTCAAACTC,12.7265415,2.934179,endothelial cell,SAMN08768799
MS17002_GCTGGGTAGTGTACCT,-0.19790171,-5.4436717,pancreatic ductal cell,SAMN08768799
MS17002_TCGTACCCACACTGCG,-3.2479603,-3.9549248,pancreatic acinar cell,SAMN08768799
MS17002_AGTTGGTAGCGTAATA,4.6090746,17.869432,pancreatic A cell,SAMN08768799
MS17002_TCTTCGGAGTAGGCCA,-6.2113214,-1.768114,pancreatic acinar cell,SAMN08768799
MS17002_GACCTGGCACCAACCG,1.9201154,3.969085,type B pancreatic cell,SAMN08768799
MS17002_ACAGCCGCAGTTCATG,-3.187395,-4.143863,pancreatic acinar cell,SAMN08768799
MS17002_AAAGATGGTTGAACTC,-1.607523,-5.8748784,pancreatic ductal cell,SAMN08768799
MS17002_TACAGTGAGCGATAGC,-0.97911423,-6.9501743,pancreatic ductal cell,SAMN08768799
MS17002_GATCGATCACGGACAA,-0.7378836,-4.4480653,pancreatic ductal cell,SAMN08768799
MS17002_ACGCCAGCATCGATGT,0.82936317,-6.8066397,pancreatic ductal cell,SAMN08768799
MS17002_GCTGGGTCAAGCCCAC,-0.58945173,-5.444675,pancreatic ductal cell,SAMN08768799
MS17002_CAAGGCCTCGGTTAAC,-0.44649154,-6.487854,pancreatic ductal cell,SAMN08768799
MS17002_CTCGTACCATACGCTA,-0.92139274,-5.857871,pancreatic ductal cell,SAMN08768799
MS17002_ACGATGTAGACTCGGA,-4.948673,-1.9530635,pancreatic acinar cell,SAMN08768799
MS17002_CTAACTTGTGGTACAG,1.4901645,8.250673,type B pancreatic cell,SAMN08768799
MS17002_ATCATGGGTAATCGTC,3.666382,22.248749,pancreatic A cell,SAMN08768799
MS17002_GCGCGATCAAGGTGTG,-6.7236934,-1.7956622,pancreatic acinar cell,SAMN08768799
MS17002_TACTTACAGACAAAGG,-6.5627503,-2.3098953,pancreatic acinar cell,SAMN08768799
MS17002_CCACCTACATACGCCG,-6.5002074,-1.4991496,pancreatic acinar cell,SAMN08768799
MS17002_ATAACGCAGGCAGTCA,4.7767015,17.28116,pancreatic A cell,SAMN08768799
MS17002_AGCAGCCCAACTGCTA,-0.3962278,-6.51116,pancreatic ductal cell,SAMN08768799
MS17002_TTGCCGTGTTAAAGAC,4.718087,17.678318,pancreatic A cell,SAMN08768799
MS17002_AAAGTAGAGGACAGAA,3.2460802,3.4362059,type B pancreatic cell,SAMN08768799
MS17002_CATATGGGTTTGTGTG,3.260352,21.638067,pancreatic A cell,SAMN08768799
MS17002_AACCGCGCACTTACGA,-1.4877359,-6.010965,pancreatic ductal cell,SAMN08768799
MS17002_AGATTGCTCACGATGT,-1.3779063,-5.8085175,pancreatic ductal cell,SAMN08768799
MS17002_CCTAGCTGTCGGATCC,-10.504993,-0.81964666,leukocyte,SAMN08768799
MS17002_ATAGACCCAGCTGCTG,3.9257905,3.95854,type B pancreatic cell,SAMN08768799
MS17002_GTCTCGTTCCGGGTGT,2.68318,4.4232655,type B pancreatic cell,SAMN08768799
MS17002_TGTGTTTCAGTAAGCG,-4.978565,-2.2011015,pancreatic acinar cell,SAMN08768799
MS17002_GAGTCCGAGTGACATA,-6.672397,-2.272123,pancreatic acinar cell,SAMN08768799
MS17002_CAGAGAGTCTAACTTC,11.762513,0.9494247,pancreatic stellate cell,SAMN08768799
MS17002_TGCTACCTCAACACTG,5.3287716,16.179165,pancreatic A cell,SAMN08768799
MS17002_ACAGCCGAGAGATGAG,5.3865943,18.086458,pancreatic A cell,SAMN08768799
MS17002_CGTTGGGAGAATGTTG,5.3454733,17.661247,pancreatic A cell,SAMN08768799
MS17002_TCGGTAACAAGTAATG,5.33163,18.973043,pancreatic A cell,SAMN08768799
MS17002_CCAGCGATCAAAGTAG,-5.222548,-1.7115209,pancreatic acinar cell,SAMN08768799
MS17002_CTTGGCTAGACGCACA,2.496545,19.39634,pancreatic A cell,SAMN08768799
MS17002_CGAACATAGAGTACCG,1.0924131,-5.7898793,pancreatic ductal cell,SAMN08768799
MS17002_CGATGGCCAATGAAAC,3.0321076,4.411983,type B pancreatic cell,SAMN08768799
MS17002_GACGGCTCAGACAGGT,2.2541244,21.131216,pancreatic A cell,SAMN08768799
MS17002_GAGCAGAAGCTAACTC,12.406074,0.35181054,pancreatic stellate cell,SAMN08768799
MS17002_TGTTCCGTCTGTGCAA,-0.21368247,5.375457,type B pancreatic cell,SAMN08768799
MS17002_ACAGCTAGTCCTCCAT,1.078862,4.585551,type B pancreatic cell,SAMN08768799
MS17002_GATGAAAAGTCATGCT,-1.029591,-4.9736233,pancreatic ductal cell,SAMN08768799
MS17002_AACCGCGTCCCTAATT,1.6644201,3.335012,type B pancreatic cell,SAMN08768799
MS17002_CCACGGATCTGTTTGT,-5.5954847,-2.0614798,pancreatic acinar cell,SAMN08768799
MS17002_TCTCATACAGGCTCAC,2.10006,3.2054236,type B pancreatic cell,SAMN08768799
MS17002_GTTTCTAAGACAAGCC,2.9267995,3.4643135,type B pancreatic cell,SAMN08768799
MS17002_CTCGGAGCAATCCGAT,-1.2879715,-5.5283675,pancreatic ductal cell,SAMN08768799
MS17002_TTGAACGGTACGAAAT,1.7734021,-5.4914136,pancreatic ductal cell,SAMN08768799
MS17002_ACATACGGTGAAATCA,2.4598916,4.38518,type B pancreatic cell,SAMN08768799
MS17002_ATTGGTGGTTCGGCAC,5.271677,19.152847,pancreatic A cell,SAMN08768799
MS17002_CAACCTCTCCGTCAAA,-0.5234949,-6.096243,pancreatic ductal cell,SAMN08768799
MS17002_GTCAAGTCACTGTTAG,-4.122242,-2.7991707,pancreatic acinar cell,SAMN08768799
MS17002_GGAGCAAGTCTAAACC,-5.2012205,2.8029313,pancreatic D cell,SAMN08768799
MS17002_GGATGTTCATGCTGGC,-0.25995904,2.9871485,type B pancreatic cell,SAMN08768799
MS17002_AGGGAGTAGAGTAATC,11.9690485,-0.7537759,pancreatic stellate cell,SAMN08768799
MS17002_ACCCACTAGAAACGAG,-5.5836635,-1.6813607,pancreatic acinar cell,SAMN08768799
MS17002_CAACTAGTCCTTTACA,-2.9364629,-4.0712824,pancreatic acinar cell,SAMN08768799
MS17002_CGCTATCAGGATTCGG,5.393487,17.226654,pancreatic A cell,SAMN08768799
MS17002_AGTGAGGGTGACTCAT,0.023929542,-6.2313366,pancreatic ductal cell,SAMN08768799
MS17002_CATCAGACAGTGACAG,3.159945,3.8615983,type B pancreatic cell,SAMN08768799
MS17002_AATCGGTGTTGGACCC,-0.22755088,-5.873678,pancreatic ductal cell,SAMN08768799
MS17002_GGGTTGCGTCGAATCT,11.843309,0.565159,pancreatic stellate cell,SAMN08768799
MS17002_TAGCCGGGTGAGGGAG,3.0830967,4.0438113,type B pancreatic cell,SAMN08768799
MS17002_CACCAGGTCCGGGTGT,4.4002385,19.004631,pancreatic A cell,SAMN08768799
MS17002_GTAGTCATCTTCATGT,1.4833837,-6.349109,pancreatic ductal cell,SAMN08768799
MS17002_TAAGCGTTCATAGCAC,-5.3034515,2.6222155,pancreatic D cell,SAMN08768799
MS17002_CCACTACTCCGTACAA,-0.552116,-6.1979165,pancreatic ductal cell,SAMN08768799
MS17002_ACGAGCCCATCCGGGT,-0.92264616,-4.243358,pancreatic acinar cell,SAMN08768799
MS17002_CGATTGAAGCAACGGT,2.7353735,5.909895,type B pancreatic cell,SAMN08768799
MS17002_AACTCAGAGCTCAACT,-5.018338,-2.5971324,pancreatic acinar cell,SAMN08768799
MS17002_CAAGTTGGTCCGCTGA,0.5089537,2.6709754,type B pancreatic cell,SAMN08768799
MS17002_CTACGTCAGGAGTTGC,1.8692527,6.338627,type B pancreatic cell,SAMN08768799
MS17002_ACGTCAAGTTAAGAAC,1.9278146,4.743051,type B pancreatic cell,SAMN08768799
MS18002_GGATTACCACCAGGTC,13.017828,2.980029,endothelial cell,SAMN09370567
MS18002_AGTTGGTCACAACGCC,-5.4192066,-2.3123844,pancreatic acinar cell,SAMN09370567
MS18002_GCAGCCAGTGGCAAAC,2.0029511,7.036337,pancreatic A cell,SAMN09370567
MS18002_TCGGGACAGTTTGCGT,3.7458,20.649834,pancreatic A cell,SAMN09370567
MS18002_GACCTGGGTCCAGTAT,3.7399032,21.069033,pancreatic A cell,SAMN09370567
MS18002_CTGTTTACATTGTGCA,-4.9550004,2.4810169,pancreatic D cell,SAMN09370567
MS18002_ACTATCTCACAACGTT,3.3554935,20.780704,pancreatic A cell,SAMN09370567
MS18002_CCACCTAAGACAATAC,4.153572,20.145184,pancreatic A cell,SAMN09370567
MS18002_AACGTTGTCAAGATCC,1.819087,3.5638967,type B pancreatic cell,SAMN09370567
MS18002_CTAACTTGTCTCGTTC,4.448289,19.903185,pancreatic A cell,SAMN09370567
MS18002_GTCACGGCACACGCTG,4.791237,18.59079,pancreatic A cell,SAMN09370567
MS18002_GGACAAGGTGATGCCC,3.4665263,20.539776,pancreatic A cell,SAMN09370567
MS18002_ATCATGGCAGTGGAGT,-0.05773472,8.607457,type B pancreatic cell,SAMN09370567
MS18002_GATCGATCAATGCCAT,5.0045576,20.59277,pancreatic A cell,SAMN09370567
MS18002_CTCATTATCTGTTTGT,0.7080915,5.7081428,type B pancreatic cell,SAMN09370567
MS18002_GCGCAACTCAACACAC,5.0002847,19.98624,pancreatic A cell,SAMN09370567
MS18002_AAACGGGGTGAGGCTA,4.365776,20.720415,pancreatic A cell,SAMN09370567
MS18002_GTCATTTTCAGTTCGA,-0.8430589,6.2167206,type B pancreatic cell,SAMN09370567
MS18002_TGGCGCACATGTCTCC,3.7490902,20.726307,pancreatic A cell,SAMN09370567
MS18002_CCATGTCTCCTTTACA,-0.8615675,3.4888225,type B pancreatic cell,SAMN09370567
MS18002_TCAGATGCAGTAAGAT,0.93508476,7.2417974,type B pancreatic cell,SAMN09370567
MS18002_CGATCGGGTTTGCATG,0.7619779,8.270218,type B pancreatic cell,SAMN09370567
MS18002_CGATTGAGTAAGGGCT,-0.6124413,5.953498,type B pancreatic cell,SAMN09370567
MS18002_TGAAAGAAGGCATGGT,1.0280895,7.110186,type B pancreatic cell,SAMN09370567
MS18002_AGAATAGCACGGCCAT,-5.003926,-2.174129,pancreatic acinar cell,SAMN09370567
MS18002_AGCTTGACATGTTGAC,12.115303,-2.2855792,pancreatic stellate cell,SAMN09370567
MS18002_ACTGCTCGTAGGGTAC,1.4554805,5.464353,type B pancreatic cell,SAMN09370567
MS18002_TTGTAGGAGGTGATAT,0.16496725,6.3045835,type B pancreatic cell,SAMN09370567
MS18002_AAAGTAGCACAGACTT,3.0972888,19.52849,pancreatic A cell,SAMN09370567
MS18002_CGGACGTAGGCCGAAT,3.0061173,21.868416,pancreatic A cell,SAMN09370567
MS18002_CAGCCGAGTGGTCCGT,-5.508255,2.7704442,pancreatic D cell,SAMN09370567
MS18002_CTGATCCAGGGAGTAA,2.5568779,-4.323851,pancreatic ductal cell,SAMN09370567
MS18002_ACTGCTCTCTCGCTTG,-0.2537354,4.906894,type B pancreatic cell,SAMN09370567
MS18002_CGATCGGCATCTGGTA,2.70677,21.405127,pancreatic A cell,SAMN09370567
MS18002_CTGCCTAGTTGCGCAC,-1.1415373,5.059724,type B pancreatic cell,SAMN09370567
MS18002_ACTGTCCTCATGCAAC,1.224524,-5.3818054,pancreatic ductal cell,SAMN09370567
MS18002_GACGTGCGTTAAGACA,1.5282242,21.015001,pancreatic A cell,SAMN09370567
MS18002_GACCAATTCTAACCGA,-1.2759128,7.670348,type B pancreatic cell,SAMN09370567
MS18002_TTCTACACAGCTATTG,2.3654635,21.198832,pancreatic A cell,SAMN09370567
MS18002_TCAGGTAGTTCAGGCC,-2.2747934,5.952053,type B pancreatic cell,SAMN09370567
MS18002_ACACTGATCCAGAGGA,0.64504355,-6.56347,pancreatic ductal cell,SAMN09370567
MS18002_ATGAGGGCAGATCGGA,3.4609632,20.56321,pancreatic A cell,SAMN09370567
MS18002_CTCTAATCAGATCCAT,4.714104,16.026854,pancreatic A cell,SAMN09370567
MS18002_GATGAGGGTCAGATAA,-1.0251526,4.7683105,type B pancreatic cell,SAMN09370567
MS18002_CGGACTGAGCTCCCAG,4.5732117,21.155224,pancreatic A cell,SAMN09370567
MS18002_TTCGGTCGTCCTAGCG,3.9200807,20.370874,pancreatic A cell,SAMN09370567
MS18002_TCAGGATGTTGGTAAA,3.7352438,22.203787,pancreatic A cell,SAMN09370567
MS18002_GGTGAAGAGCTATGCT,4.094387,21.136997,pancreatic A cell,SAMN09370567
MS18002_CGGCTAGCACATTAGC,4.566338,20.071554,pancreatic A cell,SAMN09370567
MS18002_CCGTTCATCCATGAGT,0.3458859,6.870097,type B pancreatic cell,SAMN09370567
MS18002_TCGGGACGTCGCGGTT,-4.771491,2.3461554,pancreatic D cell,SAMN09370567
MS18002_TAGACCACACGTGAGA,2.792158,21.326372,pancreatic A cell,SAMN09370567
MS18002_CGATCGGCATCGACGC,0.4668863,2.1855395,type B pancreatic cell,SAMN09370567
MS18002_TGGTTAGTCAGTACGT,1.2961282,7.7808123,type B pancreatic cell,SAMN09370567
MS18002_GACCAATTCAGCATGT,-0.08227286,3.5053248,type B pancreatic cell,SAMN09370567
MS18002_GATCGATCACAACTGT,2.17419,21.154182,pancreatic A cell,SAMN09370567
MS18002_TGGCGCACACTCTGTC,-4.6038857,2.5510595,pancreatic D cell,SAMN09370567
MS18002_TACCTATAGTTCGATC,0.64617133,7.5069137,type B pancreatic cell,SAMN09370567
MS18002_ACAGCCGTCTTACCGC,0.5253038,7.1314054,type B pancreatic cell,SAMN09370567
MS18002_GCTCTGTCACTCTGTC,0.22718571,-6.3761816,pancreatic ductal cell,SAMN09370567
MS18002_CATTCGCGTCCGAGTC,-4.300472,2.7590728,pancreatic D cell,SAMN09370567
MS18002_GACTACACAGCCTGTG,3.4023514,21.732101,pancreatic A cell,SAMN09370567
MS18002_GTCTTCGTCTCAAACG,5.3057523,20.189459,pancreatic A cell,SAMN09370567
MS18002_GCAAACTAGCGCTCCA,3.9549065,21.188251,pancreatic A cell,SAMN09370567
MS18002_GATCTAGCATGGTCAT,3.684304,21.462866,pancreatic A cell,SAMN09370567
MS18002_TTCTCCTAGCAAATCA,3.6343884,20.3399,pancreatic A cell,SAMN09370567
MS18002_GGCGTGTGTAGCCTCG,4.97072,19.62193,pancreatic A cell,SAMN09370567
MS18002_CAGATCACACCACCAG,0.049876846,3.5899928,type B pancreatic cell,SAMN09370567
MS18002_TAGTTGGGTCTGGTCG,-0.78230757,6.277438,type B pancreatic cell,SAMN09370567
MS18002_TGTCCCATCAGTACGT,4.636526,20.416237,pancreatic A cell,SAMN09370567
MS18002_CGACTTCAGAAACCGC,1.0316266,7.361148,type B pancreatic cell,SAMN09370567
MS18002_TCACGAATCTTGACGA,4.5940413,21.291117,pancreatic A cell,SAMN09370567
MS18002_TCTTCGGTCCACGTGG,0.34241992,3.3685486,type B pancreatic cell,SAMN09370567
MS18002_GAATAAGTCTGGTTCC,5.670121,18.731516,pancreatic A cell,SAMN09370567
MS18002_TACTTGTCACAGGCCT,4.1858306,20.305235,pancreatic A cell,SAMN09370567
MS18002_CCGTACTGTGTGCGTC,3.9688828,21.634783,pancreatic A cell,SAMN09370567
MS18002_GTGAAGGCATTGAGCT,3.9699435,20.16429,pancreatic A cell,SAMN09370567
MS18002_CTACATTCAGCGTTCG,-0.080369115,6.008945,type B pancreatic cell,SAMN09370567
MS18002_GTCCTCACATTAGGCT,4.1023355,20.303429,pancreatic A cell,SAMN09370567
MS18002_TCCACACCAATTCCTT,3.5594409,20.984571,pancreatic A cell,SAMN09370567
MS18002_TACGGTACAGACGCCT,3.9668634,21.199558,pancreatic A cell,SAMN09370567
MS18002_CAGCGACTCGTCCAGG,0.8364036,6.6117563,type B pancreatic cell,SAMN09370567
MS18002_ACTGAACGTCGGCATC,-0.5674277,2.8399072,type B pancreatic cell,SAMN09370567
MS18002_GTCATTTTCGCATGGC,3.8528705,21.638632,pancreatic A cell,SAMN09370567
MS18002_GATCTAGCAAGAAGAG,4.5031614,21.160275,pancreatic A cell,SAMN09370567
MS18002_TGCTACCCATGGTCTA,-0.9444078,5.415526,type B pancreatic cell,SAMN09370567
MS18002_TGCCAAAAGACGCACA,-4.492472,2.6048622,pancreatic D cell,SAMN09370567
MS18002_AACGTTGGTCTGCAAT,-0.7780422,8.187568,type B pancreatic cell,SAMN09370567
MS18002_CTCATTAGTGACTACT,-0.42876792,3.7372406,type B pancreatic cell,SAMN09370567
MS18002_TGGGAAGCAATGGACG,1.0981516,-6.424265,pancreatic ductal cell,SAMN09370567
MS18002_CGATCGGAGGTGATAT,2.599034,20.32317,pancreatic A cell,SAMN09370567
MS18002_AGTCTTTAGTACGCGA,3.3161316,19.946,pancreatic A cell,SAMN09370567
MS18002_CGACCTTTCGCAAACT,2.9585006,21.295868,pancreatic A cell,SAMN09370567
MS18002_GATCAGTTCGTAGGAG,3.8718343,21.106722,pancreatic A cell,SAMN09370567
MS18002_CATATGGCAGCTGCTG,4.831038,19.72792,pancreatic A cell,SAMN09370567
MS18002_CTGGTCTGTACTTCTT,3.1284924,20.577162,pancreatic A cell,SAMN09370567
MS18002_ACATGGTCATCTCGCT,-4.555473,2.6676838,pancreatic D cell,SAMN09370567
MS18002_CCTCAGTCATGCCCGA,3.6974843,20.518606,pancreatic A cell,SAMN09370567
MS18002_AGTGAGGAGGCTCATT,3.5068028,22.18996,pancreatic A cell,SAMN09370567
MS18002_GTACTTTTCCGTCAAA,-4.0328474,3.3788574,pancreatic D cell,SAMN09370567
MS18002_GTCACGGAGGATCGCA,5.5523524,18.732487,pancreatic A cell,SAMN09370567
MS18002_AAAGATGGTATAGGTA,3.773032,22.401592,pancreatic A cell,SAMN09370567
MS18002_CAGCCGACATGGATGG,1.5873392,8.289738,type B pancreatic cell,SAMN09370567
MS18002_AGAGCTTCACACGCTG,0.6898886,7.5526547,type B pancreatic cell,SAMN09370567
MS18002_AGCTCCTCAAGTCTGT,-0.12827858,4.1686516,type B pancreatic cell,SAMN09370567
MS18002_AACTTTCCATTATCTC,4.610321,20.83778,pancreatic A cell,SAMN09370567
MS18002_CCCAATCCAGTCAGCC,5.1470556,19.516516,pancreatic A cell,SAMN09370567
MS18002_GTGTTAGAGTTTGCGT,3.506953,20.496729,pancreatic A cell,SAMN09370567
MS18002_CAGCTGGCACACATGT,4.256296,20.022913,pancreatic A cell,SAMN09370567
MS18002_TTCGGTCTCTGGCGAC,5.1361713,19.793627,pancreatic A cell,SAMN09370567
MS18002_GACTAACTCATATCGG,-0.047755126,7.242691,type B pancreatic cell,SAMN09370567
MS18002_GGAAAGCGTTTAAGCC,-0.5384737,5.310929,type B pancreatic cell,SAMN09370567
MS18002_GTACTTTCACGGCTAC,14.24094,2.4588315,endothelial cell,SAMN09370567
MS18002_CAGCCGAGTCTAGCCG,-2.1734483,5.1656675,type B pancreatic cell,SAMN09370567
MS18002_GCGCAGTTCGAACTGT,4.7136183,19.897636,pancreatic A cell,SAMN09370567
MS18002_GCGGGTTCAGGTTTCA,11.802755,-2.1869438,pancreatic stellate cell,SAMN09370567
MS18002_CCTTCGAAGCTAGTGG,5.637915,18.515114,pancreatic A cell,SAMN09370567
MS18002_CGTTGGGGTATCACCA,-4.643987,2.4274132,pancreatic D cell,SAMN09370567
MS18002_CATCGAACAGACGTAG,11.500473,-1.4580013,pancreatic stellate cell,SAMN09370567
MS18002_GTGGGTCCAGCGATCC,2.9717176,18.176697,pancreatic A cell,SAMN09370567
MS18002_TCAGGATCAGCCAATT,-0.17761122,-7.000193,pancreatic ductal cell,SAMN09370567
MS18002_TCTGGAAAGCGATATA,4.1712737,20.946602,pancreatic A cell,SAMN09370567
MS18002_ATAGACCCAAAGGTGC,3.5975416,18.935833,pancreatic A cell,SAMN09370567
MS18002_GACGTTATCCAGAAGG,4.1837516,20.875505,pancreatic A cell,SAMN09370567
MS18002_GTGCATAAGTGGCACA,0.2269017,6.7473464,type B pancreatic cell,SAMN09370567
MS18002_TACAGTGGTATAATGG,-0.0900753,8.573547,type B pancreatic cell,SAMN09370567
MS18002_CTCGAAAAGTGGACGT,-0.3147504,7.1625395,type B pancreatic cell,SAMN09370567
MS18002_CTCAGAATCACAACGT,-0.17113988,6.039219,type B pancreatic cell,SAMN09370567
MS18002_TTATGCTCAAGCTGGA,1.0775183,4.6748796,type B pancreatic cell,SAMN09370567
MS18002_CCTTCGAAGCTTATCG,4.5405984,20.546926,pancreatic A cell,SAMN09370567
MS18002_AACTGGTCACCAGGCT,4.5592785,20.885796,pancreatic A cell,SAMN09370567
MS18002_AAAGCAAGTCTCCATC,0.17242827,3.5771496,type B pancreatic cell,SAMN09370567
MS18002_TTTCCTCCAGATCTGT,4.829805,19.90453,pancreatic A cell,SAMN09370567
MS18002_TCAACGATCTTACCGC,4.7770576,21.067205,pancreatic A cell,SAMN09370567
MS18002_ACTTTCAGTTCCACGG,1.966858,20.560436,pancreatic A cell,SAMN09370567
MS18002_GATGAAAAGTGGACGT,0.25838804,4.594043,type B pancreatic cell,SAMN09370567
MS18002_TGGCTGGAGGGTTTCT,-4.149736,2.8347704,pancreatic D cell,SAMN09370567
MS18002_AGAGCGAAGATGTTAG,3.3271291,21.513874,pancreatic A cell,SAMN09370567
MS18002_AGCGTATCATTCGACA,1.5989766,20.146027,pancreatic A cell,SAMN09370567
MS18002_CTAGCCTGTCAACTGT,-10.961508,-0.8068543,leukocyte,SAMN09370567
MS18002_CCTTTCTTCCAAGCCG,2.4205046,-4.559712,pancreatic ductal cell,SAMN09370567
MS18002_CATGGCGGTCATACTG,0.048349377,5.0285993,type B pancreatic cell,SAMN09370567
MS18002_TTCTCCTAGACTGTAA,-1.5296053,5.40885,type B pancreatic cell,SAMN09370567
MS18002_ATAACGCTCCTAGTGA,-0.23484102,5.2329183,type B pancreatic cell,SAMN09370567
MS18002_GTTCTCGCATGTAAGA,-1.1698778,5.847571,type B pancreatic cell,SAMN09370567
MS18002_TCTGAGAAGTGTACTC,4.3526497,21.311935,pancreatic A cell,SAMN09370567
MS18002_ACGGAGATCACTATTC,3.1434143,21.69756,pancreatic A cell,SAMN09370567
MS18002_ACCCACTTCTTGAGAC,3.3946323,21.66367,pancreatic A cell,SAMN09370567
MS18002_GGCTCGAGTTGCGCAC,-0.70577896,6.659491,type B pancreatic cell,SAMN09370567
MS18002_CCGTACTCATGAGCGA,0.7635709,-6.525955,pancreatic ductal cell,SAMN09370567
MS18002_GTCACGGAGACAATAC,1.0846206,5.2899256,type B pancreatic cell,SAMN09370567
MS18002_ATTGGTGAGACTGTAA,0.25570783,6.613847,type B pancreatic cell,SAMN09370567
MS18002_GTCGTAATCGAGGTAG,0.4759704,3.4661825,type B pancreatic cell,SAMN09370567
MS18002_GTCATTTCAAGCTGAG,0.039107528,5.3924704,type B pancreatic cell,SAMN09370567
MS18002_CATCGGGCAGCCTTGG,0.91955155,5.630309,type B pancreatic cell,SAMN09370567
MS18002_GTAACTGAGGCAGGTT,4.614379,20.468369,pancreatic A cell,SAMN09370567
MS18002_ACCAGTAGTCACAAGG,3.5686476,22.297277,pancreatic A cell,SAMN09370567
MS18002_TTGGCAAGTCTCCACT,0.39439186,8.480994,type B pancreatic cell,SAMN09370567
MS18002_TCAATCTGTGAGTGAC,4.304967,20.077747,pancreatic A cell,SAMN09370567
MS18002_ATCGAGTGTTCAGTAC,4.665206,21.143862,pancreatic A cell,SAMN09370567
MS18002_ATCCGAAAGAAGGCCT,3.665555,21.325272,pancreatic A cell,SAMN09370567
MS18002_GAACCTACAATAACGA,5.43552,19.968088,pancreatic A cell,SAMN09370567
MS18002_CATCGAAGTGTCTGAT,3.060174,20.844126,pancreatic A cell,SAMN09370567
MS18002_ACGCCAGCAATCTGCA,4.0546975,19.077732,pancreatic A cell,SAMN09370567
MS18002_CCAGCGAGTATTCTCT,0.89763045,1.6459807,type B pancreatic cell,SAMN09370567
MS18002_TGGTTCCTCACTTACT,-2.1600397,5.633494,type B pancreatic cell,SAMN09370567
MS18002_GTTACAGTCCAATGGT,0.15978162,6.5302863,type B pancreatic cell,SAMN09370567
MS18002_CGATTGAGTCCTCCAT,4.0103645,21.053396,pancreatic A cell,SAMN09370567
MS18002_CGGACACCATGGTCTA,0.7644604,2.103685,type B pancreatic cell,SAMN09370567
MS18002_GCCAAATGTTACAGAA,-4.350224,3.1589816,pancreatic D cell,SAMN09370567
MS18002_GTACGTAGTTGTGGAG,1.0436395,-6.1352315,pancreatic ductal cell,SAMN09370567
MS18002_GTACTTTGTTGCTCCT,-6.557787,-1.6280415,pancreatic acinar cell,SAMN09370567
MS18002_CCTTCCCTCTGTCAAG,-4.638531,4.0770116,pancreatic D cell,SAMN09370567
MS18002_CGATTGAGTTCGAATC,4.4026175,21.345133,pancreatic A cell,SAMN09370567
MS18002_CAGTCCTAGACTACAA,-0.5842681,2.8021095,type B pancreatic cell,SAMN09370567
MS18002_ACATACGCAGACAAAT,4.9500523,20.48261,pancreatic A cell,SAMN09370567
MS18002_ATAACGCTCACTATTC,3.7760231,20.478247,pancreatic A cell,SAMN09370567
MS18002_GGGCATCCACGTCAGC,0.14572439,4.063279,type B pancreatic cell,SAMN09370567
MS18002_GGATTACCAGAGTGTG,3.2820349,21.033047,pancreatic A cell,SAMN09370567
MS18002_ACGGGCTCAAACCCAT,0.104773104,4.8848243,type B pancreatic cell,SAMN09370567
MS18002_TTGTAGGTCCGCTGTT,-0.7491153,6.1605306,type B pancreatic cell,SAMN09370567
MS18002_CACATAGGTAGTAGTA,13.588483,3.3014152,endothelial cell,SAMN09370567
MS18002_ACGAGCCGTAGCTGCC,-4.586908,2.8367112,pancreatic D cell,SAMN09370567
MS18002_CGTCAGGAGCAAATCA,0.6171625,2.5870006,type B pancreatic cell,SAMN09370567
MS18002_CACCAGGGTGTGACCC,12.901124,3.1172128,endothelial cell,SAMN09370567
MS18002_GGGAATGAGGGTGTTG,-4.7085066,3.0136244,pancreatic D cell,SAMN09370567
MS18002_TCGTACCCATCGGTTA,-3.9191883,3.639474,pancreatic D cell,SAMN09370567
MS18002_CTCCTAGGTACCCAAT,-0.41672376,5.8890038,type B pancreatic cell,SAMN09370567
MS18002_CTAGCCTCAGGACCCT,0.22817382,6.8928833,type B pancreatic cell,SAMN09370567
MS18002_CTGCTGTAGCGATAGC,-4.3665414,2.955303,pancreatic D cell,SAMN09370567
MS18002_TGCTGCTTCTGCAGTA,3.9357872,19.82415,pancreatic A cell,SAMN09370567
MS18002_ACGGCCACATGAAGTA,5.6198483,17.733692,pancreatic A cell,SAMN09370567
MS18002_GGACATTAGCCAGAAC,3.238131,22.016533,pancreatic A cell,SAMN09370567
MS18002_ACGGGTCCATTGAGCT,5.273888,18.122423,pancreatic A cell,SAMN09370567
MS18002_TACCTTAGTCTCTTTA,3.663636,20.274153,pancreatic A cell,SAMN09370567
MS18002_CAAGAAATCTATCGCC,-4.3046794,3.4447327,pancreatic D cell,SAMN09370567
MS18002_GTCATTTAGGGTCTCC,-0.9547424,7.5128765,type B pancreatic cell,SAMN09370567
MS18002_ATTACTCTCTTGCCGT,11.46291,-1.316802,pancreatic stellate cell,SAMN09370567
MS18002_GACTACAAGCCACGCT,2.5961087,6.391866,type B pancreatic cell,SAMN09370567
MS18002_CTCTGGTGTCGAATCT,-6.0759645,-1.7361258,pancreatic acinar cell,SAMN09370567
MS18002_AGTGGGAGTGGACGAT,4.4139895,20.83304,pancreatic A cell,SAMN09370567
MS18002_TACTTACCACGGTAAG,-5.079564,2.4399097,pancreatic D cell,SAMN09370567
MS18002_ATGTGTGCAATCTGCA,-0.8744951,6.732236,type B pancreatic cell,SAMN09370567
MS18002_CTCATTAGTACAGCAG,0.087816544,6.9759045,type B pancreatic cell,SAMN09370567
MS18002_GTAGTCACAGATAATG,0.4214864,7.79866,type B pancreatic cell,SAMN09370567
MS18002_TGGCTGGGTACGACCC,-0.28700444,4.126037,type B pancreatic cell,SAMN09370567
MS18002_ACGTCAAGTAGGCTGA,3.4460027,21.834011,pancreatic A cell,SAMN09370567
MS18002_TGGGAAGAGACCGGAT,0.24603781,5.327731,type B pancreatic cell,SAMN09370567
MS18002_CTTGGCTGTGAGCGAT,1.0813347,7.165622,type B pancreatic cell,SAMN09370567
MS18002_GGGCACTCACAGTCGC,3.0990858,19.945454,pancreatic A cell,SAMN09370567
MS18002_TGAGCCGGTTCGGGCT,-4.6365423,2.6333902,pancreatic D cell,SAMN09370567
MS18002_GCATGCGGTGCCTGCA,4.505766,19.59872,pancreatic A cell,SAMN09370567
MS18002_GATGCTAAGAAGGTGA,3.6892085,21.764423,pancreatic A cell,SAMN09370567
MS18002_TCGGGACAGCTCCTCT,0.27325553,5.086158,type B pancreatic cell,SAMN09370567
MS18002_GCATGCGAGCTCTCGG,-1.9759327,5.385533,type B pancreatic cell,SAMN09370567
MS18002_AAACGGGCAAAGAATC,3.6350653,16.57025,pancreatic A cell,SAMN09370567
MS18002_TCATTTGTCGCACTCT,3.6706104,20.672737,pancreatic A cell,SAMN09370567
MS18002_ACTGAGTCAGCTATTG,1.2349447,8.704667,type B pancreatic cell,SAMN09370567
MS18002_GATCGCGAGCTCTCGG,2.946913,21.910038,pancreatic A cell,SAMN09370567
MS18002_TGACAACAGAGTAATC,-4.796716,3.802649,pancreatic D cell,SAMN09370567
MS18002_CCGGTAGTCTACGAGT,-4.4596634,2.6677966,pancreatic D cell,SAMN09370567
MS18002_TGACTAGGTCTCATCC,11.762135,-1.8542739,pancreatic stellate cell,SAMN09370567
MS18002_TGTCCCAGTGATGTGG,-3.6894279,-2.6412685,pancreatic acinar cell,SAMN09370567
MS18002_ACGAGCCTCGGAGCAA,-0.88067174,4.680258,type B pancreatic cell,SAMN09370567
MS18002_ATCCACCTCTTATCTG,-1.8709488,5.1011605,type B pancreatic cell,SAMN09370567
MS18002_GACTAACCACGCATCG,11.479928,1.061618,pancreatic stellate cell,SAMN09370567
MS18002_ACTATCTGTGTGACGA,1.2030332,7.4022846,type B pancreatic cell,SAMN09370567
MS18002_GTGCTTCCATTCCTCG,3.966545,20.037962,pancreatic A cell,SAMN09370567
MS18002_GTCTTCGGTCGCTTTC,1.0463856,7.0446687,type B pancreatic cell,SAMN09370567
MS18002_AGTGTCATCGGAATCT,-0.038208377,6.715632,type B pancreatic cell,SAMN09370567
MS18002_AGGTCATAGGCCCTTG,0.64290375,7.046184,type B pancreatic cell,SAMN09370567
MS18002_GATCAGTCAGGGATTG,5.1839957,19.160542,pancreatic A cell,SAMN09370567
MS18002_CTCCTAGTCGTGACAT,-4.5319767,2.759435,pancreatic D cell,SAMN09370567
MS18002_TCAATCTCAAGCCCAC,4.953275,19.937399,pancreatic A cell,SAMN09370567
MS18002_GATCTAGGTCCGTGAC,2.9545875,19.092598,pancreatic A cell,SAMN09370567
MS18002_ATTGGACTCCAAACTG,4.2067366,19.98764,pancreatic A cell,SAMN09370567
MS18002_GGGAATGGTAAGAGAG,4.1310234,20.558315,pancreatic A cell,SAMN09370567
MS18002_ATTGGACTCCTAGGGC,-1.8433384,5.8583274,type B pancreatic cell,SAMN09370567
MS18002_CTCGAAAAGGAATGGA,1.055583,5.818153,type B pancreatic cell,SAMN09370567
MS18002_TACTTGTTCCCTGACT,3.262025,20.634499,pancreatic A cell,SAMN09370567
MS18002_ATGGGAGGTCATGCAT,-4.114914,3.1663733,pancreatic D cell,SAMN09370567
MS18002_ATGTGTGTCGTGGGAA,1.9479766,-5.570837,pancreatic ductal cell,SAMN09370567
MS18002_TATCTCAGTCATACTG,3.3527977,18.725979,pancreatic A cell,SAMN09370567
MS18002_ACATCAGCACTCGACG,1.44562,21.210829,pancreatic A cell,SAMN09370567
MS18002_GTACTCCCATCCGGGT,-0.313999,7.119143,type B pancreatic cell,SAMN09370567
MS18002_TTTGCGCCACATGTGT,-4.6830215,2.5867276,pancreatic D cell,SAMN09370567
MS18002_TAAACCGAGACGCACA,4.0283318,21.253918,pancreatic A cell,SAMN09370567
MS18002_CACAAACCAAGCGAGT,0.6964069,8.565851,type B pancreatic cell,SAMN09370567
MS18002_GTCGGGTCAGGATCGA,0.020113569,-4.883676,pancreatic ductal cell,SAMN09370567
MS18002_CACAGGCCATCCCACT,2.7859855,18.666334,pancreatic A cell,SAMN09370567
MS18002_CATCAGAGTCGTCTTC,1.0818565,7.9074774,type B pancreatic cell,SAMN09370567
MS18002_ATCTGCCTCGTTTGCC,5.105711,19.553162,pancreatic A cell,SAMN09370567
MS18002_GTTAAGCGTTCCACTC,4.553839,20.672224,pancreatic A cell,SAMN09370567
MS18002_TTTGTCAAGGCTCATT,-0.8273834,7.651402,type B pancreatic cell,SAMN09370567
MS18002_AGGGAGTCATTCTTAC,3.9423327,20.328535,pancreatic A cell,SAMN09370567
MS18002_TTTGGTTCATGACATC,1.2615888,7.990558,type B pancreatic cell,SAMN09370567
MS18002_CAGCGACTCTGAGTGT,0.1285119,3.777662,type B pancreatic cell,SAMN09370567
MS18002_TACTTACGTAAGGATT,-4.284875,3.211446,pancreatic D cell,SAMN09370567
MS18002_TACCTTATCCGAAGAG,2.7193809,20.577879,pancreatic A cell,SAMN09370567
MS18002_GGGCACTAGCTAAGAT,4.9431705,20.048246,pancreatic A cell,SAMN09370567
MS18002_GACACGCGTCTTGCGG,4.0625505,20.261278,pancreatic A cell,SAMN09370567
MS18002_GACCAATCAACTGGCC,1.0889496,6.9575467,type B pancreatic cell,SAMN09370567
MS18002_AGAGTGGAGTGGTAAT,3.6617746,19.611097,pancreatic A cell,SAMN09370567
MS18002_GTCACAAAGCTAGCCC,3.194312,21.810558,pancreatic A cell,SAMN09370567
MS18002_GTATCTTGTGAGCGAT,1.0660174,7.2911386,type B pancreatic cell,SAMN09370567
MS18002_CAAGGCCCACAGGCCT,-6.178986,-2.1204317,pancreatic acinar cell,SAMN09370567
MS18002_GCACATATCCGTAGGC,3.434069,21.169052,pancreatic A cell,SAMN09370567
MS18002_CGCTATCTCTGCCCTA,0.66583663,2.4105737,type B pancreatic cell,SAMN09370567
MS18002_GTTCGGGCAGTAAGAT,0.36786684,18.154888,pancreatic A cell,SAMN09370567
MS18002_CGACCTTAGAATTGTG,3.4166274,21.39976,pancreatic A cell,SAMN09370567
MS18002_CCACGGAAGAGGTTAT,2.2629812,20.657661,pancreatic A cell,SAMN09370567
MS18002_GCACTCTTCGAATGGG,0.11534176,5.6609745,type B pancreatic cell,SAMN09370567
MS18002_TGGTTCCGTCGCCATG,3.8011994,20.80404,pancreatic A cell,SAMN09370567
MS18002_CTCGTCATCGAATGGG,-4.3067474,2.879723,pancreatic D cell,SAMN09370567
MS18002_GTGCAGCCACTGCCAG,-1.1348825,7.3203974,type B pancreatic cell,SAMN09370567
MS18002_TGAGCATGTCCCGACA,3.8403037,19.891737,pancreatic A cell,SAMN09370567
MS18002_ATGCGATGTGAGTGAC,5.564808,18.58668,pancreatic A cell,SAMN09370567
MS18002_CGTTAGACATCGTCGG,-0.8118279,7.4652467,type B pancreatic cell,SAMN09370567
MS18002_TCTGAGACAGAGCCAA,0.969859,2.1501253,type B pancreatic cell,SAMN09370567
MS18002_GAAATGACATCGGGTC,0.58222896,6.386727,type B pancreatic cell,SAMN09370567
MS18002_CAGCATAAGAAGAAGC,-0.04180951,5.7741275,type B pancreatic cell,SAMN09370567
MS18002_ACCCACTTCATGTAGC,0.9236654,6.3418136,type B pancreatic cell,SAMN09370567
MS18002_CACTCCAGTACAGTTC,4.7845874,20.250496,pancreatic A cell,SAMN09370567
MS18002_AAGGCAGTCAACGAAA,3.1984046,21.6718,pancreatic A cell,SAMN09370567
MS18002_CTCCTAGGTGCACTTA,2.8596356,20.875872,pancreatic A cell,SAMN09370567
MS18002_TTTACTGGTAGCTCCG,-0.008647282,-5.667027,pancreatic ductal cell,SAMN09370567
MS18002_TACAGTGTCCAGTATG,0.10510391,4.8389907,type B pancreatic cell,SAMN09370567
MS18002_GACTGCGTCCTATTCA,-0.9522814,4.3417516,type B pancreatic cell,SAMN09370567
MS18002_ATCATGGTCTCCGGTT,4.9224863,18.976398,pancreatic A cell,SAMN09370567
MS18002_TAAGAGAAGTAGCGGT,5.230374,17.915417,pancreatic A cell,SAMN09370567
MS18002_TTCTACACAGTCAGCC,2.1582534,16.308249,pancreatic A cell,SAMN09370567
MS18002_CTTGGCTTCGTTTGCC,-0.94682056,7.8010197,type B pancreatic cell,SAMN09370567
MS18002_CATCCACGTTGGTTTG,3.1068487,21.345713,pancreatic A cell,SAMN09370567
MS18002_GGAACTTCACTAGTAC,5.249222,19.159063,pancreatic A cell,SAMN09370567
MS18002_CGGACGTAGCGTGTCC,3.2740874,21.582884,pancreatic A cell,SAMN09370567
MS18002_TGCTACCGTCCGAACC,0.61426866,2.4351964,type B pancreatic cell,SAMN09370567
MS18002_GCCAAATTCCCTTGTG,0.7742787,7.08665,type B pancreatic cell,SAMN09370567
MS18002_CATCAGAGTGAGGGAG,2.7844388,21.014309,pancreatic A cell,SAMN09370567
MS18002_TTTGCGCGTCAGAGGT,3.5362391,20.1138,pancreatic A cell,SAMN09370567
MS18002_GGCTGGTAGGCTAGCA,1.0679806,5.4571724,type B pancreatic cell,SAMN09370567
MS18002_CCGTTCAAGTGATCGG,2.8922095,22.090298,pancreatic A cell,SAMN09370567
MS18002_CACCACTGTAACGCGA,1.3908153,7.971797,type B pancreatic cell,SAMN09370567
MS18002_TCGTACCGTAGATTAG,2.0733564,19.940504,pancreatic A cell,SAMN09370567
MS18002_TGGGAAGCACCCATTC,1.4500355,7.34571,type B pancreatic cell,SAMN09370567
MS18002_TCATTACCACCTCGGA,0.06622545,7.89967,type B pancreatic cell,SAMN09370567
MS18002_GTTACAGGTAGGGTAC,4.441333,20.861748,pancreatic A cell,SAMN09370567
MS18002_ATGGGAGTCTGTTTGT,-4.993186,2.3006682,pancreatic D cell,SAMN09370567
MS18002_TTCTTAGGTAAGAGGA,0.55036974,8.156547,type B pancreatic cell,SAMN09370567
MS18002_AGCCTAAAGACAAAGG,5.48997,19.346394,pancreatic A cell,SAMN09370567
MS18002_TACTCATCATACCATG,-1.2010596,5.146006,type B pancreatic cell,SAMN09370567
MS18002_CGAACATGTACTCTCC,3.3194487,20.812387,pancreatic A cell,SAMN09370567
MS18002_CACACTCAGGCCGAAT,0.867462,20.106544,pancreatic A cell,SAMN09370567
MS18002_ATAAGAGCACGCATCG,-0.63358754,-6.6684203,pancreatic ductal cell,SAMN09370567
MS18002_CACAGGCCAGTATCTG,-0.5766927,3.5060205,type B pancreatic cell,SAMN09370567
MS18002_GGAAAGCAGTCTTGCA,-0.53752095,5.2005568,type B pancreatic cell,SAMN09370567
MS18002_TTTCCTCGTAGAAAGG,-0.076452725,6.0082507,type B pancreatic cell,SAMN09370567
MS18002_CTGATAGTCACATAGC,0.2891139,8.013742,type B pancreatic cell,SAMN09370567
MS18002_CTGCCTATCTGTGCAA,3.494162,21.58427,pancreatic A cell,SAMN09370567
MS18002_ATTTCTGAGCACCGTC,-3.9573417,3.818059,pancreatic D cell,SAMN09370567
MS18002_ACACCGGTCTCTGTCG,3.7081547,21.963696,pancreatic A cell,SAMN09370567
MS18002_TCGAGGCGTCGCATAT,0.41151312,4.449708,type B pancreatic cell,SAMN09370567
MS18002_ATTATCCGTTCCGTCT,2.2498946,-4.7956877,pancreatic ductal cell,SAMN09370567
MS18002_ACGGAGAAGGACAGAA,0.7421493,8.78749,type B pancreatic cell,SAMN09370567
MS18002_CTAGTGATCCCTAATT,0.256349,3.2786527,type B pancreatic cell,SAMN09370567
MS18002_GCTTGAATCCTGTAGA,0.96593606,1.7478417,type B pancreatic cell,SAMN09370567
MS18002_ATTTCTGAGGCATGTG,1.4255052,20.25633,pancreatic A cell,SAMN09370567
MS18002_CATCGGGTCGCGCCAA,0.5373258,6.501389,type B pancreatic cell,SAMN09370567
MS18002_AACACGTTCTTGCATT,4.4312205,20.07595,pancreatic A cell,SAMN09370567
MS18002_AGGGATGAGTACGCGA,-4.2100744,3.4422023,pancreatic D cell,SAMN09370567
MS18002_CGAATGTGTTCAACCA,0.5993271,7.317656,type B pancreatic cell,SAMN09370567
MS18002_GCTGGGTTCTCGATGA,3.610228,15.177822,pancreatic A cell,SAMN09370567
MS18002_CCTCAGTTCACGCGGT,13.835093,2.854397,endothelial cell,SAMN09370567
MS18002_TAGTTGGAGCACACAG,-1.2077607,6.1764708,pancreatic D cell,SAMN09370567
MS18002_GACAGAGCACATGGGA,5.3489714,20.234425,pancreatic A cell,SAMN09370567
MS18002_CCTAGCTCAATCGAAA,1.0165588,7.9714427,type B pancreatic cell,SAMN09370567
MS18002_GCAGCCATCGGTCCGA,-4.1251,2.7389815,pancreatic D cell,SAMN09370567
MS18002_AGACGTTCATCGATTG,-1.49623,6.450706,pancreatic D cell,SAMN09370567
MS18002_GGCAATTAGTAGCGGT,0.51715124,19.50382,pancreatic A cell,SAMN09370567
MS18002_AGGCCACAGACTCGGA,-0.05841386,3.8821962,type B pancreatic cell,SAMN09370567
MS18002_AAAGCAATCCGGCACA,1.785931,21.125006,pancreatic A cell,SAMN09370567
MS18002_ATAGACCTCCACGTGG,-4.3573685,2.854639,pancreatic D cell,SAMN09370567
MS18002_TTTGCGCTCTTCAACT,3.3957515,21.306858,pancreatic A cell,SAMN09370567
MS18002_GACTACAAGTCCAGGA,11.457046,-1.4235263,pancreatic stellate cell,SAMN09370567
MS18002_TAAACCGCATCCTTGC,4.6692586,19.55918,pancreatic A cell,SAMN09370567
MS18002_GGCAATTAGGTGCACA,-0.150715,4.328533,type B pancreatic cell,SAMN09370567
MS18002_TACTCGCGTTCGGCAC,-0.95012045,5.497195,type B pancreatic cell,SAMN09370567
MS18002_CAAGGCCCATGGATGG,4.6594787,18.427979,pancreatic A cell,SAMN09370567
MS18002_CTCTAATTCCCACTTG,4.9430127,20.738026,pancreatic A cell,SAMN09370567
MS18002_CGAGCCATCAGAGGTG,3.588992,20.94528,pancreatic A cell,SAMN09370567
MS18002_AGCGGTCGTTACGCGC,3.3848329,21.24506,pancreatic A cell,SAMN09370567
MS18002_GGGAATGAGATAGTCA,-1.6761689,3.249044,pancreatic D cell,SAMN09370567
MS18002_GTCAAGTGTGCCTGCA,-0.2940716,6.79857,type B pancreatic cell,SAMN09370567
MS18002_CATATGGTCTGCAAGT,1.6401776,6.8382254,type B pancreatic cell,SAMN09370567
MS18002_GGGATGACAAGACACG,-5.548251,3.0647364,pancreatic D cell,SAMN09370567
MS18002_GACTACACACAGAGGT,-0.8281449,7.245381,type B pancreatic cell,SAMN09370567
MS18002_GCGACCACATTACGAC,3.388432,19.215769,pancreatic A cell,SAMN09370567
MS18002_ACGATGTAGAGGTTAT,3.5772145,20.328255,pancreatic A cell,SAMN09370567
MS18002_GTTCGGGAGGCAATTA,3.2576826,21.616562,pancreatic A cell,SAMN09370567
MS18002_CATATTCGTCGCGAAA,-0.25069633,3.681453,type B pancreatic cell,SAMN09370567
MS18002_TGGACGCTCTTGAGGT,-4.461321,2.6066124,pancreatic D cell,SAMN09370567
MS18002_ACTATCTTCGCAAACT,-1.1965407,-5.926351,pancreatic ductal cell,SAMN09370567
MS18002_CCTAGCTGTGAGTATA,0.574445,5.8264675,type B pancreatic cell,SAMN09370567
MS18002_TGATTTCGTTGAGTTC,-2.6627584,4.4136376,pancreatic D cell,SAMN09370567
MS18002_CATTCGCGTTTGGCGC,3.6406095,22.27223,pancreatic A cell,SAMN09370567
MS18002_GTTCGGGTCCGAAGAG,4.163541,21.55915,pancreatic A cell,SAMN09370567
MS18002_TCTTTCCGTTCGGCAC,0.30773258,4.578524,type B pancreatic cell,SAMN09370567
MS18002_GATCGCGGTTCTGGTA,-0.008527667,5.796217,type B pancreatic cell,SAMN09370567
MS18002_CTTACCGCATGGATGG,3.2956588,21.577057,pancreatic A cell,SAMN09370567
MS18002_TCCACACTCCTCAACC,4.699589,20.16106,pancreatic A cell,SAMN09370567
MS18002_CATTATCAGTGACATA,3.7392726,19.598158,pancreatic A cell,SAMN09370567
MS18002_ACCTTTAAGTTGAGTA,-2.5181124,6.0861425,type B pancreatic cell,SAMN09370567
MS18002_CGGACACGTTAAGATG,1.0321777,4.6331215,type B pancreatic cell,SAMN09370567
MS18002_TCGAGGCTCTGTTTGT,4.1365385,21.741844,pancreatic A cell,SAMN09370567
MS18002_GAGCAGATCTTCTGGC,-0.3302857,6.425878,type B pancreatic cell,SAMN09370567
MS18002_CCGTACTCACGTAAGG,-2.2520022,6.4313602,type B pancreatic cell,SAMN09370567
MS18002_TCAGCAACACATTCGA,1.6730249,19.329859,pancreatic A cell,SAMN09370567
MS18002_CATCGAACACTACAGT,4.1649165,21.460094,pancreatic A cell,SAMN09370567
MS18002_GGCTCGAAGAAGGCCT,0.86884356,8.090797,type B pancreatic cell,SAMN09370567
MS18002_CTTGGCTAGTGTCCCG,2.912429,21.222809,pancreatic A cell,SAMN09370567
MS18002_GGTGAAGCAAGTTAAG,1.0044198,7.251175,type B pancreatic cell,SAMN09370567
MS18002_CCGTGGACACAAGTAA,-0.5193614,5.1023626,type B pancreatic cell,SAMN09370567
MS18002_TACTTACCAATGCCAT,-1.7961693,5.065496,type B pancreatic cell,SAMN09370567
MS18002_CTGATAGTCTGAAAGA,2.7028594,21.93765,pancreatic A cell,SAMN09370567
MS18002_TACTCATCAGCGTAAG,1.7669936,20.945732,pancreatic A cell,SAMN09370567
MS18002_CGTTCTGTCATGTCTT,-3.305663,3.7441778,pancreatic D cell,SAMN09370567
MS18002_TTTATGCGTTGAACTC,-0.13304141,-4.1188564,pancreatic ductal cell,SAMN09370567
MS18002_GATCAGTTCAGCCTAA,2.2294734,20.431318,pancreatic A cell,SAMN09370567
MS18002_ATTTCTGCATACAGCT,0.7122488,4.216004,pancreatic stellate cell,SAMN09370567
MS18002_GGAGCAACAGTAGAGC,-0.88687396,6.005579,type B pancreatic cell,SAMN09370567
MS18002_TTGGCAAAGTGCCATT,-0.9361491,5.502945,type B pancreatic cell,SAMN09370567
MS18002_ATCATGGCAGGAACGT,2.7242572,21.952753,pancreatic A cell,SAMN09370567
MS18002_CAACCTCAGAAGATTC,0.15106885,7.479032,type B pancreatic cell,SAMN09370567
MS18002_GTCATTTGTTAAGTAG,3.445231,22.481823,pancreatic A cell,SAMN09370567
MS18002_CCGTGGACACCTGGTG,-4.2536225,3.555015,pancreatic D cell,SAMN09370567
MS18002_CGAGCACAGTACCGGA,-0.5967338,3.6001163,pancreatic D cell,SAMN09370567
MS18002_TGCTGCTAGATGTAAC,3.560553,21.02574,pancreatic A cell,SAMN09370567
MS18002_CCATTCGAGACTTGAA,-4.301509,2.807594,pancreatic D cell,SAMN09370567
MS18002_AAACGGGCATCCCACT,0.85109013,3.6973684,type B pancreatic cell,SAMN09370567
MS18002_GGACAGAGTAACGACG,-0.70258474,5.7142487,type B pancreatic cell,SAMN09370567
MS18002_AGTGTCAGTTGGGACA,0.14855824,7.232658,type B pancreatic cell,SAMN09370567
MS18002_GGCAATTCACACCGAC,3.613202,21.418112,pancreatic A cell,SAMN09370567
MS18002_ACGGGTCCAAACCCAT,3.8420806,21.698133,pancreatic A cell,SAMN09370567
MS18002_GTCATTTGTATTCGTG,5.2205586,20.346153,pancreatic A cell,SAMN09370567
MS18002_AAATGCCTCTACTATC,3.8293757,21.221842,pancreatic A cell,SAMN09370567
MS18002_ACTGCTCTCACAACGT,1.5678926,7.4994144,type B pancreatic cell,SAMN09370567
MS18002_TTAACTCCAGTCGATT,-0.23377758,4.6653233,type B pancreatic cell,SAMN09370567
MS18002_AAATGCCAGCGCTCCA,3.8208053,21.220102,pancreatic A cell,SAMN09370567
MS18002_GCGCCAATCCAGAGGA,4.4757915,20.250702,pancreatic A cell,SAMN09370567
MS18002_CGATGGCCAGACGCCT,-6.2302203,-1.4630395,pancreatic acinar cell,SAMN09370567
MS18002_CTACCCAAGAATTCCC,-4.5295024,2.3925428,pancreatic D cell,SAMN09370567
MS18002_CTGCGGAGTTCGCGAC,2.6340964,21.027004,pancreatic A cell,SAMN09370567
MS18002_CGAACATTCTCGCATC,2.777128,19.923908,pancreatic A cell,SAMN09370567
MS18002_TAAGTGCTCTGCTGCT,3.3412468,20.98362,pancreatic A cell,SAMN09370567
MS18002_GTAACGTCACAAGTAA,4.3008566,20.937677,pancreatic A cell,SAMN09370567
MS18002_TAGTTGGCAATCACAC,0.7748265,4.956606,type B pancreatic cell,SAMN09370567
MS18002_GCTTCCACAAGCCGTC,1.2367455,2.1620991,type B pancreatic cell,SAMN09370567
MS18002_TACTTACCAATGTAAG,0.9422081,-6.5917687,pancreatic ductal cell,SAMN09370567
MS18002_GTCCTCATCAGTCAGT,3.3443716,21.579405,pancreatic A cell,SAMN09370567
MS18002_CGTTAGACAAGTCTAC,4.057443,20.742764,pancreatic A cell,SAMN09370567
MS18002_TCAGGTACACATAACC,3.2792149,18.151155,pancreatic A cell,SAMN09370567
MS18002_GTACGTATCTTGGGTA,0.67788094,8.494824,type B pancreatic cell,SAMN09370567
MS18002_TGGGCGTGTAGAGGAA,3.7619057,21.054073,pancreatic A cell,SAMN09370567
MS18002_CGTGTAATCTTGTATC,-0.40827116,5.021607,type B pancreatic cell,SAMN09370567
MS18002_CGACTTCAGGAGCGAG,3.3428247,22.568464,pancreatic A cell,SAMN09370567
MS18002_CCATGTCAGCTCAACT,3.5905216,22.514519,pancreatic A cell,SAMN09370567
MS18002_TTCGAAGAGGTTCCTA,4.167792,20.788269,pancreatic A cell,SAMN09370567
MS18002_CGACTTCTCACAGTAC,0.74755794,1.7019914,type B pancreatic cell,SAMN09370567
MS18002_TATCAGGAGGCGTACA,4.309804,19.45542,pancreatic A cell,SAMN09370567
MS18002_ACTTGTTTCATAACCG,0.23192346,5.136761,type B pancreatic cell,SAMN09370567
MS18002_AACGTTGCAAACTGCT,3.7346396,20.967354,pancreatic A cell,SAMN09370567
MS18002_GTTTCTATCTGGTGTA,-5.084314,3.136351,pancreatic D cell,SAMN09370567
MS18002_CTACACCAGCGTAATA,1.5896368,5.714953,type B pancreatic cell,SAMN09370567
MS18002_CTAATGGGTGGTAACG,2.3886425,21.085978,pancreatic A cell,SAMN09370567
MS18002_TTGAACGCACTTAAGC,-1.1579611,5.321198,type B pancreatic cell,SAMN09370567
MS18002_TACGGGCCACTTAAGC,0.81446886,8.720602,type B pancreatic cell,SAMN09370567
MS18002_ATCTACTAGATCTGAA,0.15117615,5.4195747,type B pancreatic cell,SAMN09370567
MS18002_TTAGTTCAGTCAATAG,3.4486516,20.914335,pancreatic A cell,SAMN09370567
MS18002_GGACAGAAGGAATCGC,0.88803154,5.348539,type B pancreatic cell,SAMN09370567
MS18002_CGCTATCGTAGATTAG,0.077077806,7.026153,type B pancreatic cell,SAMN09370567
MS18002_GTCATTTGTTGTGGAG,11.751933,-1.765373,pancreatic stellate cell,SAMN09370567
MS18002_CCCTCCTCAGTTAACC,4.228362,20.44144,pancreatic A cell,SAMN09370567
MS18002_CAACCTCGTTACCAGT,3.6543458,19.282633,pancreatic A cell,SAMN09370567
MS18002_ATCATCTGTGAAGGCT,3.5974116,21.53798,pancreatic A cell,SAMN09370567
MS18002_GGCTGGTCACGACGAA,0.058012098,6.1548095,type B pancreatic cell,SAMN09370567
MS18002_ACGGGCTTCCTCAACC,3.524277,21.632507,pancreatic A cell,SAMN09370567
MS18002_TTCGAAGAGTGAAGAG,-4.376721,2.6108863,pancreatic D cell,SAMN09370567
MS18002_GTACTCCTCACCTTAT,-0.18934086,-4.5525064,pancreatic ductal cell,SAMN09370567
MS18002_ACGAGGAGTAACGCGA,0.045375627,7.551937,type B pancreatic cell,SAMN09370567
MS18002_CACAGTAAGATGTCGG,4.0249257,21.511839,pancreatic A cell,SAMN09370567
MS18002_CATCAGATCCATTCTA,4.042788,21.01082,pancreatic A cell,SAMN09370567
MS18002_CATATTCGTTCTGGTA,0.8908868,7.2603965,type B pancreatic cell,SAMN09370567
MS18002_AGTAGTCTCAGCTTAG,-4.240297,2.9525428,pancreatic D cell,SAMN09370567
MS18002_ACTGAGTCAATCGGTT,0.7767937,1.4951797,type B pancreatic cell,SAMN09370567
MS18002_CTCGGGAAGTCGTACT,0.1528703,3.6763344,type B pancreatic cell,SAMN09370567
MS18002_CCTAGCTCAAAGCAAT,0.41922092,4.1934733,type B pancreatic cell,SAMN09370567
MS18002_CTACATTGTTACGACT,3.1584957,21.23258,pancreatic A cell,SAMN09370567
MS18002_AGGTCCGTCTTACCTA,5.433103,16.43524,pancreatic A cell,SAMN09370567
MS18002_GCTTGAAGTAAATGAC,3.7034898,20.807756,pancreatic A cell,SAMN09370567
MS18002_TTAGGACTCAGCCTAA,4.391374,20.233006,pancreatic A cell,SAMN09370567
MS18002_ACACCGGGTACTTAGC,4.4020205,21.354269,pancreatic A cell,SAMN09370567
MS18002_ACGATGTCAGCCTTTC,3.1395116,21.406921,pancreatic A cell,SAMN09370567
MS18002_TCTGGAAGTGCTTCTC,-4.4357114,2.6354752,pancreatic D cell,SAMN09370567
MS18002_CTGTGCTCAAAGCGGT,-4.392958,2.540952,pancreatic D cell,SAMN09370567
MS18002_ATTCTACTCAGCATGT,6.225926,15.904481,pancreatic A cell,SAMN09370567
MS18002_ATTATCCCATGCCCGA,4.3304434,20.830143,pancreatic A cell,SAMN09370567
MS18002_GCTGCAGAGATGGGTC,13.2279415,3.287021,endothelial cell,SAMN09370567
MS18002_GTGAAGGGTTAGGGTG,4.32582,21.136137,pancreatic A cell,SAMN09370567
MS18002_GCTGCTTCACATTTCT,0.03947386,6.144778,type B pancreatic cell,SAMN09370567
MS18002_CGCGGTACAGTATCTG,1.1807795,5.208638,type B pancreatic cell,SAMN09370567
MS18002_TTAGGCAGTAGCTGCC,0.9318363,7.372403,type B pancreatic cell,SAMN09370567
MS18002_CTTAGGATCCGGCACA,0.008361117,4.674488,type B pancreatic cell,SAMN09370567
MS18002_CGAGAAGCAGCATACT,-0.37417376,5.8835573,type B pancreatic cell,SAMN09370567
MS18002_ACGCCGACATGGTCAT,4.1668606,20.560858,pancreatic A cell,SAMN09370567
MS18002_GAACATCAGCTCTCGG,-1.8273219,6.8317614,type B pancreatic cell,SAMN09370567
MS18002_CATGGCGAGCGTAATA,1.3450578,7.0088315,type B pancreatic cell,SAMN09370567
MS18002_CTAGTGACACAGACTT,3.0947876,19.824759,pancreatic A cell,SAMN09370567
MS18002_ACGGCCACACATGACT,4.331132,19.649529,pancreatic A cell,SAMN09370567
MS18002_CGACCTTAGTGCCATT,0.732137,8.097944,type B pancreatic cell,SAMN09370567
MS18002_CTCGAAATCTGGTATG,11.903795,-1.9972115,pancreatic stellate cell,SAMN09370567
MS18002_CCATTCGCATGTCTCC,3.073089,19.642128,pancreatic A cell,SAMN09370567
MS18002_CCGTACTCAAGGCTCC,4.497507,16.8759,pancreatic A cell,SAMN09370567
MS18002_TGTATTCGTCATCGGC,3.7008774,20.464396,pancreatic A cell,SAMN09370567
MS18002_ATTTCTGGTCCATCCT,3.0654101,17.614225,pancreatic A cell,SAMN09370567
MS18002_CTCCTAGGTGGTACAG,-0.60052055,4.95697,type B pancreatic cell,SAMN09370567
MS18002_GTTCATTCAAGTTCTG,4.283756,17.108667,pancreatic A cell,SAMN09370567
MS18002_TCGTACCGTACGCTGC,3.764691,21.130184,pancreatic A cell,SAMN09370567
MS18002_GAATAAGAGACTAGAT,-1.0108362,7.192732,type B pancreatic cell,SAMN09370567
MS18002_TTTGCGCCATGCGCAC,0.072345994,3.8886597,type B pancreatic cell,SAMN09370567
MS18002_TCTTCGGTCTGCCCTA,-4.984161,3.6760476,pancreatic D cell,SAMN09370567
MS18002_ATTGGACGTCATATGC,2.9208508,21.272467,pancreatic A cell,SAMN09370567
MS18002_GGGTCTGAGTGTACTC,1.727583,7.853756,type B pancreatic cell,SAMN09370567
MS18002_CGCTGGAAGCGATAGC,3.2496572,21.751554,pancreatic A cell,SAMN09370567
MS18002_CTGCGGAGTCCCGACA,4.6167684,21.209017,pancreatic A cell,SAMN09370567
MS18002_ATTTCTGCAAATCCGT,-0.83701324,7.828425,type B pancreatic cell,SAMN09370567
MS18002_CGCTATCCACGAAAGC,0.8427869,2.8948448,type B pancreatic cell,SAMN09370567
MS18002_AGTGGGACACACTGCG,4.3197374,21.154957,pancreatic A cell,SAMN09370567
MS18002_ATCCGAAAGTCCGGTC,13.068171,3.1041243,endothelial cell,SAMN09370567
MS18002_TGAAAGATCAGCGATT,2.8322792,21.748898,pancreatic A cell,SAMN09370567
MS18002_AGGTCCGAGGGTATCG,3.1179934,21.174398,pancreatic A cell,SAMN09370567
MS18002_CAGAATCCAATCCAAC,4.064533,20.29993,pancreatic A cell,SAMN09370567
MS19001_AAGGTAACACAAGCAG,-4.7641006,-3.301129,pancreatic acinar cell,SAMN10737781
MS19001_TGTCCTGTCCTGGGTG,-2.8907275,8.052673,type B pancreatic cell,SAMN10737781
MS19001_GCTACCTTCGCCCAGA,-5.246017,2.6100702,pancreatic D cell,SAMN10737781
MS19001_GTTTGGACACCCTGAG,2.5821362,7.501569,type B pancreatic cell,SAMN10737781
MS19001_CCGGTGAAGAGCCTGA,-4.3596196,5.2236595,pancreatic D cell,SAMN10737781
MS19001_TAGACTGTCGCGCCAA,0.4832685,4.8904834,type B pancreatic cell,SAMN10737781
MS19001_TGCTGAAGTAGGAGTC,3.8669062,16.968699,pancreatic A cell,SAMN10737781
MS19001_GAGGGTACACAAAGCG,0.7136873,6.3125715,type B pancreatic cell,SAMN10737781
MS19001_GTGCGTGAGCCATGCC,4.393454,19.262365,pancreatic A cell,SAMN10737781
MS19001_GACTTCCTCCTTCACG,1.6366695,20.762157,pancreatic A cell,SAMN10737781
MS19001_CTCCATGGTACAACGG,-0.33439702,-5.9818907,pancreatic ductal cell,SAMN10737781
MS19001_TGAGCATCAGGTTCAT,4.306884,18.358414,pancreatic A cell,SAMN10737781
MS19001_AGGTCTACACGACCTG,4.449173,19.836031,pancreatic A cell,SAMN10737781
MS19001_CAGATTGTCATTTACC,-0.1877824,6.0935893,type B pancreatic cell,SAMN10737781
MS19001_CTTCCGATCGATCCCT,13.251685,-1.4693569,pancreatic stellate cell,SAMN10737781
MS19001_TATCCTATCCCGAAAT,1.7935134,19.278696,pancreatic A cell,SAMN10737781
MS19001_GATCATGCACAGAGCA,-1.9369226,6.8556557,type B pancreatic cell,SAMN10737781
MS19001_AGTGCCGGTAATACCC,1.742959,-5.691807,pancreatic ductal cell,SAMN10737781
MS19001_TTGGGCGAGGTCCCGT,3.9489546,18.354523,pancreatic A cell,SAMN10737781
MS19001_GAGTTTGCAAGGCAAC,0.80004996,5.1465235,type B pancreatic cell,SAMN10737781
MS19001_TCAGCCTCACGTAGTT,2.6985626,6.8525205,type B pancreatic cell,SAMN10737781
MS19001_AAGCATCAGATAACAC,3.1967287,20.355837,pancreatic A cell,SAMN10737781
MS19001_GTGTGATCAGGAGACT,3.217152,17.240685,pancreatic A cell,SAMN10737781
MS19001_CCTTTGGCATCGAACT,4.471102,15.254671,pancreatic A cell,SAMN10737781
MS19001_TTTGATCCAGAGCCCT,-1.6031028,8.010139,type B pancreatic cell,SAMN10737781
MS19001_CCTTTGGAGCCTGAGA,2.446406,16.831997,pancreatic A cell,SAMN10737781
MS19001_CATCCACAGTCAGCGA,3.2489064,4.4338093,type B pancreatic cell,SAMN10737781
MS19001_GCCTGTTTCAGGACGA,0.0869214,3.00238,type B pancreatic cell,SAMN10737781
MS19001_ACATGCACAGCTGAGA,1.3156239,4.401615,type B pancreatic cell,SAMN10737781
MS19001_GAAGAATTCCATGAGT,2.3029125,-4.4244084,pancreatic ductal cell,SAMN10737781
MS19001_CTCAATTCATCCTTCG,-3.0126467,-3.6568418,pancreatic acinar cell,SAMN10737781
MS19001_AAAGTGAAGATTGACA,4.570609,16.357357,pancreatic A cell,SAMN10737781
MS19001_TCAAGCACATCGTTCC,1.8787084,17.983887,pancreatic A cell,SAMN10737781
MS19001_AGGTAGGAGGCTCTCG,4.004196,16.416645,pancreatic A cell,SAMN10737781
MS19001_AGGTTGTCACGTAGAG,2.861772,20.611832,pancreatic A cell,SAMN10737781
MS19001_AGACCCGAGGGACAGG,-2.5176415,7.5554104,type B pancreatic cell,SAMN10737781
MS19001_ACAGAAAGTGGGCTCT,3.4340646,19.08823,pancreatic A cell,SAMN10737781
MS19001_GTGTCCTGTACACGCC,6.5805206,16.260696,pancreatic A cell,SAMN10737781
MS19001_GTCCTCATCCAAGCTA,12.112387,-0.85800606,pancreatic stellate cell,SAMN10737781
MS19001_TCCCACATCCACCTCA,2.1119335,4.8339224,type B pancreatic cell,SAMN10737781
MS19001_CATTCATGTGAGTTGG,3.8409917,19.775345,pancreatic A cell,SAMN10737781
MS19001_TCAAGACAGGCTGGAT,1.9243712,6.2318,type B pancreatic cell,SAMN10737781
MS19001_TAATCTCCACCGTGCA,14.55862,2.150435,endothelial cell,SAMN10737781
MS19001_TTGTTCAAGCTGGCCT,1.2889608,7.0209923,type B pancreatic cell,SAMN10737781
MS19001_TACCTCGTCCATGAGT,3.8174007,19.44802,pancreatic A cell,SAMN10737781
MS19001_GGTTGTAAGGCTAACG,2.5468302,18.108679,pancreatic A cell,SAMN10737781
MS19001_TCTGCCACAATATCCG,-0.32816693,3.8566847,type B pancreatic cell,SAMN10737781
MS19001_CGTGAATCACATAGCT,2.8669577,18.597055,pancreatic A cell,SAMN10737781
MS19001_AACCAACAGAAGCGAA,-0.12036562,3.4374223,type B pancreatic cell,SAMN10737781
MS19001_TCTCTGGGTCGCCTAG,3.4824677,18.536135,pancreatic A cell,SAMN10737781
MS19001_ATGAGGGAGTATTAGG,3.69912,17.162516,pancreatic A cell,SAMN10737781
MS19001_CTCCCAACATGAGGGT,14.555294,2.3749368,endothelial cell,SAMN10737781
MS19001_GATCGTACACGGCACT,1.3571166,17.106222,pancreatic A cell,SAMN10737781
MS19001_ATCACGACAGATACTC,2.606458,4.5626254,type B pancreatic cell,SAMN10737781
MS19001_TCGCAGGTCGTGTTCC,3.9084764,19.020082,pancreatic A cell,SAMN10737781
MS19001_CATTCATAGGGACCAT,2.3938887,17.401812,pancreatic A cell,SAMN10737781
MS19001_ATTACTCGTTTCTTAC,4.2099533,16.364305,pancreatic A cell,SAMN10737781
MS19001_AATGGAACAGCAAGAC,6.223422,15.925639,pancreatic A cell,SAMN10737781
MS19001_GTACAACAGTAAAGCT,2.032458,18.097727,pancreatic A cell,SAMN10737781
MS19001_CTCAAGAAGTCCCAGC,-0.02742921,8.244153,type B pancreatic cell,SAMN10737781
MS19001_TCTAACTGTCTGTGTA,0.037359938,4.889738,type B pancreatic cell,SAMN10737781
MS19001_ATTCGTTTCAGCAATC,12.779935,-1.3898343,pancreatic stellate cell,SAMN10737781
MS19001_ACATTTCGTAGTCTTG,14.607473,2.5259595,endothelial cell,SAMN10737781
MS19001_GACTCTCCATCCCACT,1.7654685,19.741507,pancreatic A cell,SAMN10737781
MS19001_GTTGAACGTGAATGTA,0.42361405,19.76748,pancreatic A cell,SAMN10737781
MS19001_ATGGGAGGTTGTGGAG,3.2083156,20.365131,pancreatic A cell,SAMN10737781
MS19001_CACTTCGCATGGGATG,-3.360462,5.2631874,type B pancreatic cell,SAMN10737781
MS19001_TACGTCCGTCACTTAG,5.1992745,18.788914,pancreatic A cell,SAMN10737781
MS19001_TACGTCCCAAGTGTCT,3.9578645,19.742514,pancreatic A cell,SAMN10737781
MS19001_GTTACGATCTAGTTCT,2.7042441,18.121866,pancreatic A cell,SAMN10737781
MS19001_ACGGAAGCACATAGCT,2.9150653,18.064514,pancreatic A cell,SAMN10737781
MS19001_TTCACGCGTAGGTTTC,-3.8976786,3.987137,pancreatic D cell,SAMN10737781
MS19001_TGAGTCATCTTTCGAT,2.9275815,4.845261,type B pancreatic cell,SAMN10737781
MS19001_ACATTTCCACCAGTTA,1.8049172,19.082787,pancreatic A cell,SAMN10737781
MS19001_CTCCTTTCAGGTTCAT,0.7621607,19.562614,pancreatic A cell,SAMN10737781
MS19001_GGGTATTAGAAATGGG,1.7107316,20.678936,pancreatic A cell,SAMN10737781
MS19001_AACCACACAATAAGGT,1.179469,18.936806,pancreatic A cell,SAMN10737781
MS19001_AGGTGTTGTTGCTTGA,-4.5492206,4.384263,pancreatic D cell,SAMN10737781
MS19001_GATTGGTCAAGGTACG,2.8883066,17.86597,pancreatic A cell,SAMN10737781
MS19001_AGAAGTATCGTGGACC,0.56272864,17.569107,pancreatic A cell,SAMN10737781
MS19001_GACACGCCAGCATACT,-3.13393,-3.5772648,pancreatic acinar cell,SAMN10737781
MS19001_AACAGGGAGGATTTAG,13.976978,2.944918,endothelial cell,SAMN10737781
MS19001_CATTGTTTCTGCGTCT,14.101066,3.1350784,endothelial cell,SAMN10737781
MS19001_TTGAACGAGAGTCGAC,4.3348436,16.22651,pancreatic A cell,SAMN10737781
MS19001_CGCATAATCTCGCGTT,13.917332,2.1140187,endothelial cell,SAMN10737781
MS19001_TACTTACAGTGGTGAC,-0.09993681,8.44081,type B pancreatic cell,SAMN10737781
MS19001_TAATCTCGTGTCCACG,-1.0524436,3.3019347,type B pancreatic cell,SAMN10737781
MS19001_CATGCAAAGTGATAGT,1.591684,-6.191176,pancreatic ductal cell,SAMN10737781
MS19001_ACTGTGACAGCTCCTT,-3.0085773,3.616997,pancreatic D cell,SAMN10737781
MS19001_GATTCGACATCCGATA,11.9249325,-1.7664727,pancreatic stellate cell,SAMN10737781
MS19001_TTTCGATGTCTGTCAA,0.612486,-4.7155123,pancreatic ductal cell,SAMN10737781
MS19001_TCGGGACCAGAACCGA,13.158955,-1.648374,pancreatic stellate cell,SAMN10737781
MS19001_GTGCTTCGTCGTACAT,0.37896624,2.7831998,type B pancreatic cell,SAMN10737781
MS19001_ATCCGTCTCTCGTTTA,2.2245038,4.633829,type B pancreatic cell,SAMN10737781
MS19001_CCTCATGTCGTAACCA,-4.4857893,2.7362478,pancreatic D cell,SAMN10737781
MS19001_ATCACTTCATACAGAA,2.1421206,7.1043005,type B pancreatic cell,SAMN10737781
MS19001_GGGAGATTCGCTTGCT,1.3281581,8.517544,type B pancreatic cell,SAMN10737781
MS19001_ACGGTCGCACTAGTAC,14.640552,2.5764434,endothelial cell,SAMN10737781
MS19001_AAGGAATCATTCCTCG,3.4127939,16.95968,pancreatic A cell,SAMN10737781
MS19001_ATGACCAAGGACCCAA,-0.43782672,9.762504,type B pancreatic cell,SAMN10737781
MS19001_CTTACCGAGTGGAAAG,3.4395058,20.374323,pancreatic A cell,SAMN10737781
MS19001_GAGAAATGTTCTTCAT,4.1278076,17.401772,pancreatic A cell,SAMN10737781
MS19001_AACGGGACAATCGCAT,1.5796001,21.080048,pancreatic A cell,SAMN10737781
MS19001_CTCAATTAGTTACGGG,2.4872062,20.734905,pancreatic A cell,SAMN10737781
MS19001_CATTTCAAGGTAGATT,-4.0073915,-3.4465606,pancreatic acinar cell,SAMN10737781
MS19001_GCCTGTTAGGGCTTCC,3.4806254,18.350044,pancreatic A cell,SAMN10737781
MS19001_GTCCTCATCGAGCCTG,4.855078,18.711058,pancreatic A cell,SAMN10737781
MS19001_AGGCATTAGAATACAC,-0.7156385,3.594575,type B pancreatic cell,SAMN10737781
MS19001_CTTCTCTGTGTCACAT,1.2457794,7.789589,type B pancreatic cell,SAMN10737781
MS19001_TCGAAGTTCGAGAACG,0.407292,5.5745797,type B pancreatic cell,SAMN10737781
MS19001_TGAATCGTCTTACCGC,2.4676743,20.43746,pancreatic A cell,SAMN10737781
MS19001_TGGAACTAGGATAATC,-3.2149675,-3.5324087,pancreatic acinar cell,SAMN10737781
MS19001_CCTTCAGGTCAACCAT,2.4926336,20.20606,pancreatic A cell,SAMN10737781
MS19001_GAAACCTTCTCTCGCA,3.2156703,19.009005,pancreatic A cell,SAMN10737781
MS19001_GAACGTTCACTCCCTA,2.099836,16.97676,pancreatic A cell,SAMN10737781
MS19001_GAACGTTTCCATTCAT,3.9267032,16.599573,pancreatic A cell,SAMN10737781
MS19001_GTCTGTCAGCGTTCCG,-2.0844991,5.971139,type B pancreatic cell,SAMN10737781
MS19001_GCATTAGAGCACTCAT,1.6423662,3.7983174,type B pancreatic cell,SAMN10737781
MS19001_CAATGACCATCTGTTT,-4.0906916,3.6942358,pancreatic D cell,SAMN10737781
MS19001_CCTCCTCTCTGGCCTT,1.726918,19.167925,pancreatic A cell,SAMN10737781
MS19001_AACACACCAAATCAGA,0.88286304,2.4146764,type B pancreatic cell,SAMN10737781
MS19001_ACCGTTCAGATGCTGG,3.018162,20.312536,pancreatic A cell,SAMN10737781
MS19001_CCTCAGTGTCCAAAGG,13.104745,1.3070819,pancreatic stellate cell,SAMN10737781
MS19001_GTGGAAGCACTTCATT,4.6226625,20.133083,pancreatic A cell,SAMN10737781
MS19001_CCTGCATAGATGGGCT,-5.3677497,4.3921003,pancreatic D cell,SAMN10737781
MS19001_ATCTCTAGTCCGATCG,2.4857588,5.166096,type B pancreatic cell,SAMN10737781
MS19001_GCCAGCAGTCGAGATG,-1.5534344,4.5568933,type B pancreatic cell,SAMN10737781
MS19001_CGTGCTTAGCACCTGC,1.8488789,8.476491,type B pancreatic cell,SAMN10737781
MS19001_GTGTGATAGGAATTAC,13.179882,-1.5212661,pancreatic stellate cell,SAMN10737781
MS19001_GAAGGGTAGCTTCATG,12.54062,-2.1792173,pancreatic stellate cell,SAMN10737781
MS19001_GTACAACTCAAGCGTT,-0.106162675,4.744289,type B pancreatic cell,SAMN10737781
MS19001_TTGGGATAGTTGGGAC,1.5300616,-5.6404085,pancreatic ductal cell,SAMN10737781
MS19001_TTTACCAGTGGTCTCG,2.6220567,8.414828,type B pancreatic cell,SAMN10737781
MS19001_TATTGGGCAAGTGATA,4.707268,16.176313,pancreatic A cell,SAMN10737781
MS19001_CGAGGAAAGGGATGTC,1.1365132,3.5089927,type B pancreatic cell,SAMN10737781
MS19001_GTGGCGTTCCACATAG,-0.35443082,4.261118,type B pancreatic cell,SAMN10737781
MS19001_GTCATCCTCAACTCTT,-3.5339315,4.3332734,pancreatic D cell,SAMN10737781
MS19001_TACTTACGTTTCAGAC,4.8868814,17.157154,pancreatic A cell,SAMN10737781
MS19001_GACTATGGTTAAGAAC,1.4917139,5.979492,type B pancreatic cell,SAMN10737781
MS19001_TCATGTTTCGCTTGCT,1.9553661,7.737798,type B pancreatic cell,SAMN10737781
MS19001_AGTACTGAGGATTTAG,3.295237,6.128441,type B pancreatic cell,SAMN10737781
MS19001_GGGCTCAAGGCCTGAA,1.0319552,-6.29621,pancreatic ductal cell,SAMN10737781
MS19001_GCCATGGAGATCCCAT,2.277811,6.799165,type B pancreatic cell,SAMN10737781
MS19001_GGGTGTCCAGAGTTCT,1.3940885,17.516088,pancreatic A cell,SAMN10737781
MS19001_AGACCCGTCCAACACA,1.6644351,19.94342,pancreatic A cell,SAMN10737781
MS19001_GGAATCTCAGCTCATA,2.686393,19.804699,pancreatic A cell,SAMN10737781
MS19001_CCTCAGTAGTCTACCA,3.3817654,18.224558,pancreatic A cell,SAMN10737781
MS19001_GGGAGTAGTAGGAAAG,2.8152676,-4.833393,pancreatic ductal cell,SAMN10737781
MS19001_AGGCATTAGAAACCAT,1.4469556,18.143679,pancreatic A cell,SAMN10737781
MS19001_ATGCATGGTGGCAGAT,0.8371725,6.414248,type B pancreatic cell,SAMN10737781
MS19001_CTGCCATGTAGACGGT,-0.36744332,8.866057,type B pancreatic cell,SAMN10737781
MS19001_CGTTCTGTCCGGTTCT,3.564141,20.282608,pancreatic A cell,SAMN10737781
MS19001_TGATGGTGTTACGATC,2.0706174,17.350037,pancreatic A cell,SAMN10737781
MS19001_TGTTGGAAGACTTAAG,4.3653536,19.93311,pancreatic A cell,SAMN10737781
MS19001_GAAGAATTCTGTCAGA,-3.536183,-3.2805765,pancreatic acinar cell,SAMN10737781
MS19001_CTCCCTCAGACGACGT,2.567658,4.0369115,type B pancreatic cell,SAMN10737781
MS19001_GGGACTCCATATAGCC,6.1448474,15.967634,pancreatic A cell,SAMN10737781
MS19001_TCTTCCTTCCCTCGAT,1.2808876,6.8025575,type B pancreatic cell,SAMN10737781
MS19001_GTGGAGACATATCGGT,3.321626,17.027317,pancreatic A cell,SAMN10737781
MS19001_CGGGACTTCGCTGTCT,1.5213869,4.925363,type B pancreatic cell,SAMN10737781
MS19001_CTCCTCCCACCGCTAG,-0.3198341,7.7002826,type B pancreatic cell,SAMN10737781
MS19001_AGGCCACGTCTGTCCT,2.3540514,17.168814,pancreatic A cell,SAMN10737781
MS19001_CAACGGCTCCAATCCC,4.060364,16.887714,pancreatic A cell,SAMN10737781
MS19001_AAACCCAAGGCCCACT,2.7468276,8.08046,type B pancreatic cell,SAMN10737781
MS19001_CCACAAAAGTGAATAC,0.78772736,-5.500642,pancreatic ductal cell,SAMN10737781
MS19001_ATCACGACATAAGCAA,3.985892,15.656261,pancreatic A cell,SAMN10737781
MS19001_TGATCAGTCAAGCCGC,1.6413938,18.338345,pancreatic A cell,SAMN10737781
MS19001_AGAGAATAGCTGTTCA,2.382931,-5.8687997,pancreatic ductal cell,SAMN10737781
MS19001_GTCCTCACAGGCACAA,-3.5498586,4.4856687,pancreatic D cell,SAMN10737781
MS19001_GTCAAGTGTCGGTGAA,14.444928,2.2367995,endothelial cell,SAMN10737781
MS19001_AATCGTGAGCGAGTAC,1.2837207,8.596271,type B pancreatic cell,SAMN10737781
MS19001_ATGGGAGTCTTCCCAG,1.4477923,4.6647964,type B pancreatic cell,SAMN10737781
MS19001_TAGTGCAGTACACGCC,1.8207868,3.6192544,type B pancreatic cell,SAMN10737781
MS19001_CGTGCTTTCTCACCCA,1.4772667,7.7178288,type B pancreatic cell,SAMN10737781
MS19001_GACTATGTCGACTCCT,1.2777703,6.912266,type B pancreatic cell,SAMN10737781
MS19001_AACCCAATCTCGCAGG,4.8129044,16.102118,pancreatic A cell,SAMN10737781
MS19001_AAGCCATTCACTCACC,0.98524135,19.690554,pancreatic A cell,SAMN10737781
MS19001_GTAGAAAAGCAGGTCA,2.40652,19.319952,pancreatic A cell,SAMN10737781
MS19001_TGTAACGGTCGTTGCG,2.8554068,4.2464724,type B pancreatic cell,SAMN10737781
MS19001_GCCTGTTCATAATGAG,3.777994,4.380686,type B pancreatic cell,SAMN10737781
MS19001_TCAGTCCGTGATAGTA,1.8203673,5.4152555,type B pancreatic cell,SAMN10737781
MS19001_TTCAGGAAGGAAAGTG,1.7067368,18.450354,pancreatic A cell,SAMN10737781
MS19001_TAAGTCGAGAGATCGC,1.0751566,7.7206163,type B pancreatic cell,SAMN10737781
MS19001_AGACAGGTCGGCTGGT,3.5633607,17.597052,pancreatic A cell,SAMN10737781
MS19001_GGTAACTCACTACGGC,2.5173163,17.643435,pancreatic A cell,SAMN10737781
MS19001_GCAACCGGTGTTTACG,3.2036698,6.547364,type B pancreatic cell,SAMN10737781
MS19001_TTTGGTTAGACTACCT,12.071586,-1.6878946,pancreatic stellate cell,SAMN10737781
MS19001_AGAGCAGCAACAAAGT,-3.343989,-4.0107627,pancreatic acinar cell,SAMN10737781
MS19001_ACCAACAAGCACTCGC,0.80022424,7.6294785,type B pancreatic cell,SAMN10737781
MS19001_TCAGTCCCATGGATCT,1.998432,19.086424,pancreatic A cell,SAMN10737781
MS19001_CCTCATGCATTAGGAA,0.32184663,5.8256035,type B pancreatic cell,SAMN10737781
MS19001_GAAGGACCATCTGTTT,-0.35693133,6.708922,type B pancreatic cell,SAMN10737781
MS19001_GAACACTTCGTTCCCA,12.220725,-1.0422089,pancreatic stellate cell,SAMN10737781
MS19001_GACCCAGGTGCTGTCG,0.48005888,6.8094177,type B pancreatic cell,SAMN10737781
MS19001_TGGTACACACTCCGGA,-4.067734,-3.5819833,pancreatic acinar cell,SAMN10737781
MS19001_GCGTTTCGTTCTTAGG,-0.20243551,3.2580044,type B pancreatic cell,SAMN10737781
MS19001_GAAACCTTCTGTCCGT,11.968223,-2.0323029,pancreatic stellate cell,SAMN10737781
MS19001_AGATGCTTCAGCAATC,4.742465,16.972832,pancreatic A cell,SAMN10737781
MS19001_AGAGCCCAGCTCCCTT,3.3897312,4.2314243,type B pancreatic cell,SAMN10737781
MS19001_TGACCCTGTGTGGTCC,1.2871706,5.263355,type B pancreatic cell,SAMN10737781
MS19001_GCAGCCAAGTCATTGC,0.3719009,4.5346,type B pancreatic cell,SAMN10737781
MS19001_TAATTCCGTTCCTTGC,0.27025685,4.0951796,type B pancreatic cell,SAMN10737781
MS19001_TGATGGTCAATCCTAG,4.6334796,17.113386,pancreatic A cell,SAMN10737781
MS19001_GAATAGAGTCCGTTTC,3.0647254,19.717463,pancreatic A cell,SAMN10737781
MS19001_GTTACAGGTGGCCCAT,3.4087234,19.332888,pancreatic A cell,SAMN10737781
MS19001_CAGTTCCTCCGGCTTT,3.5174532,-5.049575,pancreatic ductal cell,SAMN10737781
MS19001_TAGAGTCTCTCATTGT,-0.5996645,4.344294,type B pancreatic cell,SAMN10737781
MS19001_ACTTCCGTCCACAAGT,-2.7560074,-3.8960848,pancreatic acinar cell,SAMN10737781
MS19001_TAGAGTCAGGGCATGT,4.395776,6.433678,type B pancreatic cell,SAMN10737781
MS19001_CGTCAAACAGGTACGA,2.8461218,4.6056094,type B pancreatic cell,SAMN10737781
MS19001_CTCAAGATCCTAGCCT,-0.6685173,3.2097597,type B pancreatic cell,SAMN10737781
MS19001_AATCGACAGAATCGCG,4.2588778,18.64192,pancreatic A cell,SAMN10737781
MS19001_GAGACTTAGACCTCAT,3.1705186,5.3335805,type B pancreatic cell,SAMN10737781
MS19001_AAGGAATTCGCCATAA,12.9810705,-1.5037508,pancreatic stellate cell,SAMN10737781
MS19001_TTTCATGTCTAGCAAC,-0.16389996,5.937359,type B pancreatic cell,SAMN10737781
MS19001_ACCACAACAGGCCCTA,3.9147615,16.133595,pancreatic A cell,SAMN10737781
MS19001_AAGACAATCGGAATTC,3.9598036,19.73662,pancreatic A cell,SAMN10737781
MS19001_ATTCACTGTGAACTAA,3.3164084,21.145958,pancreatic A cell,SAMN10737781
MS19001_AGTGACTTCATTACGG,1.6381474,19.5115,pancreatic A cell,SAMN10737781
MS19001_CCACTTGTCCGAAGGA,4.286801,20.977901,pancreatic A cell,SAMN10737781
MS19001_GAGTTACAGAAGCCAC,3.4894786,20.190847,pancreatic A cell,SAMN10737781
MS19001_TTGGGTATCTCATGGA,4.0716586,17.864222,pancreatic A cell,SAMN10737781
MS19001_TCATGTTAGCCACTCG,1.9542291,18.647657,pancreatic A cell,SAMN10737781
MS19001_TCATGAGAGGTAATCA,-1.0030682,5.3020186,type B pancreatic cell,SAMN10737781
MS19001_CCCTCAAAGGATTTCC,1.803417,7.704808,type B pancreatic cell,SAMN10737781
MS19001_CTCATTATCTAGAGCT,2.8358116,7.142993,type B pancreatic cell,SAMN10737781
MS19001_CCCTCTCCATGTGCTA,2.5426786,-4.6705494,pancreatic ductal cell,SAMN10737781
MS19001_CAACCTCGTGTCCATA,-0.2960374,2.8850694,type B pancreatic cell,SAMN10737781
MS19001_TGGAACTGTTCGAAGG,2.1928432,19.797298,pancreatic A cell,SAMN10737781
MS19001_TAGTGCAGTCACAGTT,2.3947363,20.788776,pancreatic A cell,SAMN10737781
MS19001_TATCTTGTCCCTCAAC,3.1546924,19.737385,pancreatic A cell,SAMN10737781
MS19001_CAACAACCAGGCGTTC,1.0522133,4.4906273,type B pancreatic cell,SAMN10737781
MS19001_ACCGTTCAGCAACCAG,3.8226047,4.7991047,type B pancreatic cell,SAMN10737781
MS19001_CAACGATGTCATAAAG,0.1287078,9.726567,type B pancreatic cell,SAMN10737781
MS19001_ACAGCCGCAGTATTCG,0.13886552,3.9759047,type B pancreatic cell,SAMN10737781
MS19001_ACGTTCCCAACAGCCC,0.9333672,5.170612,type B pancreatic cell,SAMN10737781
MS19001_GTTATGGTCGCTTACC,1.7744645,4.805622,type B pancreatic cell,SAMN10737781
MS19001_ACTACGATCCTAAACG,3.9553442,17.324072,pancreatic A cell,SAMN10737781
MS19001_CGTTGGGAGGACTAAT,2.5944164,18.15701,pancreatic A cell,SAMN10737781
MS19001_GACACGCAGCGTGAAC,4.169232,6.1078253,type B pancreatic cell,SAMN10737781
MS19001_GATGTTGCATCCGAAT,1.2402129,16.998966,pancreatic A cell,SAMN10737781
MS19001_CGGGCATTCGCTATTT,3.7771122,18.85885,pancreatic A cell,SAMN10737781
MS19001_TTGCTGCAGGTAAAGG,0.3864997,2.608433,type B pancreatic cell,SAMN10737781
MS19001_TCGTGGGTCAGACCGC,2.5364807,19.855076,pancreatic A cell,SAMN10737781
MS19001_CAGTTCCCACAACGAG,2.638222,-5.3065414,pancreatic ductal cell,SAMN10737781
MS19001_GCACATAAGTTCGGTT,3.1537964,20.857075,pancreatic A cell,SAMN10737781
MS19001_TTACCGCCACACGGTC,1.8155954,18.103264,pancreatic A cell,SAMN10737781
MS19001_AGTGTTGGTTGTCATG,2.682634,19.571854,pancreatic A cell,SAMN10737781
MS19001_GGGCCATAGGGCGAAG,-2.7298002,-3.9090264,pancreatic acinar cell,SAMN10737781
MS19001_GAGCCTGAGCTCCATA,2.8747516,21.150461,pancreatic A cell,SAMN10737781
MS19001_GAACACTGTGGACCAA,1.4935074,-5.8621607,pancreatic ductal cell,SAMN10737781
MS19001_ATCACTTCAATGCTCA,0.6972742,7.2937803,type B pancreatic cell,SAMN10737781
MS19001_AGTAACCGTTTCGTAG,0.42847475,18.818316,pancreatic A cell,SAMN10737781
MS19001_GGTGTTATCTTTGATC,2.9392707,21.036713,pancreatic A cell,SAMN10737781
MS19001_GAACGTTTCGCGGACT,3.7870445,19.47576,pancreatic A cell,SAMN10737781
MS19001_CTACCTGAGTGAGTTA,3.2831001,19.375736,pancreatic A cell,SAMN10737781
MS19001_TCAGCCTTCCTTCTTC,3.0580547,16.38739,pancreatic A cell,SAMN10737781
MS19001_ACTTTCACAAGTTTGC,5.5847373,17.34461,pancreatic A cell,SAMN10737781
MS19001_TTGCCTGGTGGCTGCT,0.13554852,6.1790376,type B pancreatic cell,SAMN10737781
MS19001_ACACTGACATGGCACC,2.003069,5.42025,type B pancreatic cell,SAMN10737781
MS19001_ACATCCCGTCTCACAA,3.3153067,20.7114,pancreatic A cell,SAMN10737781
MS19001_TGGAACTCACCGGAAA,3.5426188,16.448969,pancreatic A cell,SAMN10737781
MS19001_TGATTCTCATATTCGG,1.4897447,18.532854,pancreatic A cell,SAMN10737781
MS19001_TTATTGCAGGGACAGG,-0.76826215,2.7929335,type B pancreatic cell,SAMN10737781
MS19001_CTTGATTAGCGATGCA,1.2085061,5.7296977,type B pancreatic cell,SAMN10737781
MS19001_TATCTGTGTGAGGATC,3.6126392,20.097012,pancreatic A cell,SAMN10737781
MS19001_CCACGAGTCGATTTCT,14.005099,2.6744041,endothelial cell,SAMN10737781
MS19001_TTCCTTCGTGGGTATG,2.8400803,20.948132,pancreatic A cell,SAMN10737781
MS19001_AGATGAAAGATCCGAG,0.6015358,4.318557,type B pancreatic cell,SAMN10737781
MS19001_GCGATCGCATTGTAGC,2.4185488,-6.119601,pancreatic ductal cell,SAMN10737781
MS19001_TTACTGTTCCGCGAGT,2.6919403,5.01921,type B pancreatic cell,SAMN10737781
MS19001_TGGATCACAGCGAACA,2.2190902,17.309732,pancreatic A cell,SAMN10737781
MS19001_ACCAACATCTACACAG,1.42532,6.8704634,type B pancreatic cell,SAMN10737781
MS19001_CTTTCAAGTATTTCTC,-1.1495471,8.144333,type B pancreatic cell,SAMN10737781
MS19001_CCGGACAGTAGCTAAA,0.2448395,7.305937,type B pancreatic cell,SAMN10737781
MS19001_AGAACAAAGACCAAGC,4.063752,19.991634,pancreatic A cell,SAMN10737781
MS19001_GCTCAAAGTTTCGTAG,1.6720291,17.859884,pancreatic A cell,SAMN10737781
MS19001_ACTTTGTAGACTACGG,1.5063998,7.7848716,type B pancreatic cell,SAMN10737781
MS19001_CATGCAAAGTACTCGT,2.3032413,17.857258,pancreatic A cell,SAMN10737781
MS19001_CCGATCTTCCATGCAA,2.085689,20.735067,pancreatic A cell,SAMN10737781
MS19001_TGAGGGACAACACAGG,0.024075778,6.450957,type B pancreatic cell,SAMN10737781
MS19001_TGCGGCACAGGGAGAG,-5.0811753,2.9981904,pancreatic D cell,SAMN10737781
MS19001_GTAGCTAAGATCGCCC,-1.2920842,4.498711,type B pancreatic cell,SAMN10737781
MS19001_AGCGCCAGTGTCTAAC,0.44952947,17.494705,pancreatic A cell,SAMN10737781
MS19001_GTGTGGCCACTACACA,-5.042369,5.2512813,pancreatic D cell,SAMN10737781
MS19001_TCTCCGAAGCGTATAA,5.1235237,18.467798,pancreatic A cell,SAMN10737781
MS19001_GATCCCTAGAAACTAC,3.9510918,18.73156,pancreatic A cell,SAMN10737781
MS19001_TGACTCCTCGTTGTTT,1.2756907,8.739661,type B pancreatic cell,SAMN10737781
MS19001_TCGTGGGCATCTCATT,1.3059734,8.828666,type B pancreatic cell,SAMN10737781
MS19001_GTGCTTCAGGAATGTT,13.175386,2.9343529,endothelial cell,SAMN10737781
MS19001_GAGAGGTCACAACCGC,1.1620467,7.5601463,type B pancreatic cell,SAMN10737781
MS19001_TCATTCACATCGGTTA,0.3660915,-5.9772735,pancreatic ductal cell,SAMN10737781
MS19001_ATCCCTGAGGCCCAAA,0.24453072,2.1754844,type B pancreatic cell,SAMN10737781
MS19001_TTAGTCTTCATCCTGC,2.6375718,16.531998,pancreatic A cell,SAMN10737781
MS19001_CATTCCGAGATTGTGA,0.9111905,6.402766,type B pancreatic cell,SAMN10737781
MS19001_TGAATCGAGAAAGCGA,14.566888,2.5355935,endothelial cell,SAMN10737781
MS19001_AAGTACCTCGACCTAA,4.69376,20.363419,pancreatic A cell,SAMN10737781
MS19001_TACGCTCCACTGCGTG,0.23922203,2.6596181,type B pancreatic cell,SAMN10737781
MS19001_GTATTTCGTTAGAAAC,-0.41684678,6.0264373,type B pancreatic cell,SAMN10737781
MS19001_CGGCAGTGTGTTTGCA,1.2401476,3.3015192,type B pancreatic cell,SAMN10737781
MS19001_GCTACAACACGACCTG,4.19891,15.835672,pancreatic A cell,SAMN10737781
MS19001_CGAGAAGGTTGCATAC,1.352597,4.0611873,type B pancreatic cell,SAMN10737781
MS19001_GCTACCTTCTGCGGGT,3.7286043,17.656132,pancreatic A cell,SAMN10737781
MS19001_AACCAACAGGGAGTGG,-0.6479525,4.4215646,type B pancreatic cell,SAMN10737781
MS19001_CCACGTTAGGTCACCC,5.5603156,16.632822,pancreatic A cell,SAMN10737781
MS19001_AGCCAGCGTCGGCCTA,-3.6372447,-3.6701806,pancreatic acinar cell,SAMN10737781
MS19001_TTGCGTCAGGTCGTGA,5.305468,16.111147,pancreatic A cell,SAMN10737781
MS19001_GCAGTTACACGTACTA,3.7027576,19.295513,pancreatic A cell,SAMN10737781
MS19001_CGGTCAGTCTTCTGTA,1.9134321,5.606518,type B pancreatic cell,SAMN10737781
MS19001_GTTCGCTCACGGCCAT,3.7223995,5.6242533,type B pancreatic cell,SAMN10737781
MS19001_CAGCCAGTCTCTTCAA,12.385183,-2.3928294,pancreatic stellate cell,SAMN10737781
MS19001_GTATTTCCAAGAGATT,-0.077859126,6.213405,type B pancreatic cell,SAMN10737781
MS19001_TGTAACGTCTCCAATT,2.0638711,-5.2759953,pancreatic ductal cell,SAMN10737781
MS19001_GGTGGCTTCCATGCAA,1.4194453,-4.950464,pancreatic ductal cell,SAMN10737781
MS19001_AGTCACAAGAGAGCGG,3.9083443,18.40207,pancreatic A cell,SAMN10737781
MS19001_ACATCGACATCCGGCA,-0.15133391,3.9692492,type B pancreatic cell,SAMN10737781
MS19001_GGGATGATCCGCACTT,3.8273659,5.5372963,type B pancreatic cell,SAMN10737781
MS19001_CTCAGGGAGGCTGAAC,2.9342034,19.147509,pancreatic A cell,SAMN10737781
MS19001_CACGTTCTCATTTCCA,14.427871,2.718849,endothelial cell,SAMN10737781
MS19001_ACGGGTCTCAGTCCGG,-0.98963934,4.353823,type B pancreatic cell,SAMN10737781
MS19001_TCATACTGTGCTGCAC,13.139645,-0.80764127,pancreatic stellate cell,SAMN10737781
MS19001_CTCCGATCACGCCAGT,1.678734,5.363118,type B pancreatic cell,SAMN10737781
MS19001_TTCCTAACATCCGTGG,1.6037136,18.85931,pancreatic A cell,SAMN10737781
MS19001_GGTGTTAAGGAACTAT,3.8932943,5.486613,type B pancreatic cell,SAMN10737781
MS19001_TGAGGGAGTCTTGAAC,14.116509,2.5891643,endothelial cell,SAMN10737781
MS19001_GCATCGGCAATGAAAC,0.17016971,3.9873705,type B pancreatic cell,SAMN10737781
MS19001_TCTCCGATCCTTACCG,1.7972199,6.6659408,type B pancreatic cell,SAMN10737781
MS19001_CGTGAATGTTGACTAC,3.0808322,16.234478,pancreatic A cell,SAMN10737781
MS19001_CGGTCAGCAGGTGTGA,4.395253,18.296917,pancreatic A cell,SAMN10737781
MS19001_GAGTCTATCATCGTAG,6.2767954,16.168262,pancreatic A cell,SAMN10737781
MS19001_ATCTCTACAACAGTGG,1.9598538,4.7128143,type B pancreatic cell,SAMN10737781
MS19001_CTGCAGGAGTGCCTCG,2.4076502,6.395353,type B pancreatic cell,SAMN10737781
MS19001_CCGGACATCTAGTGTG,13.832634,3.1412385,endothelial cell,SAMN10737781
MS19001_GTGTCCTCAACCGCCA,14.297164,2.4180088,endothelial cell,SAMN10737781
MS19001_ATGGTTGGTGGAGGTT,5.46876,17.81112,pancreatic A cell,SAMN10737781
MS19001_GAAGCCCTCAACTGAC,0.13706842,8.685275,type B pancreatic cell,SAMN10737781
MS19001_AAGACTCAGCCAAGTG,1.0225668,17.539907,pancreatic A cell,SAMN10737781
MS19001_TGTTGGACAGCCTTCT,1.4919456,19.88984,pancreatic A cell,SAMN10737781
MS19001_TAGGTACCAATCCTAG,3.5519195,19.085896,pancreatic A cell,SAMN10737781
MS19001_TATCTGTTCGAGCCAC,10.098981,8.909226,pancreatic PP cell,SAMN10737781
MS19001_GCAACCGCACGGCCAT,2.750654,20.592178,pancreatic A cell,SAMN10737781
MS19001_CTACCTGTCGTTAGTG,2.8135257,18.702248,pancreatic A cell,SAMN10737781
MS19001_ACGTAGTTCAATGCAC,5.505767,16.878109,pancreatic A cell,SAMN10737781
MS19001_TCACTATAGTCCCAGC,4.339298,5.603932,type B pancreatic cell,SAMN10737781
MS19001_ATGAGTCAGTCAAGCG,-0.59018296,6.8730774,type B pancreatic cell,SAMN10737781
MS19001_CTGCCTAGTTTCGACA,1.6634839,4.915349,type B pancreatic cell,SAMN10737781
MS19001_ACGGGTCTCAACGAGG,0.40474918,7.7369843,type B pancreatic cell,SAMN10737781
MS19001_GGGATGATCGGACTTA,2.1729515,16.458288,pancreatic A cell,SAMN10737781
MS19001_CTGTGAACAGCGGATA,-4.4999347,-4.23779,pancreatic acinar cell,SAMN10737781
MS19001_AGGTGTTCACCTGCTT,1.9057193,4.2432847,type B pancreatic cell,SAMN10737781
MS19001_GACACGCTCATGCATG,1.2620002,6.4635925,type B pancreatic cell,SAMN10737781
MS19001_ACACAGTCATGGGATG,-0.8590853,8.303789,type B pancreatic cell,SAMN10737781
MS19001_GTAGAAACACCAACAT,2.264226,18.30142,pancreatic A cell,SAMN10737781
MS19001_GTAACCATCGTAGTCA,5.8155785,16.175297,pancreatic A cell,SAMN10737781
MS19001_TCTACATTCCTTTGAT,2.5542085,5.333392,type B pancreatic cell,SAMN10737781
MS19001_TTACGCCAGTGCGTCC,2.2806115,18.526735,pancreatic A cell,SAMN10737781
MS19001_GAGGCAATCCGATCGG,-5.466994,3.4697113,pancreatic D cell,SAMN10737781
MS19001_CCACGTTCATACCGTA,2.0827396,16.717632,pancreatic A cell,SAMN10737781
MS19001_TATATCCTCGTCGATA,2.4735413,17.777315,pancreatic A cell,SAMN10737781
MS19001_CGGGTGTTCAAGAGGC,0.99714994,5.9443274,type B pancreatic cell,SAMN10737781
MS19001_ATTTCTGTCTGCGTCT,-4.8595986,3.9293687,pancreatic D cell,SAMN10737781
MS19001_TAGGTTGAGGCTTAAA,4.7548404,18.994995,pancreatic A cell,SAMN10737781
MS19001_CGAGTTACACCTCTAC,1.8490173,20.27119,pancreatic A cell,SAMN10737781
MS19001_GACCAATCAAGGGTCA,3.8918762,6.0291276,type B pancreatic cell,SAMN10737781
MS19001_AATCGACGTGAGCTCC,-3.6851563,3.9231946,pancreatic D cell,SAMN10737781
MS19001_AGGTCTATCATCTGTT,-1.4272653,7.8925514,type B pancreatic cell,SAMN10737781
MS19001_ACTTAGGCAGTCGCAC,4.181309,18.934654,pancreatic A cell,SAMN10737781
MS19001_AACCAACTCCCATTCG,1.6497313,19.160482,pancreatic A cell,SAMN10737781
MS19001_CAAGAGGGTTCAGCGC,1.9859202,4.738982,type B pancreatic cell,SAMN10737781
MS19001_GTTACGAGTCTTGAAC,1.2240329,-5.71024,pancreatic ductal cell,SAMN10737781
MS19001_AAACGAATCGCTAGCG,5.0373826,17.423325,pancreatic A cell,SAMN10737781
MS19001_TCAATCTAGTCACAGG,2.3331923,20.324244,pancreatic A cell,SAMN10737781
MS19001_TGCTGAACATGGAAGC,-0.36868116,3.951056,type B pancreatic cell,SAMN10737781
MS19001_TACAACGCATTAGGCT,-5.4579735,2.5377066,pancreatic D cell,SAMN10737781
MS19001_CCGTGAGAGGTCGTCC,1.4926074,6.823515,type B pancreatic cell,SAMN10737781
MS19001_TGTGCGGCATGAGAAT,2.9554012,-5.05713,pancreatic ductal cell,SAMN10737781
MS19001_CAATGACCAATTGCGT,4.1614003,18.755814,pancreatic A cell,SAMN10737781
MS19001_TAACCAGAGTATCTGC,1.2555926,17.476843,pancreatic A cell,SAMN10737781
MS19001_GTCGTAAAGGATACCG,1.8019606,8.301366,type B pancreatic cell,SAMN10737781
MS19001_AACCACATCACGTCCT,14.553691,2.6558816,endothelial cell,SAMN10737781
MS19001_GGTTCTCGTCGCGTCA,-0.40619984,3.406232,type B pancreatic cell,SAMN10737781
MS19001_ATGAGGGCATGAATAG,-4.8724504,2.685992,pancreatic D cell,SAMN10737781
MS19001_CGAATTGCACAGACGA,2.3646054,7.890921,type B pancreatic cell,SAMN10737781
MS19001_GATGAGGTCTGCCTGT,2.606539,5.96416,type B pancreatic cell,SAMN10737781
MS19001_AATGCCAGTTCTTGCC,4.5520124,18.106646,pancreatic A cell,SAMN10737781
MS19001_GTAGGTTTCGGTATGT,1.5361415,3.8096683,type B pancreatic cell,SAMN10737781
MS19001_CTGTACCAGGCAGGTT,2.8851829,17.756758,pancreatic A cell,SAMN10737781
MS19001_TCCGAAAGTAGTTACC,2.0735645,6.5954823,type B pancreatic cell,SAMN10737781
MS19001_TACATTCCAAATCCCA,-0.6528036,7.0003223,type B pancreatic cell,SAMN10737781
MS19001_CGTGCTTAGTCATACC,1.5538793,19.413477,pancreatic A cell,SAMN10737781
MS19001_CTTTCGGGTAGAGCTG,4.0484033,18.481966,pancreatic A cell,SAMN10737781
MS19001_GAGGCCTGTTTGTTCT,6.0691586,15.701429,pancreatic A cell,SAMN10737781
MS19001_ACATCCCTCCAAATGC,0.048915464,5.4536595,type B pancreatic cell,SAMN10737781
MS19001_AGCCAATTCTATCGCC,-4.0815086,4.970757,pancreatic D cell,SAMN10737781
MS19001_CAACCAAGTGGCCCAT,3.2113469,20.65993,pancreatic A cell,SAMN10737781
MS19001_GTACAACGTCCAAATC,-1.8300862,6.080484,type B pancreatic cell,SAMN10737781
MS19001_GGAAGTGCAATCGCGC,-4.6732326,4.0612617,pancreatic D cell,SAMN10737781
MS19001_TCTGGCTAGTGGCCTC,2.7344427,7.567652,type B pancreatic cell,SAMN10737781
MS19001_CAATGACAGGTCGTGA,1.8716884,5.985924,type B pancreatic cell,SAMN10737781
MS19001_CTTCTAACAAACGGCA,-2.6973557,-4.06607,pancreatic acinar cell,SAMN10737781
MS19001_CCACGAGAGAATCCCT,0.042948388,6.6909127,type B pancreatic cell,SAMN10737781
MS19001_AGTAGCTGTGGTACAG,4.2150364,16.250626,pancreatic A cell,SAMN10737781
MS19001_GTGTTCCGTAATGTGA,4.3666964,17.61957,pancreatic A cell,SAMN10737781
MS19001_TCAGCAACACGGATCC,-3.9666338,4.678749,pancreatic D cell,SAMN10737781
MS19001_CATTCTATCCTATTTG,1.2013232,7.016836,type B pancreatic cell,SAMN10737781
MS19001_AGATAGAGTCAGTCGC,-0.32405365,2.9766335,type B pancreatic cell,SAMN10737781
MS19001_GTCATTTGTTCGTTCC,2.5980847,17.674835,pancreatic A cell,SAMN10737781
MS19001_TTGTTGTTCCACCCTA,-4.2780366,-4.2683396,pancreatic acinar cell,SAMN10737781
MS19001_GCGGATCCAAGCTCTA,1.7778974,21.047504,pancreatic A cell,SAMN10737781
MS19001_ACCAACAGTCACTCTC,-4.0629086,4.231544,pancreatic D cell,SAMN10737781
MS19001_TCATCATGTTCCGGTG,1.7224895,17.444254,pancreatic A cell,SAMN10737781
MS19001_GAGGGTAGTTTAGTCG,3.171225,5.770743,type B pancreatic cell,SAMN10737781
MS19001_AAGCGAGTCTTTCCAA,0.41439807,4.612404,type B pancreatic cell,SAMN10737781
MS19001_CCAATTTTCCGTAATG,0.35082978,5.2671623,type B pancreatic cell,SAMN10737781
MS19001_TGGTAGTAGTCGAATA,0.65548164,5.433317,type B pancreatic cell,SAMN10737781
MS19001_GGAGGTACAGCTGTTA,2.5703375,17.557476,pancreatic A cell,SAMN10737781
MS19001_CGTTAGATCCCACAGG,4.8170533,18.674788,pancreatic A cell,SAMN10737781
MS19001_AGTGCCGTCAAACGTC,5.0406094,17.026073,pancreatic A cell,SAMN10737781
MS19001_AGCATCAAGTAGACCG,4.116365,18.344383,pancreatic A cell,SAMN10737781
MS19001_TTGTGGACATCCGAAT,2.7691693,19.205793,pancreatic A cell,SAMN10737781
MS19001_TCATTTGGTGGTCTTA,11.969815,0.6872024,pancreatic stellate cell,SAMN10737781
MS19001_AAGAACATCAGCCTTC,0.72737944,5.2254157,type B pancreatic cell,SAMN10737781
MS19001_GACGCTGCAGAGTAAT,13.233208,1.6157376,pancreatic stellate cell,SAMN10737781
MS19001_CAGGTATTCCTAAGTG,0.8861592,4.929886,type B pancreatic cell,SAMN10737781
MS19001_AGAAGTACACTAGAGG,2.568074,-5.858862,pancreatic ductal cell,SAMN10737781
MS19001_ACGCACGAGGTTGCCC,5.5589066,15.913078,pancreatic A cell,SAMN10737781
MS19001_GCTGAATGTTAATGAG,1.9382715,8.454951,type B pancreatic cell,SAMN10737781
MS19001_GTGGTTACAGACGCTC,1.2708101,18.026495,pancreatic A cell,SAMN10737781
MS19001_CACATGACATCGAAGG,2.775956,17.699436,pancreatic A cell,SAMN10737781
MS19001_GCATTAGTCGACCATA,-10.719814,-1.0517924,leukocyte,SAMN10737781
MS19001_TACCCGTAGTAAACGT,0.4594683,-6.620502,pancreatic ductal cell,SAMN10737781
MS19001_AGCGATTTCATGGAGG,2.4957557,5.5786905,type B pancreatic cell,SAMN10737781
MS19001_CGTAAGTCAGCAATTC,-2.9162488,3.635907,type B pancreatic cell,SAMN10737781
MS19001_CAACGGCAGCGATGAC,3.451252,17.820486,pancreatic A cell,SAMN10737781
MS19001_CGAGGCTCAATCGCAT,12.828364,0.601197,pancreatic stellate cell,SAMN10737781
MS19001_TCATTTGAGCGAGTCA,14.597047,2.0958202,endothelial cell,SAMN10737781
MS19001_GTGGGAAGTAGCGATG,3.4965222,20.518032,pancreatic A cell,SAMN10737781
MS19001_CGAGTGCTCTTACACT,2.6903389,4.6909347,type B pancreatic cell,SAMN10737781
MS19001_CGAGTTATCTGTCGCT,2.7544227,17.700655,pancreatic A cell,SAMN10737781
MS19001_CTTCCGATCAACCCGG,3.6065004,17.45622,pancreatic A cell,SAMN10737781
MS19001_TTCCACGAGAAACTCA,0.019045508,4.7158203,type B pancreatic cell,SAMN10737781
MS19001_CTACCCACATCCGATA,-0.031915106,7.903342,type B pancreatic cell,SAMN10737781
MS19001_ACTGTCCTCGCTCCTA,-3.7896016,4.305066,pancreatic D cell,SAMN10737781
MS19001_TTTGTTGGTGACTGAG,0.36531046,3.3739386,type B pancreatic cell,SAMN10737781
MS19001_TCATACTAGGCTGGAT,14.161377,2.3221986,endothelial cell,SAMN10737781
MS19001_CTACTATCAAAGTATG,4.164287,7.384704,type B pancreatic cell,SAMN10737781
MS19001_CTTCTAACAGGTCCCA,11.596663,-1.8294104,pancreatic stellate cell,SAMN10737781
MS19001_TAACACGCACCTCTAC,0.8589336,3.4298232,type B pancreatic cell,SAMN10737781
MS19001_TGGGCGTCATGAAGGC,3.2491834,5.8674755,type B pancreatic cell,SAMN10737781
MS19001_TTCTAGTAGCCAGAGT,2.9995148,17.23386,pancreatic A cell,SAMN10737781
MS19001_CGCATGGCAATAAGGT,3.5170822,20.760681,pancreatic A cell,SAMN10737781
MS19001_ACTCCCACATATAGCC,-0.14121635,4.865649,type B pancreatic cell,SAMN10737781
MS19001_AAACCCAGTATCACGT,4.5509553,19.680546,pancreatic A cell,SAMN10737781
MS19001_GCAGTTAGTTGCATTG,4.795139,16.773777,pancreatic A cell,SAMN10737781
MS19001_GTCTACCGTAAGGCCA,4.8354287,16.782812,pancreatic A cell,SAMN10737781
MS19001_TTCGATTAGGAAGTCC,5.0109153,15.53135,pancreatic A cell,SAMN10737781
MS19001_CCTCACATCATTCGTT,-3.608005,-3.7541175,pancreatic acinar cell,SAMN10737781
MS19001_CTATAGGAGAGCAGTC,-0.8916728,7.045225,type B pancreatic cell,SAMN10737781
MS19001_TAAGTCGGTGGTAACG,2.5872827,17.102125,pancreatic A cell,SAMN10737781
MS19001_AACCATGCACAAGTTC,-0.46106163,3.3718543,type B pancreatic cell,SAMN10737781
MS19001_AGGGTGAGTACTCGCG,2.0147376,8.599476,type B pancreatic cell,SAMN10737781
MS19001_TCCGAAATCCTCAGAA,2.679992,17.926788,pancreatic A cell,SAMN10737781
MS19001_GTCACGGCACCCTCTA,2.2238636,4.595673,type B pancreatic cell,SAMN10737781
MS19001_CGACAGCAGCATAGGC,0.61878073,4.7114153,type B pancreatic cell,SAMN10737781
MS19001_ATTCTTGTCTGTCCCA,1.4618478,19.235155,pancreatic A cell,SAMN10737781
MS19001_TACTGCCCACGGCTAC,0.7160987,-6.25578,pancreatic ductal cell,SAMN10737781
MS19001_ATTTCACCATACATCG,0.22940236,2.7251952,type B pancreatic cell,SAMN10737781
MS19001_GCACGGTCAGAACGCA,12.492713,-0.34409797,pancreatic stellate cell,SAMN10737781
MS19001_CCTCTAGCATCATCTT,2.298293,20.473629,pancreatic A cell,SAMN10737781
MS19001_TGGAACTTCGCTAAAC,3.9939334,17.164845,pancreatic A cell,SAMN10737781
MS19001_CCTATCGTCAGCAATC,3.3245456,4.5601387,type B pancreatic cell,SAMN10737781
MS19001_TGTTCATTCTTTGGAG,-4.3147864,4.534989,pancreatic D cell,SAMN10737781
MS19001_GATCAGTGTGTTACTG,-0.84305483,-6.272177,pancreatic ductal cell,SAMN10737781
MS19001_TATCAGGCACGCAAAG,-0.857296,8.203473,type B pancreatic cell,SAMN10737781
MS19001_GGTGATTGTGTTTGCA,1.6453154,8.509177,type B pancreatic cell,SAMN10737781
MS19001_TGGGAAGTCTCCGTGT,14.480534,2.3696854,endothelial cell,SAMN10737781
MS19001_TCCCAGTTCTGGTGGC,1.474187,5.6325593,type B pancreatic cell,SAMN10737781
MS19001_CTAACTTTCAATCAGC,-4.449717,3.3506978,pancreatic D cell,SAMN10737781
MS19001_CATGGATGTTAACCTG,1.2904562,8.161503,type B pancreatic cell,SAMN10737781
MS19001_TACGGTATCCCTCTAG,4.4845915,4.8275695,type B pancreatic cell,SAMN10737781
MS19001_AACCCAAAGTTAGTAG,1.1972957,-4.5910754,pancreatic ductal cell,SAMN10737781
MS19001_TGCGACGAGGTCATTC,2.835387,19.149496,pancreatic A cell,SAMN10737781
MS19001_GTTCTATTCCCATTCG,-1.2682631,5.043852,type B pancreatic cell,SAMN10737781
MS19001_GTTAGTGCAAGTATCC,2.6854532,19.977837,pancreatic A cell,SAMN10737781
MS19001_ATTCCTAAGCAAGCCA,4.4599986,18.83938,pancreatic A cell,SAMN10737781
MS19001_GGGACTCTCATTGCTT,-0.5957402,4.4461393,type B pancreatic cell,SAMN10737781
MS19001_TCTACATCAAGGACAC,2.3549366,18.152346,pancreatic A cell,SAMN10737781
MS19001_AGGTAGGAGCCTGACC,0.35186857,19.34729,pancreatic A cell,SAMN10737781
MS19001_CATTGTTTCAGCGGAA,-3.6667154,-2.8050408,pancreatic acinar cell,SAMN10737781
MS19001_AACAGGGAGTAATCCC,2.6153107,17.437605,pancreatic A cell,SAMN10737781
MS19001_ATCAGGTTCGGCTGAC,0.11581675,3.402277,type B pancreatic cell,SAMN10737781
MS19001_CAGTTAGGTTGCCGAC,3.209448,20.02896,pancreatic A cell,SAMN10737781
MS19001_ATCCGTCGTTGCTAGT,0.022906838,-6.128102,pancreatic ductal cell,SAMN10737781
MS19001_CCTAACCAGGGCATGT,0.092955254,8.08214,type B pancreatic cell,SAMN10737781
MS19001_CCGGTAGCAATTTCCT,-1.2454025,-5.43408,pancreatic ductal cell,SAMN10737781
MS19001_CGTAAGTAGGGTTAAT,2.9776635,19.253197,pancreatic A cell,SAMN10737781
MS19001_TCACGCTTCACTACTT,-1.7947774,-4.4419866,pancreatic ductal cell,SAMN10737781
MS19001_TTCGATTGTTGTGCCG,0.61657983,18.430502,pancreatic A cell,SAMN10737781
MS19001_GTATTGGCATAAGCAA,-3.8527155,3.6239266,pancreatic D cell,SAMN10737781
MS19001_CAATTTCAGGGACTGT,-4.7915783,-4.170778,pancreatic acinar cell,SAMN10737781
MS19003_GATGTTGGTTCGAGCC,-6.115691,-2.0867186,pancreatic acinar cell,SAMN10873960
MS19003_CTTAGGACACGCGCAT,-5.3626785,2.9610384,pancreatic D cell,SAMN10873960
MS19003_TCATGAGCAAGTTTGC,0.3203105,7.7913675,type B pancreatic cell,SAMN10873960
MS19003_GACTCAACACGGCTAC,5.8841443,17.012535,pancreatic A cell,SAMN10873960
MS19003_CTTCCTTGTTCAAACC,3.2444787,7.441796,type B pancreatic cell,SAMN10873960
MS19003_TTGCTGCAGTAGTGCG,4.320517,6.932361,type B pancreatic cell,SAMN10873960
MS19003_AGCATCAAGACGAAGA,6.5748467,17.865551,pancreatic A cell,SAMN10873960
MS19003_TCGACGGCATGATCTG,6.2601776,17.491432,pancreatic A cell,SAMN10873960
MS19003_ACTCCCAGTTGCTCGG,5.27421,16.622782,pancreatic A cell,SAMN10873960
MS19003_GAGTTACGTCATCTAG,6.8021913,17.370794,pancreatic A cell,SAMN10873960
MS19003_CTCATCGGTCCAGAAG,-5.9186726,-1.8633873,pancreatic acinar cell,SAMN10873960
MS19003_TGTAAGCAGTCTGGAG,-6.0872602,-1.4586045,pancreatic acinar cell,SAMN10873960
MS19003_CGCATGGAGTGGTTCT,-0.9279091,8.625163,type B pancreatic cell,SAMN10873960
MS19003_AAAGGTATCTTCTGTA,5.2928424,18.253956,pancreatic A cell,SAMN10873960
MS19003_CTCCCAACAACCGACC,4.53247,18.415699,pancreatic A cell,SAMN10873960
MS19003_TAGGTTGTCAAGCCGC,3.6529076,7.5149403,type B pancreatic cell,SAMN10873960
MS19003_TCCATGCAGTGCTAGG,2.8315923,5.5466247,type B pancreatic cell,SAMN10873960
MS19003_ATACCGAGTGATGTAA,-6.7002397,-2.6443763,pancreatic acinar cell,SAMN10873960
MS19003_GAGGCCTCATGTCGTA,-0.47585002,4.9457707,type B pancreatic cell,SAMN10873960
MS19003_GGCACGTGTTGCATAC,0.9334581,6.1562533,type B pancreatic cell,SAMN10873960
MS19003_TCTGGCTGTCTCAAGT,3.2188811,5.3331237,type B pancreatic cell,SAMN10873960
MS19003_CAACCAACATGAGTAA,5.784821,16.838726,pancreatic A cell,SAMN10873960
MS19003_TTGTTTGTCACAACCA,2.7520957,6.2447004,type B pancreatic cell,SAMN10873960
MS19003_AATTCCTAGCTACTGT,-5.6034284,-1.6278094,pancreatic acinar cell,SAMN10873960
MS19003_CTTGATTCAAATGGTA,4.281214,5.6728067,type B pancreatic cell,SAMN10873960
MS19003_AGGACTTCAATAGTAG,6.433516,17.41858,pancreatic A cell,SAMN10873960
MS19003_CCTCAGTGTCTTCTAT,0.11333112,3.4987166,type B pancreatic cell,SAMN10873960
MS19003_TTTACCATCCGGTAGC,3.8468757,6.050747,type B pancreatic cell,SAMN10873960
MS19003_TCAGCCTTCTTCCACG,7.110289,16.4238,pancreatic A cell,SAMN10873960
MS19003_AACCTTTCAACGCATT,-5.808627,-2.2817652,pancreatic acinar cell,SAMN10873960
MS19003_CAATTTCCAATCACGT,-0.2752005,8.43975,type B pancreatic cell,SAMN10873960
MS19003_CCTTGTGGTTGATGTC,11.676656,0.84252095,pancreatic stellate cell,SAMN10873960
MS19003_ACCATTTAGGAACTAT,4.298753,6.70949,type B pancreatic cell,SAMN10873960
MS19003_CAACAACTCCACTGAA,1.3210777,7.7297215,type B pancreatic cell,SAMN10873960
MS19003_TGAGTCAAGTAAGAGG,-6.3925877,-2.0848927,pancreatic acinar cell,SAMN10873960
MS19003_AGACAGGAGTTAGTGA,3.0388846,6.344435,type B pancreatic cell,SAMN10873960
MS19003_GCAGTTACAACCCTAA,-4.511441,-4.1031003,pancreatic acinar cell,SAMN10873960
MS19003_TCAATTCGTTGGAGGT,7.083364,16.654495,pancreatic A cell,SAMN10873960
MS19003_CTGAATGGTATCGTTG,4.0616207,6.663056,type B pancreatic cell,SAMN10873960
MS19003_ACCGTTCGTTGGGAAC,3.9109125,7.016877,pancreatic D cell,SAMN10873960
MS19003_TCATTTGGTGTGGACA,-0.68694353,-4.7558365,pancreatic ductal cell,SAMN10873960
MS19003_ACGCACGTCACTTTGT,5.514166,18.12252,pancreatic A cell,SAMN10873960
MS19003_ACTGTCCAGCACTAAA,2.941961,5.142631,type B pancreatic cell,SAMN10873960
MS19003_AGAAGCGTCTGACCCT,3.26742,7.415849,type B pancreatic cell,SAMN10873960
MS19003_ACACGCGGTGATTCAC,3.7844641,5.0843415,type B pancreatic cell,SAMN10873960
MS19003_TGCCGAGCAGTGCCTG,-6.634422,-2.556719,pancreatic acinar cell,SAMN10873960
MS19003_CACAACAAGGACTTCT,3.7873716,6.8703547,type B pancreatic cell,SAMN10873960
MS19003_ACATTTCCACTCCGGA,-4.936437,3.6873775,pancreatic D cell,SAMN10873960
MS19003_TTAGGGTGTCCAGAAG,-6.5346704,-2.2678692,pancreatic acinar cell,SAMN10873960
MS19003_TGGGAGAAGTAATACG,6.152662,17.352894,pancreatic A cell,SAMN10873960
MS19003_AGGAGGTGTACAGCGA,6.0100303,17.941082,pancreatic A cell,SAMN10873960
MS19003_TACCGGGTCTTGGTCC,2.5654135,4.583194,type B pancreatic cell,SAMN10873960
MS19003_CCTTTGGAGGGCAACT,2.512126,5.478616,type B pancreatic cell,SAMN10873960
MS19003_TTGTGTTTCTGCGATA,1.2438673,-6.365449,pancreatic ductal cell,SAMN10873960
MS19003_GACACGCAGGTGATAT,6.9560933,17.086597,pancreatic A cell,SAMN10873960
MS19003_TACTGCCGTTCTCCAC,-0.8460205,-4.8320594,pancreatic ductal cell,SAMN10873960
MS19003_AGGGTCCAGTCATCGT,-0.6262264,-4.642503,pancreatic ductal cell,SAMN10873960
MS19003_TGAACGTAGCGAGGAG,4.6813073,16.691298,pancreatic A cell,SAMN10873960
MS19003_TGTTCCGAGAAGGCTC,0.7175696,9.119955,type B pancreatic cell,SAMN10873960
MS19003_CGAGGAAGTGCATACT,6.9267397,16.796316,pancreatic A cell,SAMN10873960
MS19003_CCTCCTCGTAGTCGTT,-6.246467,-1.6204681,pancreatic acinar cell,SAMN10873960
MS19003_GTCCCATCAGCAGTTT,6.0948777,17.759161,pancreatic A cell,SAMN10873960
MS19003_GAGTTACTCTGCGGGT,13.080584,1.8972008,pancreatic stellate cell,SAMN10873960
MS19003_GACCTTCGTAATCAGA,3.1495469,6.963047,type B pancreatic cell,SAMN10873960
MS19003_ACCCAAAGTAGACTGG,5.7388053,18.080093,pancreatic A cell,SAMN10873960
MS19003_CCTATCGCACCCTGTT,6.478244,17.773975,pancreatic A cell,SAMN10873960
MS19003_CATCCCAAGCAATAAC,0.03434473,7.6390724,pancreatic D cell,SAMN10873960
MS19003_ATTTACCGTCGTCGGT,3.0656796,8.268909,type B pancreatic cell,SAMN10873960
MS19003_CTCTCGAAGCATGATA,1.6045289,5.3381686,type B pancreatic cell,SAMN10873960
MS19003_AATCGTGCAGCTATTG,-0.20713858,4.366775,type B pancreatic cell,SAMN10873960
MS19003_GTGTTCCAGACATCCT,-5.609704,-1.5387888,pancreatic acinar cell,SAMN10873960
MS19003_GTGGAGAAGAGATCGC,3.438155,7.3534884,type B pancreatic cell,SAMN10873960
MS19003_AAGCGAGTCTACACAG,-0.92244005,-4.8594074,pancreatic ductal cell,SAMN10873960
MS19003_ATTACCTCAACACTAC,5.996192,17.917114,pancreatic A cell,SAMN10873960
MS19003_AAATGGACATGAGATA,-6.6781216,-2.1242468,pancreatic acinar cell,SAMN10873960
MS19003_AAGCGTTTCTCATAGG,1.7953758,4.119263,type B pancreatic cell,SAMN10873960
MS19003_AATTTCCTCACCATAG,1.9370819,-6.4266634,pancreatic ductal cell,SAMN10873960
MS19003_CTGATCCGTTCTCCAC,-0.15460458,-4.2298474,pancreatic ductal cell,SAMN10873960
MS19003_AAGTTCGAGCAACTTC,1.9608142,-6.0432043,pancreatic ductal cell,SAMN10873960
MS19003_GACTCAAAGCATTTCG,5.955864,16.634895,pancreatic A cell,SAMN10873960
MS19003_AACCTTTAGCGCCTAC,6.139019,17.547201,pancreatic A cell,SAMN10873960
MS19003_CAATTTCTCTCGAACA,2.8773742,6.9517994,type B pancreatic cell,SAMN10873960
MS19003_GGTAATCCAAATTAGG,3.7126725,5.8199563,type B pancreatic cell,SAMN10873960
MS19003_AACCTTTTCGAACCAT,5.9861193,17.314924,pancreatic A cell,SAMN10873960
MS19003_GAACGTTAGTCAGCGA,1.4508001,-5.758486,pancreatic ductal cell,SAMN10873960
MS19003_AGTTAGCCACCTCAGG,3.440005,4.2425675,type B pancreatic cell,SAMN10873960
MS19003_GTAGAGGGTCTTTCAT,-5.5852556,-2.1372454,pancreatic acinar cell,SAMN10873960
MS19003_TTGGGCGAGTTTGCTG,11.80603,0.2378097,pancreatic stellate cell,SAMN10873960
MS19003_AACCACAAGTAACCGG,3.387458,6.5990825,type B pancreatic cell,SAMN10873960
MS19003_AGAGAGCCAGGTGAGT,3.4196656,5.395981,type B pancreatic cell,SAMN10873960
MS19003_TTCCTAATCATGGAGG,3.3419185,6.2643924,type B pancreatic cell,SAMN10873960
MS19003_CACGTGGTCTTGGCTC,6.831174,16.770964,pancreatic A cell,SAMN10873960
MS19003_AAAGGATCATGTGGTT,-5.6901073,-1.4959671,pancreatic acinar cell,SAMN10873960
MS19003_GCATTAGCAGTTAGGG,1.5404954,-6.4775376,pancreatic ductal cell,SAMN10873960
MS19003_AGGAATAGTGAAAGTT,5.276412,16.504921,pancreatic A cell,SAMN10873960
MS19003_CCGGTGACATTGCTTT,6.5655932,17.391666,pancreatic A cell,SAMN10873960
MS19003_ATGTCTTAGGCCTAAG,3.5171592,5.421005,type B pancreatic cell,SAMN10873960
MS19003_GATGTTGGTTGGTACT,6.9368224,16.34681,pancreatic A cell,SAMN10873960
MS19003_ACGATCACAGGTGGAT,3.4851134,18.361668,pancreatic A cell,SAMN10873960
MS19003_GCGGAAACAGATACTC,-0.049917415,4.7578616,type B pancreatic cell,SAMN10873960
MS19003_ATGACCAAGATGGCGT,2.8977447,4.8178396,type B pancreatic cell,SAMN10873960
MS19003_TAGCACAAGTCAACAA,1.0669945,4.561393,type B pancreatic cell,SAMN10873960
MS19003_TATTGCTTCTGTTGGA,-0.7318672,8.213677,type B pancreatic cell,SAMN10873960
MS19003_GTCTGTCTCGGCCAAC,2.2537394,4.6088314,type B pancreatic cell,SAMN10873960
MS19003_CATGCTCCATGATGCT,6.6577516,17.83706,pancreatic A cell,SAMN10873960
MS19003_TCATTTGCACGTAACT,3.1895652,5.8466396,type B pancreatic cell,SAMN10873960
MS19003_CATCAAGGTAACACCT,2.8847184,6.567493,type B pancreatic cell,SAMN10873960
MS19003_TCAATTCTCATGAGAA,2.9136932,7.5526295,type B pancreatic cell,SAMN10873960
MS19003_TCACTCGCACGACCTG,6.983205,16.534348,pancreatic A cell,SAMN10873960
MS19003_TTTGTTGTCGGTCATA,7.260909,16.677204,pancreatic A cell,SAMN10873960
MS19003_CTGGTCTAGCTGACTT,3.6508565,6.1847878,type B pancreatic cell,SAMN10873960
MS19003_TTTAGTCCACGCAGTC,2.6434672,7.4095836,type B pancreatic cell,SAMN10873960
MS19003_ACTATGGTCACCTACC,3.323422,5.815118,type B pancreatic cell,SAMN10873960
MS19003_GTGCACGAGGAGAATG,-5.7655635,-1.5214287,pancreatic acinar cell,SAMN10873960
MS19003_GCGTTTCAGTAAACGT,0.43702605,3.8019123,type B pancreatic cell,SAMN10873960
MS19003_TCTGTCGGTCGAACGA,3.2313564,8.160841,type B pancreatic cell,SAMN10873960
MS19003_AGAAATGTCTTGGAAC,11.804427,0.5817181,pancreatic stellate cell,SAMN10873960
MS19003_CCGGACAAGGGTAGCT,7.0635986,16.738989,pancreatic A cell,SAMN10873960
MS19003_GGGCGTTCAACAGCCC,0.0396617,4.601341,type B pancreatic cell,SAMN10873960
MS19003_GTGTGGCGTGACAGCA,6.695728,16.836588,pancreatic A cell,SAMN10873960
MS19003_TTAGGGTAGCTGAGCA,-5.8170614,-1.5284948,pancreatic acinar cell,SAMN10873960
MS19003_GCTTTCGGTGTCCGGT,6.943534,16.46189,pancreatic A cell,SAMN10873960
MS19003_CGGCAGTGTAGTACGG,2.841531,8.132085,type B pancreatic cell,SAMN10873960
MS19003_TGTGATGAGCTAGCCC,5.9773674,17.3585,pancreatic A cell,SAMN10873960
MS19003_ACTATTCCACATATGC,6.235372,17.789946,pancreatic A cell,SAMN10873960
MS19003_ACTGCAACAGACAAGC,3.1173365,6.511405,type B pancreatic cell,SAMN10873960
MS19003_GAACACTAGGCCCAAA,4.556593,6.9009123,type B pancreatic cell,SAMN10873960
MS19003_AAGCATCCATCGTTCC,2.9651716,6.9211745,type B pancreatic cell,SAMN10873960
MS19003_CGAGGCTCAGAGTAAT,3.5461497,18.829653,pancreatic A cell,SAMN10873960
MS19003_AAGCCATGTAGCGCTC,3.2343426,5.5469937,type B pancreatic cell,SAMN10873960
MS19003_AGATAGAGTAGATGTA,-6.3902125,-1.8241554,pancreatic acinar cell,SAMN10873960
MS19003_TGCGGGTTCCGGTAAT,5.6825004,17.718046,pancreatic A cell,SAMN10873960
MS19003_GCTACCTTCCATACTT,-5.2712436,2.373434,pancreatic D cell,SAMN10873960
MS19003_ATGATCGTCCACATAG,-5.7462597,-2.2541213,pancreatic acinar cell,SAMN10873960
MS19003_TCAATTCTCGGCTGAC,0.38402656,7.9709196,type B pancreatic cell,SAMN10873960
MS19003_CCACACTCAGAGTAAT,-0.19123076,-7.156416,pancreatic ductal cell,SAMN10873960
MS19003_TGAGACTAGGTTCCAT,-5.8105335,-2.556366,pancreatic acinar cell,SAMN10873960
MS19003_CATTTCAGTCACTAGT,2.846704,6.5858264,type B pancreatic cell,SAMN10873960
MS19003_TGGAGAGGTTCCATTT,2.2140796,5.7765927,type B pancreatic cell,SAMN10873960
MS19003_GATTCTTAGGAACTAT,6.5985184,17.705025,pancreatic A cell,SAMN10873960
MS19003_TGACCCTAGTCGAATA,-6.072298,-2.2612526,pancreatic acinar cell,SAMN10873960
MS19003_TCCGTGTCAGAGTCAG,6.525305,18.00099,pancreatic A cell,SAMN10873960
MS19003_AGATCCATCCGTGCGA,-0.5911643,4.881193,type B pancreatic cell,SAMN10873960
MS19003_TGTGAGTGTCCGGTCA,1.0319687,7.878065,type B pancreatic cell,SAMN10873960
MS19003_GGCTTGGGTACCAGAG,3.477156,6.005238,type B pancreatic cell,SAMN10873960
MS19003_GAAGAATAGCGTCTCG,3.1499054,5.9498825,type B pancreatic cell,SAMN10873960
MS19003_TCTACCGTCGTGGGTC,-0.17819357,4.5702095,type B pancreatic cell,SAMN10873960
MS19003_AAGAACAAGTGTCATC,-6.0450897,-1.8738406,pancreatic acinar cell,SAMN10873960
MS19003_CGTAGTAGTATCCCTC,2.4047263,8.165733,type B pancreatic cell,SAMN10873960
MS19003_GAGGGATTCATAGACC,6.7074833,17.932514,pancreatic A cell,SAMN10873960
MS19003_TCGACCTAGAGGTCGT,2.773398,5.1806636,type B pancreatic cell,SAMN10873960
MS19003_GTCTCACTCATCGTAG,4.6278677,19.183517,pancreatic A cell,SAMN10873960
MS19003_GTCACTCTCTAGGCCG,3.6386395,5.8182044,type B pancreatic cell,SAMN10873960
MS19003_TGCGATACAAGGTCGA,5.8506737,18.038103,pancreatic A cell,SAMN10873960
MS19003_CTTCGGTGTCTTAGTG,-4.4850607,-1.9669579,pancreatic acinar cell,SAMN10873960
MS19003_TGTTACTAGGCTGTAG,6.4413013,16.605923,pancreatic A cell,SAMN10873960
MS19003_TTACCGCCAATCGCCG,5.652136,16.665247,pancreatic A cell,SAMN10873960
MS19003_TGCTCCATCACAGTGT,5.6717,17.923841,pancreatic A cell,SAMN10873960
MS19003_TGACAGTTCTCTAAGG,6.110889,17.957947,pancreatic A cell,SAMN10873960
MS19003_GTAATGCTCAAGAAAC,11.246531,0.60402095,pancreatic stellate cell,SAMN10873960
MS19003_CGTGTCTCAACACAGG,0.55722284,-6.9343762,pancreatic ductal cell,SAMN10873960
MS19003_AGAGAATCATGACAGG,-1.4574373,-6.763332,pancreatic ductal cell,SAMN10873960
MS19003_TCTTGCGTCTCCAATT,3.8874364,6.5584955,type B pancreatic cell,SAMN10873960
MS19003_CCACAAATCATCTATC,6.198878,15.655542,pancreatic A cell,SAMN10873960
MS19003_AAAGTGACATCATCTT,6.9462667,16.299398,pancreatic A cell,SAMN10873960
MS19003_CATCGGGCACCGGCTA,-0.38740924,-6.9209633,pancreatic ductal cell,SAMN10873960
MS19003_TACGCTCAGCGAAACC,3.5588758,16.23061,pancreatic A cell,SAMN10873960
MS19003_CATTGTTGTGAAAGTT,12.045836,-0.5260928,pancreatic stellate cell,SAMN10873960
MS19003_GTCGAATAGCAGCGAT,-5.0670776,2.5754488,pancreatic D cell,SAMN10873960
MS19003_TCCGGGAGTACTAGCT,3.3657448,6.684879,type B pancreatic cell,SAMN10873960
MS19003_GTGCAGCTCTCCAAGA,-5.1947145,-2.375605,pancreatic acinar cell,SAMN10873960
MS19003_AATCGACGTAATGCGG,-3.7646747,-2.2765832,pancreatic acinar cell,SAMN10873960
MS19003_CTACTATGTATGAGCG,3.1934173,4.3109193,type B pancreatic cell,SAMN10873960
MS19003_TGGGATTAGTGGACTG,6.8995614,16.900103,pancreatic A cell,SAMN10873960
MS19003_GAACGTTGTCCCTCAT,-6.0776687,-2.489436,pancreatic acinar cell,SAMN10873960
MS19003_GGTTAACGTTGCATCA,6.642039,16.444672,pancreatic A cell,SAMN10873960
MS19003_TACAGGTAGCTAGTTC,4.054494,7.514344,type B pancreatic cell,SAMN10873960
MS19003_ACAAGCTGTTTGCCGG,5.491643,17.670631,pancreatic A cell,SAMN10873960
MS19003_ATGAAAGGTGGATACG,4.097929,7.273175,type B pancreatic cell,SAMN10873960
MS19003_CCTATCGCAAGAGTTA,5.4308743,18.238577,pancreatic A cell,SAMN10873960
MS19003_CCCGAAGTCCCTTGGT,0.68358475,8.051213,type B pancreatic cell,SAMN10873960
MS19003_TAACTTCCAAGTAGTA,3.2142847,6.2945623,type B pancreatic cell,SAMN10873960
MS19003_GCATGATAGCAGCCTC,3.5347836,7.6448307,type B pancreatic cell,SAMN10873960
MS19003_ACATCGAGTCGCTGCA,3.1665003,6.993026,type B pancreatic cell,SAMN10873960
MS19003_GGTTGTATCGTCAAAC,6.285572,17.55901,pancreatic A cell,SAMN10873960
MS19003_ATCGGCGAGCACTGGA,2.7288806,6.3843203,type B pancreatic cell,SAMN10873960
MS19003_CAGCGTGTCTGCATAG,-0.19075544,-4.532031,pancreatic ductal cell,SAMN10873960
MS19003_CTAACCCCACAGAGCA,3.2343771,18.660416,pancreatic A cell,SAMN10873960
MS19003_GACGCTGTCTGAGTCA,4.1090403,5.091159,type B pancreatic cell,SAMN10873960
MS19003_CTACCTGAGGGTATAT,-0.9777148,-6.6569552,pancreatic ductal cell,SAMN10873960
MS19003_GTATTGGTCTGCATGA,-5.5873404,3.9093153,type B pancreatic cell,SAMN10873960
MS19003_TCATTCATCCATTTAC,5.7967067,18.288391,pancreatic A cell,SAMN10873960
MS19003_GCTGGGTTCTGCCCTA,4.2196302,6.757156,type B pancreatic cell,SAMN10873960
MS19003_CCTTCAGTCAGCTGAT,4.077444,4.9843683,type B pancreatic cell,SAMN10873960
MS19003_TCTTTGAAGCCGTTGC,11.382329,0.33856642,pancreatic stellate cell,SAMN10873960
MS19003_TACCGAATCGCCTTGT,3.0943942,6.9340205,type B pancreatic cell,SAMN10873960
MS19003_TGAGTCAGTACCCGAC,7.1358385,16.641132,pancreatic A cell,SAMN10873960
MS19003_CGAATTGTCCGATTAG,1.8372167,6.648016,type B pancreatic cell,SAMN10873960
MS19003_GATGATCTCATGCAGT,3.5138607,5.0017424,type B pancreatic cell,SAMN10873960
MS19003_TCTCTGGTCGCCTCTA,0.93028027,4.314796,type B pancreatic cell,SAMN10873960
MS19003_GGTGATTTCAAGAGTA,3.5053113,6.542018,type B pancreatic cell,SAMN10873960
MS19003_GTACAACCATGGCTAT,5.6296086,17.403484,pancreatic A cell,SAMN10873960
MS19003_AACCATGTCCGTCAAA,3.9603941,17.246325,pancreatic A cell,SAMN10873960
MS19003_CATTGTTAGGAGTCTG,-1.3405238,-6.8401866,pancreatic ductal cell,SAMN10873960
MS19003_CGCCAGAAGTAGTCTC,-0.8081617,5.452834,type B pancreatic cell,SAMN10873960
MS19003_GATGACTAGCCGAACA,5.6398973,18.435783,pancreatic A cell,SAMN10873960
MS19003_GGGTCACGTATTCCGA,6.3150654,17.161097,pancreatic A cell,SAMN10873960
MS19003_TCATTGTTCCCAAGTA,5.13768,18.700014,pancreatic A cell,SAMN10873960
MS19003_ACTGATGTCGTGTCAA,6.667903,15.979333,pancreatic A cell,SAMN10873960
MS19003_ACGGGTCAGCACGATG,6.4905195,17.848688,pancreatic A cell,SAMN10873960
MS19003_GTAGAAAGTTCCTAGA,2.9849918,8.1591,type B pancreatic cell,SAMN10873960
MS19003_TCACAAGAGCTACAAA,-5.7091255,2.3820739,pancreatic D cell,SAMN10873960
MS19003_ATCACTTAGACGGAAA,6.114484,18.03947,pancreatic A cell,SAMN10873960
MS19003_TCATGGAGTACGATCT,5.9196873,16.916784,pancreatic A cell,SAMN10873960
MS19003_CTAGACACAATGAGCG,6.971167,16.540588,pancreatic A cell,SAMN10873960
MS19003_AGCTACACACCCTAGG,3.3138144,7.798647,type B pancreatic cell,SAMN10873960
MS19003_GGGTGAAGTCTCGCGA,2.6340418,5.8782325,type B pancreatic cell,SAMN10873960
MS19003_AAATGGACAACCGGAA,6.8816094,16.333086,pancreatic A cell,SAMN10873960
MS19003_GACATCAAGCCTCGTG,6.1705885,17.593529,pancreatic A cell,SAMN10873960
MS19003_AAACCCACACGGGCTT,6.160021,17.935207,pancreatic A cell,SAMN10873960
MS19003_TTGATGGAGGTAGACC,4.1337605,5.273966,type B pancreatic cell,SAMN10873960
MS19003_ACACGCGTCGAGCACC,4.511013,6.5563483,type B pancreatic cell,SAMN10873960
MS19003_CCGAACGCACGCTGAC,-0.5186239,-4.26844,pancreatic ductal cell,SAMN10873960
MS19003_CGTCAAACAAGAGCTG,3.1522355,5.2173305,type B pancreatic cell,SAMN10873960
MS19003_GTCGCGAAGAGCCGTA,-1.0464903,-5.123496,pancreatic ductal cell,SAMN10873960
MS19003_TAGGAGGCACCAGACC,-5.631594,-2.3993258,pancreatic acinar cell,SAMN10873960
MS19003_CATCCACAGGATTTAG,6.5064745,17.641201,pancreatic A cell,SAMN10873960
MS19003_GCTGGGTGTGAACCGA,-1.0522987,-6.819968,pancreatic ductal cell,SAMN10873960
MS19003_CGTTAGAGTCGGTGTC,3.28184,5.382889,type B pancreatic cell,SAMN10873960
MS19003_TGGATCACAGCACGAA,4.3462157,7.076967,type B pancreatic cell,SAMN10873960
MS19003_GCCGTGAGTTCGGCTG,6.1086006,16.828217,pancreatic A cell,SAMN10873960
MS19003_GAATCACTCTACCACC,3.4978986,5.648368,type B pancreatic cell,SAMN10873960
MS19003_ACAAGCTCAATTAGGA,-6.1730905,-1.6681376,pancreatic acinar cell,SAMN10873960
MS19003_CATTCATAGTGGTTGG,2.4239957,4.515281,type B pancreatic cell,SAMN10873960
MS19003_ACTTATCGTAAGACCG,7.101388,16.330362,pancreatic A cell,SAMN10873960
MS19003_TCCCAGTTCCGAGAAG,11.51895,0.40289322,pancreatic stellate cell,SAMN10873960
MS19003_CACTGTCGTAACGTTC,-5.378382,2.358114,pancreatic D cell,SAMN10873960
MS19003_GAGCTGCTCTAAGAAG,4.5597367,5.1051774,type B pancreatic cell,SAMN10873960
MS19003_CGGAATTGTCTCGCGA,6.555381,16.659983,pancreatic A cell,SAMN10873960
MS19003_CGATCGGAGATCCAAA,6.4958453,17.096466,pancreatic A cell,SAMN10873960
MS19003_TCTTCCTCACGCGCAT,3.3762548,5.1988997,type B pancreatic cell,SAMN10873960
MS19003_ACACCAACAGTTCTAG,5.4651794,18.588697,pancreatic A cell,SAMN10873960
MS19003_ACACTGAGTCGCGGTT,1.9520279,-6.560695,pancreatic ductal cell,SAMN10873960
MS19003_TTCTAGTTCGCTGTCT,-0.71646273,-4.599597,pancreatic ductal cell,SAMN10873960
MS19003_TGCATCCGTAAGGCCA,0.8768195,4.429287,type B pancreatic cell,SAMN10873960
MS19003_GTGTGGCTCTCCAAGA,12.09791,0.6399428,pancreatic stellate cell,SAMN10873960
MS19003_TATGTTCGTAAGCAAT,-1.0919286,-6.5349383,pancreatic ductal cell,SAMN10873960
MS19003_ACAGGGAAGAGCAGCT,3.3726876,6.86751,type B pancreatic cell,SAMN10873960
MS19003_AGAACAATCTGGGCAC,5.3560047,17.402815,pancreatic A cell,SAMN10873960
MS19003_TCATCCGTCCGCCTAT,4.611789,17.379385,pancreatic A cell,SAMN10873960
MS19003_ATCACTTCAACATCGT,3.025218,7.449305,type B pancreatic cell,SAMN10873960
MS19003_GCCATTCTCTCAGGCG,6.6737165,16.929398,pancreatic A cell,SAMN10873960
MS19003_GATCCCTCAGAGTCAG,-5.3417153,2.7490754,pancreatic D cell,SAMN10873960
MS19003_ACCCTTGAGGGCAACT,2.7403889,4.4772673,type B pancreatic cell,SAMN10873960
MS19003_CTAACCCGTCTGCGCA,-3.6673083,-2.3895495,pancreatic acinar cell,SAMN10873960
MS19003_GACATCACATTCCTCG,0.77776015,1.580876,type B pancreatic cell,SAMN10873960
MS19003_ACCATTTCAGATTTCG,6.420346,17.813772,pancreatic A cell,SAMN10873960
MS19003_CAGAGCCGTCCGGTGT,2.3198574,8.069739,type B pancreatic cell,SAMN10873960
MS19003_GTGTAACCAACAACAA,-1.5059817,5.574745,type B pancreatic cell,SAMN10873960
MS19003_ACTGTCCCAGGACTTT,3.594248,7.1995397,type B pancreatic cell,SAMN10873960
MS19003_CTGTAGACAAATGAGT,1.1878382,5.6383376,type B pancreatic cell,SAMN10873960
MS19003_TAATCTCCATACTTTC,4.1802354,17.455074,pancreatic A cell,SAMN10873960
MS19003_GTAGAGGGTTGGTACT,5.2842655,17.64003,pancreatic A cell,SAMN10873960
MS19003_TCGTAGATCGTGAGAG,11.499159,1.1184992,pancreatic stellate cell,SAMN10873960
MS19003_GGGACCTGTTAGGCCC,-5.194788,-1.9794651,pancreatic acinar cell,SAMN10873960
MS19003_AAGTACCGTAACCCGC,3.7397254,4.2318916,type B pancreatic cell,SAMN10873960
MS19003_GAAGGGTGTGTCCATA,-0.650089,5.3344684,type B pancreatic cell,SAMN10873960
MS19003_TTAGGGTTCCTCAGGG,-0.040470872,4.9477043,type B pancreatic cell,SAMN10873960
MS19003_GACTCAAGTGGATTTC,-5.375643,-1.8783394,pancreatic acinar cell,SAMN10873960
MS19003_CAACCTCTCTGAGATC,4.216858,5.2168484,type B pancreatic cell,SAMN10873960
MS19003_ATGTCTTAGGCTTAGG,0.27494252,-6.927689,pancreatic ductal cell,SAMN10873960
MS19003_GGCAGTCTCAAATGCC,3.1087422,4.4215374,type B pancreatic cell,SAMN10873960
MS19003_TACCTCGTCGGCCCAA,-0.31038684,-5.0358777,pancreatic ductal cell,SAMN10873960
MS19003_CATACTTGTGAGCGAT,-6.013459,-2.274413,pancreatic acinar cell,SAMN10873960
MS19003_CGCCAGAGTCGGCTAC,-4.356985,3.3934224,pancreatic D cell,SAMN10873960
MS19003_CATTCCGAGGCATCTT,2.417946,8.322021,type B pancreatic cell,SAMN10873960
MS19003_CGAGAAGTCATTCATC,-0.21561056,-6.969258,pancreatic ductal cell,SAMN10873960
MS19003_GAGTGAGTCACGGGAA,4.008867,5.506957,type B pancreatic cell,SAMN10873960
MS19003_GGGCGTTTCCAAGCCG,6.267595,17.608711,pancreatic A cell,SAMN10873960
MS19003_CAGAGCCCAGCTGTCG,-0.5747847,-7.0798025,pancreatic ductal cell,SAMN10873960
MS19003_TTGTTGTTCAACACGT,2.5190787,6.1333914,type B pancreatic cell,SAMN10873960
MS19003_GTCCCATCATCGAAGG,6.669014,16.721886,pancreatic A cell,SAMN10873960
MS19003_GAAGCGATCGATGCAT,1.3144507,7.6466007,type B pancreatic cell,SAMN10873960
MS19003_TGGGTTATCCTCTCGA,-0.39245743,-6.6513095,pancreatic ductal cell,SAMN10873960
MS19003_TGATTCTAGCAATAAC,1.8503894,-5.4243526,pancreatic ductal cell,SAMN10873960
MS19003_AATCGTGCAAGCACCC,6.547976,18.086382,pancreatic A cell,SAMN10873960
MS19003_GATCAGTAGCGCCCAT,7.0590467,16.51557,pancreatic A cell,SAMN10873960
MS19003_TCTCACGCACTTGTGA,5.9279084,17.194233,pancreatic A cell,SAMN10873960
MS19003_TACTTCATCTTTGCGC,0.113157235,-6.874452,pancreatic ductal cell,SAMN10873960
MS19003_CTCCAACTCAAGTCTG,3.536159,5.624446,type B pancreatic cell,SAMN10873960
MS19003_CATGCCTTCTTCGCTG,2.7561584,6.1464844,type B pancreatic cell,SAMN10873960
MS19003_TTCAATCTCCATGATG,6.120916,18.07356,pancreatic A cell,SAMN10873960
MS19003_ATCCACCCACTCGATA,5.817763,17.143938,pancreatic A cell,SAMN10873960
MS19003_CACTGTCGTAGGACCA,-0.15507384,8.2139,type B pancreatic cell,SAMN10873960
MS19003_CTAACCCTCCTTTAGT,4.5584383,6.686969,type B pancreatic cell,SAMN10873960
MS19003_CATACCCTCTTGGGCG,-1.2842003,-5.4087043,pancreatic ductal cell,SAMN10873960
MS19003_TATCTGTGTACTGACT,6.274043,16.242874,pancreatic A cell,SAMN10873960
MS19003_TCAATTCAGGTTACAA,-6.5867877,-1.9194243,pancreatic acinar cell,SAMN10873960
MS19003_TGGATCACATTGGATC,6.4534054,17.375864,pancreatic A cell,SAMN10873960
MS19003_TCACTCGCATAGACTC,-1.6985738,-5.7993493,pancreatic ductal cell,SAMN10873960
MS19003_CAGGGCTGTACGTGTT,-0.5421223,2.8256187,type B pancreatic cell,SAMN10873960
MS19003_AGACACTAGTTGCCCG,-3.3288069,-2.8756692,pancreatic acinar cell,SAMN10873960
MS19003_TACCTCGCAAGGTCAG,3.400915,7.2226,type B pancreatic cell,SAMN10873960
MS19003_GTCGCGACAGAGCCCT,6.454076,16.69764,pancreatic A cell,SAMN10873960
MS19003_ATGAGGGTCGCGGTAC,6.5733657,16.322544,pancreatic A cell,SAMN10873960
MS19003_AAACGCTGTGTTGATC,5.8467507,17.851145,pancreatic A cell,SAMN10873960
MS19003_TCAATTCAGAAACTCA,-4.139075,-2.0181265,pancreatic acinar cell,SAMN10873960
MS19003_TTACCATGTTCACGAT,-6.1514463,-1.8498782,pancreatic acinar cell,SAMN10873960
MS19003_TCGCTTGTCATCTGTT,2.8667467,7.428975,type B pancreatic cell,SAMN10873960
MS19003_CTTCTCTCAAAGGATT,4.609145,17.070724,pancreatic A cell,SAMN10873960
MS19003_TCTCTGGAGCATCAGG,6.6856713,16.123222,pancreatic A cell,SAMN10873960
MS19003_GTGGCGTCAGACACAG,4.591946,18.131704,pancreatic A cell,SAMN10873960
MS19003_CGTAATGGTCATTGCA,-0.094809406,6.162666,type B pancreatic cell,SAMN10873960
MS19003_GTTCATTCAGTTGTCA,1.0438302,-6.097888,pancreatic ductal cell,SAMN10873960
MS19003_GAGCCTGCATGTGCTA,11.23485,0.7633423,pancreatic stellate cell,SAMN10873960
MS19003_TTTACTGCACACGGAA,3.110502,6.22146,type B pancreatic cell,SAMN10873960
MS19003_ACATCCCGTGTTTGCA,6.812553,17.79117,pancreatic A cell,SAMN10873960
MS19003_CCGGTAGCAAGGATGC,6.366255,17.687437,pancreatic acinar cell,SAMN10873960
MS19003_AGACAGGAGATGACAT,3.4629536,5.1702614,type B pancreatic cell,SAMN10873960
MS19003_CCATCACTCCAGCAAT,-6.537572,-2.585563,pancreatic acinar cell,SAMN10873960
MS19003_GAGAGGTCAGGCATGA,-5.787164,-2.109075,pancreatic acinar cell,SAMN10873960
MS19003_CACTGTCGTTGCAAGG,-1.2408402,3.857181,pancreatic acinar cell,SAMN10873960
MS19003_TGCTCCATCACCTCGT,1.4073507,5.9556465,type B pancreatic cell,SAMN10873960
MS19003_CCGGTGACAACGGCTC,3.536898,4.958899,type B pancreatic cell,SAMN10873960
MS19003_TTCATGTAGGCAGTCA,4.390733,6.753945,type B pancreatic cell,SAMN10873960
MS19003_ATTCCCGGTTAGAAAC,1.8833325,3.8174782,type B pancreatic cell,SAMN10873960
MS19003_AAAGAACTCGGTTCAA,6.6218963,16.391533,pancreatic A cell,SAMN10873960
MS19003_AACACACGTGGCGCTT,5.707463,18.078394,pancreatic A cell,SAMN10873960
MS19003_CCACCATTCAAACCTG,3.0561938,4.7545805,type B pancreatic cell,SAMN10873960
MS19003_ATGGTTGAGGCATGCA,5.9677715,17.626879,pancreatic A cell,SAMN10873960
MS19003_GGGATGATCTACGGTA,5.503232,16.764256,pancreatic A cell,SAMN10873960
MS19003_ATCGATGGTCGAGCAA,2.139639,8.512623,type B pancreatic cell,SAMN10873960
MS19003_CAACCAACAAACACGG,6.1461844,17.636349,pancreatic A cell,SAMN10873960
MS19003_TACTGCCAGTTCTCTT,6.40265,17.799189,pancreatic A cell,SAMN10873960
MS19003_GACCCTTGTGGCGCTT,-6.0168333,-1.6694754,pancreatic acinar cell,SAMN10873960
MS19003_TCCATCGGTGTGAATA,2.8624198,5.2084346,type B pancreatic cell,SAMN10873960
MS19003_CATACAGTCCTACGGG,-0.59561443,-4.161084,pancreatic ductal cell,SAMN10873960
MS19003_GAGACTTAGATGGCGT,6.4825325,17.363932,pancreatic A cell,SAMN10873960
MS19003_TCACAAGAGATGGTCG,-4.68178,4.3735533,pancreatic D cell,SAMN10873960
MS19003_GTCCTCAAGGCTCACC,0.9690681,6.6602907,type B pancreatic cell,SAMN10873960
MS19003_CCGGTGAGTCGAAACG,7.0416384,16.321913,pancreatic A cell,SAMN10873960
MS19003_CTGCGAGGTTCTAACG,2.7633495,4.413084,type B pancreatic cell,SAMN10873960
MS19003_ACGCACGTCATACGAC,11.738302,0.68955165,pancreatic stellate cell,SAMN10873960
MS19003_GCCAGGTAGTTCCGTA,3.350486,7.016333,type B pancreatic cell,SAMN10873960
MS19003_TGTTGGATCGCAATGT,6.6302977,18.00844,pancreatic A cell,SAMN10873960
MS19003_GATTGGTAGCGGATCA,-0.17533104,3.8956125,type B pancreatic cell,SAMN10873960
MS19003_GATCACAAGCATCAGG,1.9755497,6.2372746,type B pancreatic cell,SAMN10873960
MS19003_GTTACGAGTCGCGGTT,0.9015448,8.043704,type B pancreatic cell,SAMN10873960
MS19003_AGGTAGGAGAAGGCTC,-6.5120015,-1.8470625,pancreatic acinar cell,SAMN10873960
MS19003_TGTACAGTCGTAGCTA,3.699828,5.5369706,type B pancreatic cell,SAMN10873960
MS19003_CAGAGCCCATAATCGC,5.4596148,17.86926,pancreatic A cell,SAMN10873960
MS19003_GAATAGATCCAAATGC,6.495857,17.792788,pancreatic A cell,SAMN10873960
MS19003_TCGGGACAGTCCCAGC,4.870733,17.154083,pancreatic A cell,SAMN10873960
MS19003_GGTGAAGGTGCCCACA,5.8778267,17.828274,pancreatic A cell,SAMN10873960
MS19003_CCCTAACTCGTGTTCC,3.2327378,6.718275,type B pancreatic cell,SAMN10873960
MS19003_AGGATCTAGACCAACG,-5.96171,-2.5423577,pancreatic acinar cell,SAMN10873960
MS19003_AAACGAAGTCATGCAT,0.5816998,2.38272,type B pancreatic cell,SAMN10873960
MS19003_AAGGAATTCTGACCCT,5.498327,17.5887,pancreatic A cell,SAMN10873960
MS19003_ACTTCCGCAATCAGCT,-4.975746,-1.957488,pancreatic acinar cell,SAMN10873960
MS19003_GACATCATCCAAGAGG,-3.5598984,-2.3819628,pancreatic acinar cell,SAMN10873960
MS19003_GTGCTGGTCCTATTGT,5.9306617,17.418365,pancreatic A cell,SAMN10873960
MS19003_ATTCTTGAGTGCGACA,6.14859,16.905407,pancreatic A cell,SAMN10873960
MS19003_GCGTGCACAGCTGTCG,6.5230894,17.787758,pancreatic A cell,SAMN10873960
MS19003_CATGGTACACCCAATA,3.8845274,17.704014,pancreatic A cell,SAMN10873960
MS19003_CGATCGGGTCTTCTAT,2.8008995,6.559299,type B pancreatic cell,SAMN10873960
MS19003_GAGTTTGAGGATGCGT,3.2823608,5.0044794,type B pancreatic cell,SAMN10873960
MS19003_CTACTATGTTACCTGA,-5.9483547,-1.789765,pancreatic acinar cell,SAMN10873960
MS19003_CGGACACTCGCTAATG,6.3670964,17.303385,pancreatic A cell,SAMN10873960
MS19003_AGGACGACAAGAGATT,2.5199652,3.809703,type B pancreatic cell,SAMN10873960
MS19003_AGGACGATCACTGGGC,6.338938,17.397945,pancreatic A cell,SAMN10873960
MS19003_GTTGTCCCACAGCTGC,-5.4971647,2.847434,pancreatic D cell,SAMN10873960
MS19003_GACGCTGTCGACGATT,6.789432,16.131258,pancreatic A cell,SAMN10873960
MS19003_CGGGACTAGATCGCCC,12.856594,1.2606843,pancreatic stellate cell,SAMN10873960
MS19003_CTATAGGCACAATGTC,-1.2811457,-6.876014,pancreatic ductal cell,SAMN10873960
MS19003_CCGTAGGGTCTATGAC,0.5733092,-6.159695,pancreatic ductal cell,SAMN10873960
MS19003_TTCTGTAAGACCATAA,5.4092994,16.91743,pancreatic A cell,SAMN10873960
MS19003_CATGGTACATCTGTTT,3.6138914,5.092834,type B pancreatic cell,SAMN10873960
MS19003_GATAGAATCCAAATGC,4.2215223,6.003841,type B pancreatic cell,SAMN10873960
MS19003_GCATCGGAGTCGAAGC,-1.5500733,-6.5615153,pancreatic ductal cell,SAMN10873960
MS19003_TCGCACTGTAGGTAGC,2.250197,4.78441,type B pancreatic cell,SAMN10873960
MS19003_ACAGAAACATTGCCTC,5.963236,17.723907,pancreatic A cell,SAMN10873960
MS19003_TGAATCGCATCCCGTT,3.65096,6.694359,type B pancreatic cell,SAMN10873960
MS19003_TCACACCGTATTGCCA,2.5904238,6.519882,type B pancreatic cell,SAMN10873960
MS19003_TGACTCCCACAGCATT,-0.12814248,-4.943507,pancreatic ductal cell,SAMN10873960
MS19003_ATTCCATCAGCGTGCT,-5.708444,-2.0614882,pancreatic acinar cell,SAMN10873960
MS19003_TCAATCTTCACCTGGG,11.353929,0.7799382,pancreatic stellate cell,SAMN10873960
MS19003_TGCATGAGTCCAATCA,1.8428448,5.8882666,type B pancreatic cell,SAMN10873960
MS19003_CTATAGGGTGCTTCAA,3.3784068,5.103091,type B pancreatic cell,SAMN10873960
MS19003_CAAAGAAGTGCCGTAC,6.8544836,17.133137,pancreatic A cell,SAMN10873960
MS19003_CGCAGGTCATCATTTC,-6.3383985,-2.1889186,pancreatic acinar cell,SAMN10873960
MS19003_TCTTTGATCCAAGCAT,1.7700255,6.0729656,type B pancreatic cell,SAMN10873960
MS19003_CTCTCGACAAGCGATG,2.174928,8.284343,type B pancreatic cell,SAMN10873960
MS19003_TTTGGTTTCCGATTAG,3.1206145,4.883984,type B pancreatic cell,SAMN10873960
MS19003_GAGTCATCAACTTGGT,3.4934652,7.0404363,type B pancreatic cell,SAMN10873960
MS19003_TGATCTTTCGGAGCAA,5.6065755,17.315039,pancreatic A cell,SAMN10873960
MS19003_ATCACGATCCACTGAA,5.5642047,17.575449,pancreatic A cell,SAMN10873960
MS19003_GTCGTTCGTGTTTGCA,1.4870789,3.6782348,type B pancreatic cell,SAMN10873960
MS19003_CTGTACCTCGAATGCT,-4.254602,-2.1092744,pancreatic acinar cell,SAMN10873960
MS19003_CGGTCAGCAATACAGA,3.7736065,7.3335757,type B pancreatic cell,SAMN10873960
MS19003_TGATGGTTCATTCATC,6.562969,16.615707,pancreatic A cell,SAMN10873960
MS19003_ACAGCCGTCCTTGGAA,2.0220232,3.553508,type B pancreatic cell,SAMN10873960
MS19003_CTACATTCAAGATGTA,11.77318,0.51794374,pancreatic stellate cell,SAMN10873960
MS19003_TCTTAGTAGGAACGTC,6.6327634,17.486706,pancreatic A cell,SAMN10873960
MS19003_GGATGTTGTGTTAGCT,5.5126476,17.732384,pancreatic A cell,SAMN10873960
MS19003_TTTACTGAGGCGCTTC,1.590917,5.2890906,type B pancreatic cell,SAMN10873960
MS19003_ATAGAGAGTACCTATG,4.314148,6.765952,type B pancreatic cell,SAMN10873960
MS19003_ATTGTTCAGTCTAGCT,3.7542436,6.883646,type B pancreatic cell,SAMN10873960
MS19003_GGGTGAACAGCACACC,-3.7201545,-2.238348,pancreatic acinar cell,SAMN10873960
MS19003_TTCCACGTCACTGTCC,1.8243529,7.9718766,type B pancreatic cell,SAMN10873960
MS19003_CAAAGAAGTGAACCGA,6.343101,17.134485,pancreatic A cell,SAMN10873960
MS19003_GGGATCCTCCATCAGA,4.9454207,17.86242,pancreatic A cell,SAMN10873960
MS19003_ATCAGGTGTACTGAGG,6.3377123,17.537062,pancreatic A cell,SAMN10873960
MS19003_AAGATAGCACTCCGGA,11.354871,0.6125724,pancreatic stellate cell,SAMN10873960
MS19003_GTTATGGGTACGAGCA,1.6861438,6.077741,type B pancreatic cell,SAMN10873960
MS19003_TAGGTTGTCGCGTCGA,4.7870593,17.67421,pancreatic A cell,SAMN10873960
MS19003_CCTCAACTCCGGTAAT,2.0522923,7.36032,type B pancreatic cell,SAMN10873960
MS19003_GCATGATAGGGCTGAT,-0.9392181,-4.873404,pancreatic ductal cell,SAMN10873960
MS19003_ATACCGAGTCAGACTT,2.715055,8.135317,type B pancreatic cell,SAMN10873960
MS19003_CCCGAAGCAACGACAG,6.505496,15.913108,pancreatic A cell,SAMN10873960
MS19003_ACGTACAGTGAGATAT,3.9699216,6.2663794,type B pancreatic cell,SAMN10873960
MS19003_AGACCATAGCCTCATA,5.847341,17.25909,pancreatic A cell,SAMN10873960
MS19003_ACCAACAAGGATTACA,11.707975,0.53777796,pancreatic stellate cell,SAMN10873960
MS19003_CTCAGTCTCCAGCTCT,6.0331187,17.859795,pancreatic A cell,SAMN10873960
MS19003_TGTTCATTCCACGGAC,6.5241146,17.435585,pancreatic A cell,SAMN10873960
MS19003_AGTAGTCAGGTCATTC,-6.0418763,-1.7949542,pancreatic acinar cell,SAMN10873960
MS19003_TCCACCATCTCATGCC,6.6170206,16.515295,pancreatic A cell,SAMN10873960
MS19003_ACCTGTCGTTAGGCTT,2.2826133,7.9844413,type B pancreatic cell,SAMN10873960
MS19003_AACAAGACACGGGCTT,11.26808,0.86615634,pancreatic stellate cell,SAMN10873960
MS19003_TGCAGATCAACCGACC,-0.77107245,-4.467127,pancreatic ductal cell,SAMN10873960
MS19003_AACGGGAAGAATAGTC,-0.56160474,-4.090926,pancreatic ductal cell,SAMN10873960
MS19003_AAAGGTACACAACCGC,6.237061,17.12879,pancreatic A cell,SAMN10873960
MS19003_TGATGCATCTCTCTTC,6.1968884,17.626404,pancreatic A cell,SAMN10873960
MS19003_AGCTTCCAGCGTGCTC,3.5497134,7.1210747,type B pancreatic cell,SAMN10873960
MS19003_TGTGTGAAGAAGCTGC,4.1613684,19.18282,pancreatic A cell,SAMN10873960
MS19003_ATTCTTGGTGGCCTCA,3.945642,16.03472,pancreatic A cell,SAMN10873960
MS19003_ACATTTCTCGCGTGAC,3.1574998,6.849248,type B pancreatic cell,SAMN10873960
MS19003_AGGCTGCGTTGTCTAG,6.2735057,16.367905,pancreatic A cell,SAMN10873960
MS19003_ATCACGAAGGCTCCCA,-0.5847735,3.0721848,type B pancreatic cell,SAMN10873960
MS19003_GCATCGGGTGGATCAG,-1.4197588,-6.616312,pancreatic ductal cell,SAMN10873960
MS19003_GTCTACCTCCGCACGA,2.2657642,5.057798,type B pancreatic cell,SAMN10873960
MS19003_GAAGCGACACCCATAA,6.1917157,17.421743,pancreatic A cell,SAMN10873960
MS19003_AGTCAACAGACATGCG,1.5925474,4.116239,type B pancreatic cell,SAMN10873960
MS19003_AATGCCAGTAGGAGTC,11.709797,0.42345253,pancreatic stellate cell,SAMN10873960
MS19003_TCCTCTTGTGATACAA,3.4267228,6.251341,type B pancreatic cell,SAMN10873960
MS19003_ACGGTCGCACGAAAGC,2.8832664,7.5538554,type B pancreatic cell,SAMN10873960
MS19003_CTTCTAAAGAGCAACC,3.7021124,5.408712,type B pancreatic cell,SAMN10873960
MS19003_AGGTGTTCACAGTACT,6.868323,16.582396,pancreatic A cell,SAMN10873960
MS19003_TCCCAGTCAGGGACTA,6.642171,16.996607,pancreatic A cell,SAMN10873960
MS19003_CACCAAAGTGGTACAG,0.9210599,4.9244523,type B pancreatic cell,SAMN10873960
MS19003_TCCATGCGTGAGAACC,4.718405,19.71612,pancreatic A cell,SAMN10873960
MS19003_GATCCCTCATTCATCT,3.5221398,7.6045275,type B pancreatic cell,SAMN10873960
MS19003_CTCAGTCCAAATGGCG,0.429372,8.122351,type B pancreatic cell,SAMN10873960
MS19003_CTCCTCCTCAAACCCA,5.6681085,17.561941,pancreatic A cell,SAMN10873960
MS19003_CGATGCGAGGGAGTTC,3.9522042,7.0554724,type B pancreatic cell,SAMN10873960
MS19003_TAGATCGCAACCACGC,6.025233,16.488062,pancreatic A cell,SAMN10873960
MS19003_GAGATGGCAATAGGGC,1.3583627,4.578433,type B pancreatic cell,SAMN10873960
MS19003_CTGCCATAGTAAACTG,-5.6377864,-1.9474801,pancreatic acinar cell,SAMN10873960
MS19003_TACCGGGAGAGCCGTA,5.7070017,17.649584,pancreatic A cell,SAMN10873960
MS19003_GCCCAGAAGGTATCTC,4.3719025,6.275152,type B pancreatic cell,SAMN10873960
MS19003_GTAACCACAAGGCAAC,6.781943,16.492622,pancreatic A cell,SAMN10873960
MS19003_ACAGGGAAGAACGCGT,-3.8214717,-3.1390202,pancreatic acinar cell,SAMN10873960
MS19003_CAGGTATAGACCTCAT,3.001691,4.9687424,type B pancreatic cell,SAMN10873960
MS19003_TCTGCCATCATTTGGG,-1.0705631,-6.5756307,pancreatic ductal cell,SAMN10873960
MS19003_GCCGATGCATTCACCC,4.071253,17.526218,pancreatic A cell,SAMN10873960
MS19003_CACTTCGTCCCTTTGG,5.0888267,17.176287,pancreatic A cell,SAMN10873960
MS19003_TGAACGTAGCCGTTAT,7.1183205,16.340408,pancreatic A cell,SAMN10873960
MS19003_TTGGGCGGTGCTAGCC,2.5049992,6.2462583,type B pancreatic cell,SAMN10873960
MS19003_CATACAGCACAAGTGG,6.8717275,17.073442,pancreatic A cell,SAMN10873960
MS19003_TGTAACGTCTCTGAGA,0.33421165,6.781707,type B pancreatic cell,SAMN10873960
MS19003_ATCGTAGTCAGTAGGG,-6.305416,-1.9936,pancreatic acinar cell,SAMN10873960
MS19003_AGCTCAATCCGCTAGG,6.5281615,17.894453,pancreatic A cell,SAMN10873960
MS19003_CTGAGCGGTTGCTCGG,3.3891573,17.707003,pancreatic A cell,SAMN10873960
MS19003_CGGAACCCAGACCGCT,11.227099,0.2088933,pancreatic stellate cell,SAMN10873960
MS19003_ATGAAAGCACGCTGTG,1.7770437,5.878373,type B pancreatic cell,SAMN10873960
MS19003_ATCGGCGCAGACGGAT,11.861301,0.40726227,pancreatic stellate cell,SAMN10873960
MS19003_GTATTGGGTCTATGAC,5.6175404,17.821545,pancreatic A cell,SAMN10873960
MS19003_TGGGTTAAGCTAGCCC,1.2193907,5.283104,type B pancreatic cell,SAMN10873960
MS19003_TCCTTTCAGCAACCAG,6.2221437,17.710442,pancreatic A cell,SAMN10873960
MS19003_CTGTGGGGTTTGGGTT,-0.6740259,-6.7168756,pancreatic ductal cell,SAMN10873960
MS19003_ACTTTGTCACGAGAAC,1.4383017,-6.132215,pancreatic ductal cell,SAMN10873960
MS19003_TGCCGAGGTGATGTAA,5.8617635,17.662619,pancreatic A cell,SAMN10873960
MS19003_AGGCCACGTAGATTGA,5.283387,17.34944,pancreatic A cell,SAMN10873960
MS19003_AGGGTTTAGCACTTTG,-6.637208,-2.1179726,pancreatic acinar cell,SAMN10873960
MS19003_AGGCCACGTCCTGGTG,-0.00342967,-6.9082885,pancreatic ductal cell,SAMN10873960
MS19003_CTTACCGAGGGCCTCT,6.011979,17.600122,pancreatic A cell,SAMN10873960
MS19003_AATTTCCGTCTCACAA,3.0329027,8.013768,type B pancreatic cell,SAMN10873960
MS19003_CATGCAAGTATCGATC,6.3373847,17.886322,pancreatic A cell,SAMN10873960
MS19003_TTGTGGATCTCCCTAG,-4.8290296,2.917348,pancreatic D cell,SAMN10873960
MS19003_ATGGTTGCACACACTA,5.283288,17.208418,pancreatic A cell,SAMN10873960
MS19003_TGTTCCGCAAAGACGC,3.8475723,5.30367,type B pancreatic cell,SAMN10873960
MS19003_AGACAGGAGCCGGAAT,-0.30201533,6.553075,type B pancreatic cell,SAMN10873960
MS19003_CACAGATAGAGAGCGG,6.5213537,16.472624,pancreatic A cell,SAMN10873960
MS19003_AGACAGGTCATTGGTG,-10.472025,-0.95199037,leukocyte,SAMN10873960
MS19003_GAGATGGTCAACGAGG,4.269995,7.060064,type B pancreatic cell,SAMN10873960
MS19003_TGGAGAGAGGTTGAGC,0.76552504,-6.7663198,pancreatic ductal cell,SAMN10873960
MS19003_CTGTCGTAGTAAACTG,2.2521458,8.188568,type B pancreatic cell,SAMN10873960
MS19003_TGGGCGTAGCTAGAGC,3.257939,5.1572714,type B pancreatic cell,SAMN10873960
MS19003_AGAACCTAGCGAGAAA,6.303047,17.657547,pancreatic A cell,SAMN10873960
MS19003_TGATCAGGTGTCATGT,2.2263474,5.8790293,type B pancreatic cell,SAMN10873960
MS19003_CTTCTAACATAGACTC,4.006241,5.403859,type B pancreatic cell,SAMN10873960
MS19011_CTCCGATGTACCGTCG,2.3243194,4.027815,type B pancreatic cell,SAMN11380903
MS19011_AGGTAGGAGTCGTCTA,5.0479937,15.946748,pancreatic A cell,SAMN11380903
MS19011_CGGGCATAGTGGTTGG,9.7270355,8.601908,pancreatic PP cell,SAMN11380903
MS19011_TCTGTCGGTCACATTG,0.87536055,3.2772055,type B pancreatic cell,SAMN11380903
MS19011_GTAAGTCTCTCGCTTG,1.3627136,3.569522,type B pancreatic cell,SAMN11380903
MS19011_CTCATCGCATAAGATG,2.5880764,7.067946,type B pancreatic cell,SAMN11380903
MS19011_CAGGCCACATCGCTGG,5.781905,16.887257,pancreatic A cell,SAMN11380903
MS19011_GATTCTTCACCATATG,2.8965142,16.673836,pancreatic A cell,SAMN11380903
MS19011_GGAGGATTCCAACCGG,4.035372,4.597595,type B pancreatic cell,SAMN11380903
MS19011_ACAGAAATCCTTATGT,3.0096347,16.608633,pancreatic A cell,SAMN11380903
MS19011_ATCCCTGTCCGTTGGG,4.6467867,16.125416,pancreatic A cell,SAMN11380903
MS19011_TCAATTCGTCGTCATA,1.9657749,5.168284,type B pancreatic cell,SAMN11380903
MS19011_ACACTGACATTGCAAC,-3.8903806,-2.2305708,pancreatic acinar cell,SAMN11380903
MS19011_TACGGTACATACACCA,3.8580778,16.828058,pancreatic A cell,SAMN11380903
MS19011_TGCAGATTCACTGATG,0.97415936,4.4454293,type B pancreatic cell,SAMN11380903
MS19011_CTAAGTGGTCGAACGA,-5.3390775,3.6565187,pancreatic D cell,SAMN11380903
MS19011_CAATGACAGGTGCCAA,3.7113955,6.8449187,type B pancreatic cell,SAMN11380903
MS19011_TGCTGAAGTTACAGCT,2.6761916,4.6008677,type B pancreatic cell,SAMN11380903
MS19011_GCGGAAACAGCTTCCT,-0.37202477,3.8489351,type B pancreatic cell,SAMN11380903
MS19011_CGTCCATCATCACGGC,-1.5842122,-6.7684927,pancreatic ductal cell,SAMN11380903
MS19011_TCATCCGCAGAGCGTA,3.2428555,6.8046036,type B pancreatic cell,SAMN11380903
MS19011_CTGTGAATCTCACTCG,2.4002578,4.875655,type B pancreatic cell,SAMN11380903
MS19011_CAATGACGTGCCCACA,-5.9722037,-2.6278722,pancreatic acinar cell,SAMN11380903
MS19011_TGCAGTATCGCTACAA,3.5953152,19.02442,pancreatic A cell,SAMN11380903
MS19011_TTTATGCTCATGTCAG,4.2011456,16.367544,pancreatic A cell,SAMN11380903
MS19011_GGCACGTAGTAGAATC,-0.17614448,6.0664067,type B pancreatic cell,SAMN11380903
MS19011_GGTTAACTCGCCCAGA,0.74960446,7.2502728,type B pancreatic cell,SAMN11380903
MS19011_TCCATGCAGTGGAAAG,4.3969097,15.859834,pancreatic A cell,SAMN11380903
MS19011_CTACCCACATGCCGAC,5.9058824,17.03511,pancreatic A cell,SAMN11380903
MS19011_CATGCAATCTGGCCTT,-10.400642,-0.97058016,leukocyte,SAMN11380903
MS19011_ACCAAACTCGAAGGAC,3.1516647,6.898717,type B pancreatic cell,SAMN11380903
MS19011_AAAGTCCGTGTCCTAA,3.516567,16.992296,pancreatic A cell,SAMN11380903
MS19011_CGGGACTTCGATTGAC,5.8707986,16.537176,pancreatic A cell,SAMN11380903
MS19011_GAGTTTGTCACCCTCA,5.7263694,15.637134,pancreatic A cell,SAMN11380903
MS19011_CACGAATCAATTGAAG,1.1399677,9.223979,type B pancreatic cell,SAMN11380903
MS19011_TATTCCATCGTCACCT,1.9287957,4.6767297,type B pancreatic cell,SAMN11380903
MS19011_CTGTGGGCAGAGGAAA,5.5829577,17.447721,pancreatic A cell,SAMN11380903
MS19011_CCTAACCTCTCTCAAT,1.524823,4.886244,type B pancreatic cell,SAMN11380903
MS19011_TAATCTCCAATCTCTT,6.0965977,16.421448,pancreatic A cell,SAMN11380903
MS19011_AGCGATTTCTAACACG,-1.8369417,4.2496037,type B pancreatic cell,SAMN11380903
MS19011_AAGTACCAGGAGTCTG,-6.2024384,-2.5936062,pancreatic acinar cell,SAMN11380903
MS19011_AGCATCACATATACCG,1.1582112,4.861716,type B pancreatic cell,SAMN11380903
MS19011_GACTATGGTTATGTGC,2.026448,4.6590242,type B pancreatic cell,SAMN11380903
MS19011_TACCCACGTCGTGCCA,2.7963197,6.3746395,type B pancreatic cell,SAMN11380903
MS19011_CACCGTTTCCTGATAG,3.8769739,16.425913,pancreatic A cell,SAMN11380903
MS19011_TCCTCCCCAAATCGTC,1.9334491,4.3089437,type B pancreatic cell,SAMN11380903
MS19011_ACAAGCTGTCCTCATC,4.4849634,17.18067,pancreatic A cell,SAMN11380903
MS19011_GTTTACTAGCAGCGAT,3.5085342,5.740062,type B pancreatic cell,SAMN11380903
MS19011_CTACCCATCTCAAAGC,6.1631207,15.967732,pancreatic A cell,SAMN11380903
MS19011_TACCTGCTCGACCTAA,1.8330836,8.582313,type B pancreatic cell,SAMN11380903
MS19011_CTGCATCCACTGGAAG,-5.648663,3.872928,pancreatic D cell,SAMN11380903
MS19011_TCCACGTCACCATTCC,4.0117397,6.606498,type B pancreatic cell,SAMN11380903
MS19011_CCGGTGAGTCAACGCC,12.5173645,-0.948985,pancreatic stellate cell,SAMN11380903
MS19011_CCGGTAGTCTTCTCAA,2.8398182,16.56537,pancreatic A cell,SAMN11380903
MS19011_AGTGTTGCAAACTGCT,2.3926418,4.8089614,type B pancreatic cell,SAMN11380903
MS19011_TTGGGCGAGTCTGTAC,1.2332813,17.387646,pancreatic A cell,SAMN11380903
MS19011_ACGTTCCCACATGACT,0.54033816,4.9861126,type B pancreatic cell,SAMN11380903
MS19011_GATGTTGTCTACTCAT,-0.6614152,3.3272526,type B pancreatic cell,SAMN11380903
MS19011_CTCCTTTAGACTCCGC,1.3426129,8.002734,type B pancreatic cell,SAMN11380903
MS19011_ACGTAGTCATGAAGGC,4.255808,19.233826,pancreatic A cell,SAMN11380903
MS19011_GTAGGAGAGGACTAAT,3.1485128,4.2442355,type B pancreatic cell,SAMN11380903
MS19011_TGTGGCGGTAGTCTTG,-5.4324923,2.3257174,pancreatic D cell,SAMN11380903
MS19011_CGTTGGGCAGATACCT,5.1093426,15.886665,pancreatic A cell,SAMN11380903
MS19011_CACCGTTAGCTTCTAG,-4.677962,3.015583,pancreatic D cell,SAMN11380903
MS19011_CTGTGAAAGGTTACCT,-0.14064792,3.9965785,type B pancreatic cell,SAMN11380903
MS19011_CGGGCATTCATAGGCT,2.6464686,3.7054243,type B pancreatic cell,SAMN11380903
MS19011_GTGTTAGTCGAGAAAT,-4.8263063,2.7082512,pancreatic D cell,SAMN11380903
MS19011_TGATGGTAGCGTGCCT,5.47912,15.601233,pancreatic A cell,SAMN11380903
MS19011_GTTAGACAGATGTAGT,0.51169604,3.2034516,type B pancreatic cell,SAMN11380903
MS19011_GAGAAATGTAACTGCT,5.197756,16.46043,pancreatic A cell,SAMN11380903
MS19011_TTCAATCAGGTGCCAA,-0.4444697,2.900972,type B pancreatic cell,SAMN11380903
MS19011_TTTGTTGCATAGGTAA,5.3866124,15.953283,pancreatic A cell,SAMN11380903
MS19011_AGTTAGCCACCCAATA,3.0949736,17.475529,pancreatic A cell,SAMN11380903
MS19011_AGCATCATCACGGGCT,0.6624741,5.7477484,type B pancreatic cell,SAMN11380903
MS19011_TCAGCCTGTGTATCCA,0.13851315,8.357688,type B pancreatic cell,SAMN11380903
MS19011_TCACTCGGTCTGATAC,4.8636355,17.380554,pancreatic A cell,SAMN11380903
MS19011_ATCAGGTTCGACCCAG,5.4915524,16.155031,pancreatic A cell,SAMN11380903
MS19011_TGAACGTAGTCTTCGA,4.9144387,17.033655,pancreatic A cell,SAMN11380903
MS19011_CTCAGAACACTGATTG,-0.94015753,6.1067443,type B pancreatic cell,SAMN11380903
MS19011_TCCATCGCAGTGAGCA,4.430299,5.0580993,type B pancreatic cell,SAMN11380903
MS19011_AACCAACAGCGTATGG,4.907655,16.873415,pancreatic A cell,SAMN11380903
MS19011_ACTCTCGTCAAGGACG,2.5678966,4.26072,type B pancreatic cell,SAMN11380903
MS19011_TAGACCATCTCCTGAC,2.5189292,5.3206887,type B pancreatic cell,SAMN11380903
MS19011_TCATTCATCCTATTTG,1.6625253,4.0870275,type B pancreatic cell,SAMN11380903
MS19011_GATTGGTGTGCACATT,0.8156621,1.5167445,type B pancreatic cell,SAMN11380903
MS19011_CCAATGATCACCTTGC,2.904025,5.493988,type B pancreatic cell,SAMN11380903
MS19011_AGAACCTAGAGTGTTA,3.3377914,16.377424,pancreatic A cell,SAMN11380903
MS19011_CAGGGCTGTTGAAGTA,2.5906966,7.9362063,type B pancreatic cell,SAMN11380903
MS19011_CGGGTCAAGTCGCCAC,0.112996235,1.7166736,type B pancreatic cell,SAMN11380903
MS19011_CAGTTCCTCATCGACA,1.5755466,8.121974,type B pancreatic cell,SAMN11380903
MS19011_GTAACACCAATAGGGC,3.9712908,5.9488344,type B pancreatic cell,SAMN11380903
MS19011_TTACGCCGTCGCCTAG,2.603268,7.4662056,type B pancreatic cell,SAMN11380903
MS19011_ATGAAAGTCGTGGTAT,4.089869,5.6766734,type B pancreatic cell,SAMN11380903
MS19011_TTCCAATTCACGATAC,5.8018293,17.07565,pancreatic A cell,SAMN11380903
MS19011_AGTCAACAGGAGAATG,3.7835934,5.082048,type B pancreatic cell,SAMN11380903
MS19011_TTGAACGCAGCGACAA,-5.957331,-3.0507548,pancreatic acinar cell,SAMN11380903
MS19011_CTCCAACAGTGTTGTC,-5.5910034,-2.662587,pancreatic acinar cell,SAMN11380903
MS19011_TGATTCTCATAGAGGC,4.687825,15.635125,pancreatic A cell,SAMN11380903
MS19011_TGTGCGGCACTTGAGT,-0.32800823,3.0833118,type B pancreatic cell,SAMN11380903
MS19011_TGCTTCGTCGATGCAT,-4.536652,3.687145,pancreatic D cell,SAMN11380903
MS19011_GAAGAATAGGAACTCG,3.8761144,5.448654,type B pancreatic cell,SAMN11380903
MS19011_CACTGTCCACCGAATT,5.578627,16.450357,pancreatic A cell,SAMN11380903
MS19011_TCGCTTGGTAACGGTG,2.3813481,17.307247,pancreatic A cell,SAMN11380903
MS19011_AGCGATTTCCCGGTAG,3.4933445,6.803593,type B pancreatic cell,SAMN11380903
MS19011_TGGTTAGGTGCGGCTT,3.8721466,19.270296,pancreatic A cell,SAMN11380903
MS19011_AACCTGAAGCAAATGT,-4.335014,3.2829196,pancreatic D cell,SAMN11380903
MS19011_CAGGCCACAATCGAAA,1.2619842,5.827402,type B pancreatic cell,SAMN11380903
MS19011_ACTGCAAAGGTACATA,3.4595342,6.871304,type B pancreatic cell,SAMN11380903
MS19011_CTGATCCAGTAGACCG,5.423719,16.677565,pancreatic A cell,SAMN11380903
MS19011_ATCAGGTCACGCTGCA,-4.7874513,-2.5316386,pancreatic acinar cell,SAMN11380903
MS19011_GTGTGGCAGCGCCATC,1.9220766,17.823507,pancreatic A cell,SAMN11380903
MS19011_GCGTGCATCATCTCTA,3.3059323,16.89164,pancreatic A cell,SAMN11380903
MS19011_TGCCGAGAGTCTCCTC,3.132425,17.944044,pancreatic A cell,SAMN11380903
MS19011_AAGATAGTCCGAGTGC,-4.974426,3.9457746,pancreatic D cell,SAMN11380903
MS19011_GCATTAGAGTCCGTCG,4.803093,16.101639,pancreatic A cell,SAMN11380903
MS19011_GAGTTGTTCCACCTGT,4.2670455,18.510546,pancreatic A cell,SAMN11380903
MS19011_ACCCTTGCATCTCGTC,-6.0262423,-2.82257,pancreatic acinar cell,SAMN11380903
MS19011_CATCCCACACAGACGA,1.3003788,19.204788,pancreatic A cell,SAMN11380903
MS19011_CCACGAGGTCATCCGG,3.2777898,16.662645,pancreatic A cell,SAMN11380903
MS19011_CGTCAAAGTTGCGGAA,3.0639172,7.384328,type B pancreatic cell,SAMN11380903
MS19011_AGTGACTAGACGCTCC,4.6893024,16.683062,pancreatic A cell,SAMN11380903
MS19011_TCAAGCACAGCTATAC,-0.40934378,3.81838,type B pancreatic cell,SAMN11380903
MS19011_CAGCGTGCAGCTCGGT,1.8038418,7.1303725,type B pancreatic cell,SAMN11380903
MS19011_CCTCCTCTCCTACGAA,4.43654,16.26729,pancreatic A cell,SAMN11380903
MS19011_TCTGTCGAGGTCGCCT,3.1029568,16.508593,pancreatic A cell,SAMN11380903
MS19011_TCGGGACCATCTCCCA,5.1286206,16.391104,pancreatic A cell,SAMN11380903
MS19011_CCTAACCGTAAGTTAG,5.7990913,16.293638,pancreatic A cell,SAMN11380903
MS19011_ATACCTTCATTGGGAG,0.55029625,5.9788885,type B pancreatic cell,SAMN11380903
MS19011_GTTGTAGTCTCTTAAC,2.0715885,3.7756336,type B pancreatic cell,SAMN11380903
MS19011_TCATTTGGTGAGACCA,3.3524778,19.128944,pancreatic A cell,SAMN11380903
MS19011_AGGTAGGAGGTCCCTG,3.4434075,6.758726,type B pancreatic cell,SAMN11380903
MS19011_CCGATCTCAAAGGTTA,-0.63763976,3.9380238,type B pancreatic cell,SAMN11380903
MS19011_TCTCAGCAGTACAACA,-1.6741986,4.9319286,type B pancreatic cell,SAMN11380903
MS19011_GACATCACAGGACTAG,3.0084271,17.584553,pancreatic A cell,SAMN11380903
MS19011_CCTTCAGCAACGACAG,5.8659344,15.875055,pancreatic A cell,SAMN11380903
MS19011_ATCAGGTGTAGAATAC,-0.057771087,4.408059,type B pancreatic cell,SAMN11380903
MS19011_TTGCATTTCACGGGAA,4.634342,15.852173,pancreatic A cell,SAMN11380903
MS19011_GTGGAAGGTCCTCCTA,2.089143,6.434952,type B pancreatic cell,SAMN11380903
MS19011_TCACACCGTCTTGCTC,2.7025464,6.3184648,type B pancreatic cell,SAMN11380903
MS19011_ACACAGTGTGTAACGG,0.74331975,8.24036,type B pancreatic cell,SAMN11380903
MS19011_AAGACTCTCATTATCC,-5.673498,-3.0264413,pancreatic acinar cell,SAMN11380903
MS19011_CCGTTCAAGGGCAGTT,5.043112,16.101313,pancreatic A cell,SAMN11380903
MS19011_AGGAGGTCACCAGCCA,4.3114,6.3127685,type B pancreatic cell,SAMN11380903
MS19011_ATACCGACATCTGCGG,3.4150515,5.8438406,type B pancreatic cell,SAMN11380903
MS19011_ATCATTCAGTAACAGT,6.166059,15.818125,pancreatic A cell,SAMN11380903
MS19011_CCTCCAAAGCTGTACT,4.1147265,17.158594,pancreatic A cell,SAMN11380903
MS19011_CGCATAATCACGGACC,2.8570826,17.260578,pancreatic A cell,SAMN11380903
MS19011_CTGTACCCATAAGATG,0.5160954,2.277187,type B pancreatic cell,SAMN11380903
MS19011_CATTCCGCAAAGGGCT,1.2331349,4.950826,type B pancreatic cell,SAMN11380903
MS19011_AGCATCAGTTTGTTGG,3.6217911,16.82394,pancreatic A cell,SAMN11380903
MS19011_CTCCATGGTAATGCGG,0.94484806,7.3743067,type B pancreatic cell,SAMN11380903
MS19011_TTCCACGAGCAGTAAT,2.626909,8.306816,type B pancreatic cell,SAMN11380903
MS19011_GTTGTGATCAAGCCTA,-0.058257148,2.816076,type B pancreatic cell,SAMN11380903
MS19011_CCTAACCAGGTACCTT,-0.86477256,3.212772,type B pancreatic cell,SAMN11380903
MS19011_TATTGGGGTTGTGCCG,5.3864326,15.9629545,pancreatic A cell,SAMN11380903
MS19011_GGGAGATAGGCATGCA,5.1150594,16.072659,pancreatic A cell,SAMN11380903
MS19011_CCCTCTCTCTATCACT,-0.48903543,2.7386441,type B pancreatic cell,SAMN11380903
MS19011_TTCTCTCTCTTTCTAG,12.498227,0.28081685,pancreatic stellate cell,SAMN11380903
MS19011_AGGTTACAGTCCCAGC,4.4579935,5.099006,type B pancreatic cell,SAMN11380903
MS19011_CAAGCTAGTTAAGCAA,12.809613,0.5186961,pancreatic stellate cell,SAMN11380903
MS19011_AACTTCTTCCCGAATA,-6.400435,-2.268255,pancreatic acinar cell,SAMN11380903
MS19011_AACAGGGTCTGCATAG,0.45842308,1.6022323,type B pancreatic cell,SAMN11380903
MS19011_TTCCAATTCCTTATCA,2.8498228,16.421196,pancreatic A cell,SAMN11380903
MS19011_AGTCTCCGTATGTGTC,0.32165778,3.095457,type B pancreatic cell,SAMN11380903
MS19011_GAGTCTATCTGACAGT,1.4443513,4.381548,type B pancreatic cell,SAMN11380903
MS19011_TGTTTGTGTGCGTTTA,3.3977375,7.510454,type B pancreatic cell,SAMN11380903
MS19011_CTACTATGTTCTCCAC,-4.1327596,-2.8935032,pancreatic acinar cell,SAMN11380903
MS19011_ATACCGACAAGAGATT,4.276543,19.709213,pancreatic A cell,SAMN11380903
MS19011_AGGCCACGTAGGGAGG,6.0442204,15.627018,pancreatic A cell,SAMN11380903
MS19011_GGTCTGGCAAATGAGT,1.9913263,7.017423,type B pancreatic cell,SAMN11380903
MS19011_ATTACCTTCCGTATAG,3.0885932,5.781645,type B pancreatic cell,SAMN11380903
MS19011_TCGGGACAGGCGAAGG,3.7758753,19.198023,pancreatic A cell,SAMN11380903
MS19011_AGTCATGTCGGTTAGT,-5.807566,2.6379077,pancreatic D cell,SAMN11380903
MS19011_ATGGGAGCAAGACGGT,0.59092957,2.7543125,type B pancreatic cell,SAMN11380903
MS19011_ACACTGAAGTGCACTT,4.228053,16.863293,pancreatic A cell,SAMN11380903
MS19011_AGGACTTCACGTAACT,3.703691,4.0940566,type B pancreatic cell,SAMN11380903
MS19011_ATTACTCTCCGCAAAT,-0.42669275,-6.8499913,pancreatic ductal cell,SAMN11380903
MS19011_CGTTAGAAGAATACAC,1.3133233,4.004652,type B pancreatic cell,SAMN11380903
MS19011_TACCGAACACATGACT,-0.29470202,4.5224366,type B pancreatic cell,SAMN11380903
MS19011_ATTTACCGTAAGCTCT,2.0415382,18.502594,pancreatic A cell,SAMN11380903
MS19011_ACTTCGCTCTAAACGC,1.0398121,5.493113,type B pancreatic cell,SAMN11380903
MS19011_TCATTACCAGCACACC,-0.23806038,8.450261,type B pancreatic cell,SAMN11380903
MS19011_AGATGCTCAGAATGTA,6.3020825,16.018753,pancreatic A cell,SAMN11380903
MS19011_AAGTTCGTCTTGGTCC,3.9507334,18.929743,pancreatic A cell,SAMN11380903
MS19011_TCAGTCCCACGACAAG,1.9564445,6.766538,type B pancreatic cell,SAMN11380903
MS19011_TGAGCATTCTTTGATC,3.3731415,17.760807,pancreatic A cell,SAMN11380903
MS19011_CGTGATAGTAATCAGA,2.8986053,16.908339,pancreatic A cell,SAMN11380903
MS19011_CCACCATCAACTCATG,0.34442917,2.4009674,type B pancreatic cell,SAMN11380903
MS19011_ATATCCTCAACCCTAA,0.39079314,6.5619917,type B pancreatic cell,SAMN11380903
MS19011_CATTGTTTCGTTGCCT,2.228311,5.3556175,type B pancreatic cell,SAMN11380903
MS19011_CAGATTGAGTTGTCGT,0.046484057,9.437362,type B pancreatic cell,SAMN11380903
MS19011_GTAGAGGCAATTCGTG,5.897319,16.15978,pancreatic A cell,SAMN11380903
MS19011_GAGTTGTAGCTTGTTG,-6.5730286,-2.7210164,pancreatic acinar cell,SAMN11380903
MS19011_GGTGAAGTCATCGACA,0.8844243,6.7680926,type B pancreatic cell,SAMN11380903
MS19011_ACCAAACTCGAGAGCA,1.8129482,4.624089,type B pancreatic cell,SAMN11380903
MS19011_TACGGTAGTACAAAGT,2.6200504,6.7415056,type B pancreatic cell,SAMN11380903
MS19011_CGTAGTAAGAAGCGGG,-6.6382294,-2.100216,pancreatic acinar cell,SAMN11380903
MS19011_ACAAGCTCATTGAAAG,0.24996036,3.7669513,type B pancreatic cell,SAMN11380903
MS19011_TACCGAATCGCTGTTC,0.5374487,4.362183,type B pancreatic cell,SAMN11380903
MS19011_CTGATCCTCCACTAGA,1.8857403,19.469255,pancreatic A cell,SAMN11380903
MS19011_CGCAGGTGTATCGCTA,3.481735,4.1776686,type B pancreatic cell,SAMN11380903
MS19011_AATCACGAGTAATCCC,6.4517584,15.910189,pancreatic A cell,SAMN11380903
MS19011_TGTTTGTAGATGCAGC,3.5107496,18.5346,pancreatic A cell,SAMN11380903
MS19011_TCGGGACCATACCACA,-5.893727,-2.8559148,pancreatic acinar cell,SAMN11380903
MS19011_CAAGGGACAGCAGACA,3.285541,16.824762,pancreatic A cell,SAMN11380903
MS19011_GTAACCATCTACTGAG,13.636708,3.2628877,endothelial cell,SAMN11380903
MS19011_ACCAACATCCACTGAA,4.7173247,15.977137,pancreatic A cell,SAMN11380903
MS19011_GATGAGGCACAGTCGC,-5.541036,4.043453,pancreatic D cell,SAMN11380903
MS19011_AGAGCAGAGCTAGATA,0.6170295,1.9262398,type B pancreatic cell,SAMN11380903
MS19011_AATAGAGTCATTTCCA,-5.875833,-2.1565056,pancreatic acinar cell,SAMN11380903
MS19011_CTAACCCGTGTACAGG,0.1920865,8.421868,type B pancreatic cell,SAMN11380903
MS19011_GTGGAGACAAGTGGAC,1.8948566,3.834899,type B pancreatic cell,SAMN11380903
MS19011_CTTCGGTTCAGCTTGA,-5.3212304,3.660717,pancreatic D cell,SAMN11380903
MS19011_CAACGGCCACCCGTAG,2.1216116,6.2126923,type B pancreatic cell,SAMN11380903
MS19011_GCGGAAACATTGACCA,0.23049346,3.0611463,type B pancreatic cell,SAMN11380903
MS19011_TTACAGGAGATACATG,3.4322486,18.79466,pancreatic A cell,SAMN11380903
MS19011_GTGCAGCAGCCAGTAG,-3.92791,3.7525294,pancreatic D cell,SAMN11380903
MS19011_TTCTAACCATAAGCAA,3.3758478,16.130339,pancreatic A cell,SAMN11380903
MS19011_GATGAGGAGCCTTTGA,5.191754,15.643555,pancreatic A cell,SAMN11380903
MS19011_TTCCAATTCCGTGACG,5.2066913,15.90217,pancreatic A cell,SAMN11380903
MS19011_CTTCCGACATGACTCA,-5.239626,2.3097787,pancreatic D cell,SAMN11380903
MS19011_CGTTCTGCAAGCCCAC,0.05810119,2.1007993,type B pancreatic cell,SAMN11380903
MS19011_CGATGCGGTATCCTTT,2.5128276,17.728182,pancreatic A cell,SAMN11380903
MS19011_TCAGTTTTCGCCTTTG,2.5569496,7.2818875,type B pancreatic cell,SAMN11380903
MS19011_GTTGTAGTCCACCTCA,0.7982794,19.305529,pancreatic A cell,SAMN11380903
MS19011_GTCCCATAGCGTGAAC,-1.6043222,6.2006783,type B pancreatic cell,SAMN11380903
MS19011_CTCCGATAGTTGAAAC,4.4408393,16.886898,pancreatic A cell,SAMN11380903
MS19011_CGAGGCTCATGTTTGG,1.6731449,7.7007136,type B pancreatic cell,SAMN11380903
MS19011_CAATACGCATAAGATG,4.4860225,5.9765816,type B pancreatic cell,SAMN11380903
MS19011_CGGAATTTCGTTCGCT,6.5199375,16.401924,pancreatic A cell,SAMN11380903
MS19011_ACGTACACACAGTGTT,2.096797,16.671797,pancreatic A cell,SAMN11380903
MS19011_TGGTTAGCACTTGAAC,0.38810092,6.0907454,type B pancreatic cell,SAMN11380903
MS19011_GGCAGTCCAAATACAG,1.8132179,5.5592313,type B pancreatic cell,SAMN11380903
MS19011_CAGCGTGAGTGTTGTC,5.168812,18.157785,pancreatic A cell,SAMN11380903
MS19011_CTATCCGTCTAGCCTC,1.3827125,5.1394343,type B pancreatic cell,SAMN11380903
MS19011_GTCCCATCAGAAGCTG,5.1897,16.35514,pancreatic A cell,SAMN11380903
MS19011_ATAGAGAGTTCAGTAC,-6.628368,-2.4563527,pancreatic acinar cell,SAMN11380903
MS19011_TGTAACGTCATGCTAG,-5.522025,3.4721048,pancreatic D cell,SAMN11380903
MS19011_GCCATTCCATGACGGA,13.065001,1.1560374,pancreatic stellate cell,SAMN11380903
MS19011_TGACCCTAGGGACTGT,4.759781,17.955894,pancreatic A cell,SAMN11380903
MS19011_CATGCCTTCCTCTCGA,0.44879264,17.866497,pancreatic A cell,SAMN11380903
MS19011_TGTCCTGGTGAGTTTC,3.7099278,19.19502,pancreatic A cell,SAMN11380903
MS19011_TTCGATTCACAACGTT,5.571916,17.654478,pancreatic A cell,SAMN11380903
MS19011_CCAATGAAGAGTCTGG,5.766201,15.627238,pancreatic A cell,SAMN11380903
MS19011_TCAGGTAAGCCAGACA,-1.0637195,6.035065,type B pancreatic cell,SAMN11380903
MS19011_CAGGGCTAGTGATAGT,5.3181386,16.78591,pancreatic A cell,SAMN11380903
MS19011_GCTGAATGTCACTCAA,2.3096585,6.6227264,type B pancreatic cell,SAMN11380903
MS19011_TCACACCCAATCGAAA,-5.952865,-3.1567848,pancreatic acinar cell,SAMN11380903
MS19011_AGTCATGCAGAGGTAC,2.6497371,4.1916766,type B pancreatic cell,SAMN11380903
MS19011_GGTTCTCGTATGATCC,-4.883492,3.428686,pancreatic D cell,SAMN11380903
MS19011_GTTGAACGTCGAGATG,4.3086057,5.2153273,type B pancreatic cell,SAMN11380903
MS19011_GACACGCGTACCGCGT,-3.863746,-2.1685445,pancreatic acinar cell,SAMN11380903
MS19011_ATTCACTGTGTTACAC,-4.142813,4.967276,pancreatic D cell,SAMN11380903
MS19011_CTCAATTAGTTTCTTC,2.4936016,5.500494,type B pancreatic cell,SAMN11380903
MS19011_TTCAATCCAGCATTGT,3.2298453,5.1898947,type B pancreatic cell,SAMN11380903
MS19011_CTTCCTTTCGTAGAGG,1.270077,3.4904947,type B pancreatic cell,SAMN11380903
MS19011_TGTCCACTCGGAGATG,0.13938195,2.028086,type B pancreatic cell,SAMN11380903
MS19011_ACTTATCGTGCGGCTT,0.07799567,2.1400874,type B pancreatic cell,SAMN11380903
MS19011_CATCCCATCTTTGCAT,-0.1987224,5.2082043,type B pancreatic cell,SAMN11380903
MS19011_CAACGATCAACAGCCC,3.579814,-4.8865905,pancreatic ductal cell,SAMN11380903
MS19011_CGCATGGCAATTCACG,2.6884294,16.721233,pancreatic A cell,SAMN11380903
MS19011_GCAGCTGCACCAGTAT,-4.2122116,4.5880733,pancreatic D cell,SAMN11380903
MS19011_TGACAGTGTTGTATGC,-4.9334774,3.2820864,pancreatic D cell,SAMN11380903
MS19011_CATGCGGCAGAGTAAT,1.5258718,17.035841,pancreatic A cell,SAMN11380903
MS19011_AACAAGAGTCGTTGGC,-1.525908,8.532641,type B pancreatic cell,SAMN11380903
MS19011_TGGCGTGGTTGCGGAA,0.60652065,7.0868106,type B pancreatic cell,SAMN11380903
MS19011_TACGGGCCAATGTGGG,4.9898043,18.19417,pancreatic A cell,SAMN11380903
MS19011_TCGGTCTGTTGGACTT,5.366352,16.29089,pancreatic A cell,SAMN11380903
MS19011_CCATAAGCAGACCCGT,0.13638459,3.6466866,type B pancreatic cell,SAMN11380903
MS19011_TTACGCCCACCGTGCA,1.1514436,17.012913,pancreatic A cell,SAMN11380903
MS19011_TCGGTCTGTCAGTCCG,0.69054836,3.7052474,type B pancreatic cell,SAMN11380903
MS19011_GCCTGTTCATGACGTT,1.1623112,4.6675572,type B pancreatic cell,SAMN11380903
MS19011_TTACTGTGTGGACCAA,4.9240303,15.41594,pancreatic A cell,SAMN11380903
MS19011_TACGGTACAGGTGAGT,0.5309645,5.279022,type B pancreatic cell,SAMN11380903
MS19011_GTTAGACTCCGAGCTG,-2.6703782,5.0841923,type B pancreatic cell,SAMN11380903
MS19011_TTCATGTGTCAGCTTA,-5.267202,4.1038885,pancreatic D cell,SAMN11380903
MS19011_GCTTCACAGCTCTTCC,4.7399073,16.94185,pancreatic A cell,SAMN11380903
MS19011_GGTAGAGAGGACAACC,5.514255,16.784199,pancreatic A cell,SAMN11380903
MS19011_AGGGTGACAGAATGTA,0.9549077,7.599379,type B pancreatic cell,SAMN11380903
MS19011_GGAGGATGTGAACCGA,4.8338833,17.688168,pancreatic A cell,SAMN11380903
MS19011_AGAAGTATCTCATTGT,2.8316681,16.954412,pancreatic A cell,SAMN11380903
MS19011_GTTACCCTCTTGGGCG,1.8608637,3.7781398,type B pancreatic cell,SAMN11380903
MS19011_TTGGGCGTCCTGATAG,-1.6102544,8.205258,type B pancreatic cell,SAMN11380903
MS19011_TATATCCCACCTGCGA,4.4987335,7.145821,type B pancreatic cell,SAMN11380903
MS19011_GGGACCTGTACTAACC,1.0798212,6.6972647,type B pancreatic cell,SAMN11380903
MS19011_GTATTGGGTTTAAGGA,5.3352504,17.126493,pancreatic A cell,SAMN11380903
MS19011_AATGGAATCAAGTGGG,3.290262,5.7242265,type B pancreatic cell,SAMN11380903
MS19011_CTCCAACTCGGTAGGA,4.557363,16.693996,pancreatic A cell,SAMN11380903
MS19011_GCAGCCATCGCGAAGA,-6.2761407,-2.3671217,pancreatic acinar cell,SAMN11380903
MS19011_TTACGTTCATGCCGAC,4.5540485,17.177591,pancreatic A cell,SAMN11380903
MS19011_TATTGCTAGCATGATA,2.723451,4.1712694,type B pancreatic cell,SAMN11380903
MS19011_CGAGTTATCCCAGGAC,3.6370988,19.292137,pancreatic A cell,SAMN11380903
MS19011_CTTTCGGTCACTACTT,-0.6899981,4.586286,type B pancreatic cell,SAMN11380903
MS19011_TAAGCACAGTGGATTA,-6.340579,-3.1283484,pancreatic acinar cell,SAMN11380903
MS19011_CATTGTTAGAGAGCCT,5.6070404,16.377289,pancreatic A cell,SAMN11380903
MS19011_CTGGACGGTTGCACGC,3.9679713,5.7087193,type B pancreatic cell,SAMN11380903
MS19011_CCAATTTAGAGCTGCA,4.717523,17.11239,pancreatic A cell,SAMN11380903
MS19011_TTCCACGCAGACTCTA,4.459501,17.362549,pancreatic A cell,SAMN11380903
MS19011_ATCCATTAGCGACATG,2.3866525,7.87266,type B pancreatic cell,SAMN11380903
MS19011_GAGAAATTCATGTCTT,-4.9437795,3.471839,pancreatic D cell,SAMN11380903
MS19011_CTTCAATAGACTCGAG,0.8195939,4.4230084,type B pancreatic cell,SAMN11380903
MS19011_CTAACCCCAATTGGTC,-5.539852,2.774876,pancreatic D cell,SAMN11380903
MS19011_TCATCCGTCGATTCCC,1.4048458,8.25139,type B pancreatic cell,SAMN11380903
MS19011_CATAGACAGCCGTCGT,-4.788478,4.7936254,pancreatic D cell,SAMN11380903
MS19011_GGGCTACTCTCGCCTA,4.6203976,18.588634,pancreatic A cell,SAMN11380903
MS19011_AGAGCAGAGTTGCATC,5.227649,17.305172,pancreatic A cell,SAMN11380903
MS19011_TCACAAGCATACCATG,2.7815418,19.24948,pancreatic A cell,SAMN11380903
MS19011_GCAGCTGTCACCTTAT,3.0395386,8.014935,type B pancreatic cell,SAMN11380903
MS19011_CACGAATTCCCGTTCA,5.181148,17.19552,pancreatic A cell,SAMN11380903
MS19011_GTAACACAGTCCGCGT,3.5774004,16.618542,pancreatic A cell,SAMN11380903
MS19011_GGGCTACGTAGCTGTT,2.5634477,6.2765055,type B pancreatic cell,SAMN11380903
MS19011_TGACTCCGTCGTCAGC,4.5339036,4.973629,type B pancreatic cell,SAMN11380903
MS19011_CCCATTGAGGTAGCAC,3.4003174,21.002756,pancreatic A cell,SAMN11380903
MS19011_TCTGCCACAGCTGGTC,2.3947387,6.813949,type B pancreatic cell,SAMN11380903
MS19011_CTCCGATTCCAACCGG,2.1670728,5.573935,type B pancreatic cell,SAMN11380903
MS19011_GTGTCCTTCATCTACT,6.71376,16.197048,pancreatic A cell,SAMN11380903
MS19011_AGACAAAAGTAGGTTA,4.06825,5.745154,type B pancreatic cell,SAMN11380903
MS19011_TGATTCTCAAGTGGCA,1.8662204,4.1126714,type B pancreatic cell,SAMN11380903
MS19011_CATTCATGTGGGTCAA,-5.33901,4.39958,pancreatic D cell,SAMN11380903
MS19011_TGTAACGTCGCGGTAC,12.671289,-0.90399414,pancreatic stellate cell,SAMN11380903
MS19011_CTTACCGGTCACTACA,5.460817,15.813564,pancreatic A cell,SAMN11380903
MS19011_CATCGTCAGTGCCTCG,2.0510826,4.8765235,type B pancreatic cell,SAMN11380903
MS19011_GCTCAAAGTACAGTTC,1.1336079,7.583993,type B pancreatic cell,SAMN11380903
MS19011_GACGCTGTCCCAATAG,2.3209975,18.816555,pancreatic A cell,SAMN11380903
MS19011_CCGGGTAAGTGGTTAA,6.801363,16.387644,pancreatic A cell,SAMN11380903
MS19011_AGAACAACACTTACAG,1.4893546,4.3444767,type B pancreatic cell,SAMN11380903
MS19011_ATACTTCCATATCTCT,12.620024,-1.0699215,pancreatic stellate cell,SAMN11380903
MS19011_GAGGGTACAGACCCGT,4.30743,16.090555,pancreatic A cell,SAMN11380903
MS19011_TGTTTGTGTAGCCAGA,1.5203105,8.065228,type B pancreatic cell,SAMN11380903
MS19011_CCCTCTCTCTTCGATT,4.788922,16.358145,pancreatic A cell,SAMN11380903
MS19011_TGAATCGTCGCCAGAC,2.1192071,4.483925,type B pancreatic cell,SAMN11380903
MS19011_GTAGCTACAGCTGTAT,1.2626569,9.016702,type B pancreatic cell,SAMN11380903
MS19011_GCAGGCTGTGACTAAA,5.384409,17.126228,pancreatic A cell,SAMN11380903
MS19011_TCAGGTACAGCTGGTC,3.0266757,4.872561,type B pancreatic cell,SAMN11380903
MS19011_TAGATCGGTAGTTAGA,5.265978,17.461775,pancreatic A cell,SAMN11380903
MS19011_ATAGACCAGCGACCCT,0.9619178,4.9398556,type B pancreatic cell,SAMN11380903
MS19011_TGCTCGTGTGCTGATT,0.18557724,5.222404,type B pancreatic cell,SAMN11380903
MS19011_AAGCATCTCGTGACTA,6.0357018,16.436201,pancreatic A cell,SAMN11380903
MS19011_TGGGCGTAGGACTATA,3.9996107,5.5669703,type B pancreatic cell,SAMN11380903
MS19011_TAAGTCGCATTGCTTT,3.6263702,3.691962,type B pancreatic cell,SAMN11380903
MS19011_CAATGACTCCTGGGAC,5.3024406,15.902952,pancreatic A cell,SAMN11380903
MS19011_TCCCACAGTTGGAGGT,3.9042346,5.2755513,type B pancreatic cell,SAMN11380903
MS19011_ATCCGTCTCTAATTCC,2.4540393,5.107418,type B pancreatic cell,SAMN11380903
MS19011_CCACGTTCACACGGTC,12.982168,-0.45799994,pancreatic stellate cell,SAMN11380903
MS19011_ACAAAGACATGTTACG,1.1529708,2.9480486,type B pancreatic cell,SAMN11380903
MS19011_ATCGTCCTCTATCCAT,4.60855,18.533371,pancreatic A cell,SAMN11380903
MS19011_TCTTCCTAGACTCATC,1.8847702,5.949472,type B pancreatic cell,SAMN11380903
MS19011_ACACAGTGTGCATGTT,4.2764554,5.3995385,type B pancreatic cell,SAMN11380903
MS19011_TTTCAGTGTGTCTTAG,2.9476154,17.381618,pancreatic A cell,SAMN11380903
MS19011_CCTGCATGTGCGGATA,-0.1056795,2.4860668,type B pancreatic cell,SAMN11380903
MS19011_GCGGAAACACGACTAT,4.648305,18.326622,pancreatic A cell,SAMN11380903
MS19011_TTTACCATCCACCCTA,1.7633244,5.0621667,type B pancreatic cell,SAMN11380903
MS19011_CTGTATTTCTCCGCAT,0.039399706,4.9087634,pancreatic D cell,SAMN11380903
MS19011_AATGAAGTCGCAAGAG,0.30909562,5.3929467,type B pancreatic cell,SAMN11380903
MS19011_GGGTAGAGTCCACTCT,6.108389,16.38106,pancreatic A cell,SAMN11380903
MS19011_ATTCCTACACTTCTCG,4.5458837,5.6035957,type B pancreatic cell,SAMN11380903
MS19011_TCATCCGAGGCTAACG,3.6163452,18.690115,pancreatic A cell,SAMN11380903
MS19011_TGGAGAGGTCCGGTCA,3.6794324,5.1735444,type B pancreatic cell,SAMN11380903
MS19011_TCATACTTCGTAGGGA,1.3849748,3.9892223,type B pancreatic cell,SAMN11380903
MS19011_GGGTCACAGGCGCTTC,3.6274393,5.4106975,type B pancreatic cell,SAMN11380903
MS19011_TCTAACTCATGTGACT,1.2273383,7.219872,type B pancreatic cell,SAMN11380903
MS19011_CTCCGATAGAACTTCC,2.1664426,4.997214,type B pancreatic cell,SAMN11380903
MS19011_TTCAATCGTCTGATAC,6.379712,16.692549,pancreatic A cell,SAMN11380903
MS19011_TCACAAGCAAGTATAG,4.0035343,18.078203,pancreatic A cell,SAMN11380903
MS19011_TCCGATCCAAAGCGTG,-0.1147097,-6.646738,pancreatic ductal cell,SAMN11380903
MS19011_CTGCGAGCACCAGGTC,4.8136783,16.960047,pancreatic A cell,SAMN11380903
MS19011_CAGCAGCTCTTCACAT,0.20043802,1.9356624,type B pancreatic cell,SAMN11380903
MS19011_TATTCCAAGAGGGTCT,5.341868,16.272148,pancreatic A cell,SAMN11380903
MS19011_AGCCAATTCCGCAAAT,-0.49692276,3.9279256,type B pancreatic cell,SAMN11380903
MS19011_ACGATCATCCTGTTGC,2.8230834,4.918854,type B pancreatic cell,SAMN11380903
MS19011_ACTACGAGTGGAATGC,0.7985018,5.8434153,type B pancreatic cell,SAMN11380903
MS19011_TACCTCGCAAATGAAC,3.8703542,6.5397725,type B pancreatic cell,SAMN11380903
MS19011_TATCTGTAGCATCGAG,4.8592863,16.688171,pancreatic A cell,SAMN11380903
MS19011_AATGACCGTTCTAAGC,4.108657,6.725764,type B pancreatic cell,SAMN11380903
MS19011_CTCCGATCACCCTGAG,2.7494926,6.348335,type B pancreatic cell,SAMN11380903
MS19011_CTGGCAGCAGGAGGAG,6.112992,16.569792,pancreatic A cell,SAMN11380903
MS19011_AATCGACTCATATGGC,-0.096423216,3.3863692,type B pancreatic cell,SAMN11380903
MS19011_GTGTTCCGTGCGAGTA,-6.5407224,-2.5430229,pancreatic acinar cell,SAMN11380903
MS19011_TCCGAAAGTCGCACAC,2.9939034,17.004108,pancreatic A cell,SAMN11380903
MS19011_TGGGAAGTCGTGGGTC,1.3954245,3.0268877,type B pancreatic cell,SAMN11380903
MS19011_ACCCAAACACAAAGTA,1.707115,7.016994,type B pancreatic cell,SAMN11380903
MS19011_GGGACCTTCAACCTCC,1.1053132,3.0934775,type B pancreatic cell,SAMN11380903
MS19011_TTGAACGCACAGTCCG,-0.20421968,1.9950694,type B pancreatic cell,SAMN11380903
MS19011_ATTTCTGGTAGATGTA,-0.9270327,-6.8944693,pancreatic ductal cell,SAMN11380903
MS19011_GATCAGTTCTACTTCA,1.0753988,5.8314466,type B pancreatic cell,SAMN11380903
MS19011_ACGTCCTAGATTGGGC,5.9178176,16.774504,pancreatic A cell,SAMN11380903
MS19011_GGGTCTGGTCTTGAGT,3.3096502,7.880739,type B pancreatic cell,SAMN11380903
MS19011_GAGTGAGGTGCAAGAC,6.18715,15.900069,pancreatic A cell,SAMN11380903
MS19011_TTCGCTGAGTTAGTAG,0.0011130584,2.290142,type B pancreatic cell,SAMN11380903
MS19011_CAGCAATGTTTCGTTT,4.6174574,5.58012,type B pancreatic cell,SAMN11380903
MS19011_ACTTCCGTCTGCGGAC,2.3839135,4.6397676,type B pancreatic cell,SAMN11380903
MS19011_CATACCCGTTCCCACT,4.491443,5.761147,type B pancreatic cell,SAMN11380903
MS19011_TTCTTGACAGAATCGG,-0.1336496,2.6045263,type B pancreatic cell,SAMN11380903
MS19011_CGAGGAAGTAACAGGC,1.6936245,-5.516608,pancreatic ductal cell,SAMN11380903
MS19011_TCATACTCACACGCCA,2.692142,2.876817,type B pancreatic cell,SAMN11380903
MS19011_TTCTTGAGTACAGAGC,1.5212138,7.015163,type B pancreatic cell,SAMN11380903
MS19011_GATGAGGTCATTCGTT,0.28247136,7.58873,type B pancreatic cell,SAMN11380903
MS19011_TCTGCCATCATGCATG,4.4546933,15.939483,pancreatic A cell,SAMN11380903
MS19011_TACCTCGTCCGCAACG,-0.5488967,6.1136665,type B pancreatic cell,SAMN11380903
MS19011_GCATCTCAGAACGTGC,4.7952642,19.443571,pancreatic A cell,SAMN11380903
MS19011_TATACCTAGAGTGTGC,-4.3654456,-2.571747,pancreatic acinar cell,SAMN11380903
MS19011_GCCATTCCAATGGCAG,6.1252675,15.831065,pancreatic A cell,SAMN11380903
MS19011_ATCAGGTGTAATTGGA,3.935922,16.96929,pancreatic A cell,SAMN11380903
MS19011_TCACATTTCACTCTTA,0.86051923,3.175325,type B pancreatic cell,SAMN11380903
MS19011_CGTAATGCACTGAGTT,5.676685,15.784017,pancreatic A cell,SAMN11380903
MS19011_ACACCAAGTAATGCTC,3.2534575,16.86667,pancreatic A cell,SAMN11380903
MS19011_GTGAGCCTCCTTGGAA,5.352982,15.404141,pancreatic A cell,SAMN11380903
MS19011_AGGACTTAGTAGGGTC,-5.524109,2.6681108,pancreatic D cell,SAMN11380903
MS19011_TCTCCGACATCGCTAA,3.9274778,4.380509,type B pancreatic cell,SAMN11380903
MS19011_TCATTACCATCAACCA,3.5786405,16.151009,pancreatic A cell,SAMN11380903
MS19011_TAAGCGTCACTAACGT,1.4396319,7.296093,type B pancreatic cell,SAMN11380903
MS19011_ACGTTCCAGCTGCCAC,-1.5208175,-6.4827805,pancreatic ductal cell,SAMN11380903
MS19011_ATAGGCTGTATAGGGC,3.3216424,16.576542,pancreatic A cell,SAMN11380903
MS19011_TTTCATGAGAAACCCG,-0.59299904,-6.681323,pancreatic ductal cell,SAMN11380903
MS19011_GTTAGTGAGAAAGCGA,1.9250832,6.4644747,type B pancreatic cell,SAMN11380903
MS19011_ATCCTATAGCTCAGAG,5.5966578,15.701195,pancreatic A cell,SAMN11380903
MS19011_GGGCCATTCGACCAAT,1.4815078,7.92065,type B pancreatic cell,SAMN11380903
MS19011_AAGCGTTTCGAGCACC,2.1114182,17.247835,pancreatic A cell,SAMN11380903
MS19011_GCATTAGCAATGAACA,-1.1452076,4.247205,type B pancreatic cell,SAMN11380903
MS19011_TTGTTGTCAGGTCCGT,1.5405061,7.018957,type B pancreatic cell,SAMN11380903
MS19011_TGGAGGATCAATCAGC,5.5581746,15.552516,pancreatic A cell,SAMN11380903
MS19011_GGCTTGGGTTCTTAGG,3.8173525,16.646193,pancreatic A cell,SAMN11380903
MS19011_TCCATGCGTCTAACGT,0.9063839,7.920125,type B pancreatic cell,SAMN11380903
MS19011_CCACAAAGTACGGGAT,3.7533092,5.1885996,type B pancreatic cell,SAMN11380903
MS19011_CGTTGGGGTACTAAGA,5.1599693,18.741129,pancreatic A cell,SAMN11380903
MS19011_ATAGACCAGTTGCCTA,-0.022549393,1.9845296,type B pancreatic cell,SAMN11380903
MS19011_TCCATCGTCTTGGTGA,5.1289554,15.859808,pancreatic A cell,SAMN11380903
MS19011_GAGACCCTCGACCACG,1.7712973,3.438156,type B pancreatic cell,SAMN11380903
MS19011_AATTCCTGTATGTGTC,4.4135113,6.642954,type B pancreatic cell,SAMN11380903
MS19011_TTCAATCAGTGGCCTC,3.3044426,16.87385,pancreatic A cell,SAMN11380903
MS19011_TAGGTTGGTCCAGAAG,-1.161709,5.6087446,type B pancreatic cell,SAMN11380903
MS19011_CCTCAGTAGCTAGTTC,-0.76917887,7.986078,type B pancreatic cell,SAMN11380903
MS19011_TCATGTTAGGCTGTAG,2.5946898,18.93201,pancreatic A cell,SAMN11380903
MS19011_AGAGCCCGTCACCGCA,-4.8174686,2.9627125,pancreatic D cell,SAMN11380903
MS19011_TCTAACTGTACGTGAG,-5.1622005,5.149915,pancreatic D cell,SAMN11380903
MS19011_AATGGAAGTAGGTGCA,4.0858836,5.078969,type B pancreatic cell,SAMN11380903
MS19011_TGTACAGCAGACGGAT,1.9578899,4.8500304,type B pancreatic cell,SAMN11380903
MS19011_AGACTCATCAGCTAGT,11.937212,-0.589903,pancreatic stellate cell,SAMN11380903
MS19011_CTACGGGAGAGTCAGC,-0.7990455,4.4446645,type B pancreatic cell,SAMN11380903
MS19011_GACGTTAGTCATAAAG,3.0358934,6.3522463,type B pancreatic cell,SAMN11380903
MS19011_CTTCCGAAGCTACAAA,-0.29718468,5.0526214,type B pancreatic cell,SAMN11380903
MS19011_ACGATGTGTTACGATC,4.4300866,19.721958,pancreatic A cell,SAMN11380903
MS19011_TTTCAGTTCTAGAACC,2.006332,5.7706647,type B pancreatic cell,SAMN11380903
MS19011_GCAACATCACAATGAA,4.105733,18.086605,pancreatic A cell,SAMN11380903
MS19011_GTCTACCTCTAGACCA,4.434232,5.5223594,type B pancreatic cell,SAMN11380903
MS19011_GGTTGTACAGGTGGAT,-0.45891887,3.2092268,type B pancreatic cell,SAMN11380903
MS19011_GGGTCTGAGATAGCTA,4.1431327,18.300825,pancreatic A cell,SAMN11380903
MS19011_CTGTATTTCTCAGAAC,3.0949583,6.074845,type B pancreatic cell,SAMN11380903
MS19011_CAGTTCCTCGTGCTCT,3.7013278,17.788054,pancreatic A cell,SAMN11380903
MS19011_ACGATGTTCGAGAACG,0.9757552,7.770968,type B pancreatic cell,SAMN11380903
MS19011_GGATGTTGTCCGGTGT,3.1212335,16.396217,pancreatic A cell,SAMN11380903
MS19011_TGTTCATAGTCACAGG,3.0852888,17.924507,pancreatic A cell,SAMN11380903
MS19011_AGACACTGTCAGACGA,-0.69783187,-6.383197,pancreatic ductal cell,SAMN11380903
MS19011_TGATTTCGTCGTTGCG,1.8110743,5.5602098,type B pancreatic cell,SAMN11380903
MS19011_TTACGCCGTCACAGTT,0.78111404,3.48824,type B pancreatic cell,SAMN11380903
MS19011_ATCGGATAGACCAGAC,-0.6902322,4.780421,type B pancreatic cell,SAMN11380903
MS19011_TCATACTCATCCTTGC,4.239923,4.863929,type B pancreatic cell,SAMN11380903
MS19011_CCCTAACGTCTGCAAT,-0.15406094,8.655639,type B pancreatic cell,SAMN11380903
MS19011_TAATTCCCAAATGAGT,3.5666103,17.249651,pancreatic A cell,SAMN11380903
MS19011_TGTAGACAGTTGGACG,-10.70126,-1.1427714,leukocyte,SAMN11380903
MS19011_TCATGCCAGGGTGAAA,-1.4074486,7.951668,type B pancreatic cell,SAMN11380903
MS19011_TTACCGCTCGTGCATA,1.959436,8.652598,type B pancreatic cell,SAMN11380903
MS19011_TCGCACTGTCACATTG,2.2762794,6.3702455,type B pancreatic cell,SAMN11380903
MS19011_ACTTCGCAGTCATAGA,-0.8743294,5.694905,type B pancreatic cell,SAMN11380903
MS19011_GAGACCCCAGTATGAA,3.9516478,4.781504,type B pancreatic cell,SAMN11380903
MS19011_GATAGAACAGGTTTAC,4.3116536,5.172935,type B pancreatic cell,SAMN11380903
MS19011_GAGTCATTCTGGGAGA,-5.526994,-2.0078444,pancreatic acinar cell,SAMN11380903
MS19011_GGTAGAGGTTTGGAGG,-5.231923,3.3385634,pancreatic D cell,SAMN11380903
MS19011_CAGCCAGCATCGGCCA,2.4109259,7.4349375,type B pancreatic cell,SAMN11380903
MS19011_TCATTACGTGGTCTTA,4.772387,15.848457,pancreatic A cell,SAMN11380903
MS19011_CATTTCAAGCACTCCG,-10.499634,-0.93937796,leukocyte,SAMN11380903
MS19011_CTAACTTGTAGACACG,4.8642144,15.784625,pancreatic A cell,SAMN11380903
MS19011_ATCGTCCCATTGCCTC,1.1791627,-6.157381,pancreatic ductal cell,SAMN11380903
MS19011_CTCAAGAGTAGACAAT,2.3401747,16.499094,pancreatic A cell,SAMN11380903
MS19011_TGGAACTGTGATTGGG,2.2386374,4.874617,pancreatic D cell,SAMN11380903
MS19011_TACTTCAAGCGGATCA,0.5263683,3.9522936,type B pancreatic cell,SAMN11380903
MS19011_GCCAGGTTCTTGTTAC,2.6511683,6.2773495,type B pancreatic cell,SAMN11380903
MS19011_AGACCATCAGAGTAAT,11.582275,-0.26606223,pancreatic stellate cell,SAMN11380903
MS19011_AAACGAATCCATTGGA,5.741065,15.582149,pancreatic A cell,SAMN11380903
MS19011_AGTAGTCGTATCACGT,2.8672965,6.248362,type B pancreatic cell,SAMN11380903
MS19011_ATTGGGTCAGAGTTCT,0.6893684,17.975529,pancreatic A cell,SAMN11380903
MS19011_AGGGTGAAGGTGCGAT,5.147373,15.712864,pancreatic A cell,SAMN11380903
MS19011_GTCACGGAGTATGAGT,11.626745,0.9854518,pancreatic stellate cell,SAMN11380903
MS19011_TTGAGTGAGACTAAGT,2.821136,6.876028,type B pancreatic cell,SAMN11380903
MS19011_ATGGAGGAGCATGATA,1.9249425,7.17588,type B pancreatic cell,SAMN11380903
MS19011_AACCTGAGTAAGTAGT,1.7842722,3.148905,type B pancreatic cell,SAMN11380903
MS19011_AAGTCGTAGTTGTAGA,-0.5176745,-6.879588,pancreatic ductal cell,SAMN11380903
MS19011_GAATCGTAGAAATCCA,-1.035179,6.163295,type B pancreatic cell,SAMN11380903
MS19011_CTATCCGCAACACGTT,-0.8253341,2.8904347,type B pancreatic cell,SAMN11380903
MS19011_GGAGATGCAATTTCGG,6.0344872,15.75728,pancreatic A cell,SAMN11380903
MS19011_CACCAAATCGTTCAGA,3.752622,6.6759477,type B pancreatic cell,SAMN11380903
MS19011_TCCGATCTCAGACCCG,0.854632,7.2425447,type B pancreatic cell,SAMN11380903
MS19011_CATCGGGGTTCTCCTG,3.5005467,16.020296,pancreatic A cell,SAMN11380903
MS19011_TCGCTTGAGCAACTCT,0.630621,6.217965,type B pancreatic cell,SAMN11380903
MS19011_GTAGGAGGTTCGGACC,-5.381864,-1.6519465,pancreatic acinar cell,SAMN11380903
MS19011_CAATACGCAACATACC,1.5254724,19.716215,pancreatic A cell,SAMN11380903
MS19011_CAGCCAGAGGGTCAAC,0.127448,4.6414294,type B pancreatic cell,SAMN11380903
MS19011_AAGCGAGCAATGTGGG,5.7341013,15.51536,pancreatic A cell,SAMN11380903
MS19011_CGATCGGCATACAGAA,-4.808159,4.121857,pancreatic D cell,SAMN11380903
MS19011_GGGTCACAGATGCTTC,6.8792768,16.25113,pancreatic A cell,SAMN11380903
MS19017_Islet57_CACCAAAAGGGATGTC,1.8595585,4.4772477,type B pancreatic cell,SAMN11523048
MS19014_CAGCAGCAGTTTGGCT,3.766371,5.2318416,type B pancreatic cell,SAMN11523048
MS19014_CGTCAAAAGACGAAGA,-2.69426,5.6000924,type B pancreatic cell,SAMN11523048
MS19014_AATTTCCGTAGAGTTA,2.7948158,6.3359056,type B pancreatic cell,SAMN11523048
MS19017_Islet57_GTAGAGGGTGTAGTGG,-3.4802299,4.509294,type B pancreatic cell,SAMN11523048
MS19014_AGCTCAAAGCACCAGA,2.8789554,6.7872972,type B pancreatic cell,SAMN11523048
MS19017_Islet57_CCCAACTAGTCTAGAA,3.1527085,7.4525,type B pancreatic cell,SAMN11523048
MS19014_CAGATACCAACTGAAA,0.883632,7.5017047,type B pancreatic cell,SAMN11523048
MS19014_AGTGATCAGGAAGAAC,2.4233015,6.9868307,type B pancreatic cell,SAMN11523048
MS19014_CTGCAGGCAACCTATG,1.8867311,-5.5218563,pancreatic ductal cell,SAMN11523048
MS19014_CAGGTATTCGCCTTGT,3.9171624,5.6452365,type B pancreatic cell,SAMN11523048
MS19014_TATTCCATCTAGGCAT,3.583054,17.948841,pancreatic A cell,SAMN11523048
MS19016_Islet57_ATTGGGTAGGCACCAA,1.3058081,21.373314,pancreatic A cell,SAMN11523048
MS19014_GACGTTACAACGGCTC,0.37548518,5.2666454,type B pancreatic cell,SAMN11523048
MS19017_Islet57_AATTTCCAGCGGCTCT,4.0756407,17.88299,pancreatic A cell,SAMN11523048
MS19016_Islet57_CTGTGGGTCGTAGTCA,1.8429809,18.922619,pancreatic A cell,SAMN11523048
MS19014_TTTAGTCGTAACAGGC,2.139313,19.970728,pancreatic A cell,SAMN11523048
MS19017_Islet57_TGCTGAATCAAGCTTG,-1.5219748,7.508324,type B pancreatic cell,SAMN11523048
MS19017_Islet57_TATCCTATCTCTGACC,-4.475848,4.73111,pancreatic D cell,SAMN11523048
MS19014_GTGCACGTCTTTCGAT,-2.002326,8.452802,type B pancreatic cell,SAMN11523048
MS19014_GCCTGTTAGCCATTGT,1.1246517,19.31178,pancreatic A cell,SAMN11523048
MS19014_AGTACCATCTCTATAC,3.245397,18.124804,pancreatic A cell,SAMN11523048
MS19014_TCCACCAGTAGCTTTG,4.3226056,16.863415,pancreatic A cell,SAMN11523048
MS19014_GACCCAGGTTCGTTCC,3.7567647,17.633358,pancreatic A cell,SAMN11523048
MS19017_Islet57_CTCCATGGTTGTGTTG,-4.880241,3.7185214,pancreatic D cell,SAMN11523048
MS19014_CCACGTTAGTATGATG,5.2375307,16.52679,pancreatic A cell,SAMN11523048
MS19016_Islet57_TTCCTCTTCGCTGACG,13.086398,-1.3990078,pancreatic stellate cell,SAMN11523048
MS19014_CTCAGGGAGGTCATTC,-0.5904505,-4.0949693,pancreatic ductal cell,SAMN11523048
MS19014_ACAAGCTCAGTTAGAA,3.036588,17.485346,pancreatic A cell,SAMN11523048
MS19014_GCTTGGGCAGACCAGA,3.8757644,7.058616,type B pancreatic cell,SAMN11523048
MS19014_CGTCAAACAGGTTCGC,3.9790916,17.346285,pancreatic A cell,SAMN11523048
MS19014_CCATAAGAGGCGTTAG,9.948457,8.797339,pancreatic PP cell,SAMN11523048
MS19014_TGTTCCGCATCATGAC,0.47093025,5.718711,type B pancreatic cell,SAMN11523048
MS19016_Islet57_CTGGCAGAGCGCACAA,2.2180817,7.96894,type B pancreatic cell,SAMN11523048
MS19014_GCTTCACGTAGGTGCA,4.0974665,5.0358458,type B pancreatic cell,SAMN11523048
MS19014_TAACCAGGTCAGGTGA,4.278263,4.8777514,type B pancreatic cell,SAMN11523048
MS19014_ACTTCGCTCAAGGCTT,2.6825225,17.870626,pancreatic A cell,SAMN11523048
MS19014_AGAGAGCAGGTAAGTT,-1.0410422,7.4430776,type B pancreatic cell,SAMN11523048
MS19016_Islet57_TGCAGGCCATTGTACG,12.443348,-2.3752813,pancreatic stellate cell,SAMN11523048
MS19016_Islet57_TCCACGTTCAACGAGG,-1.6691165,9.175798,type B pancreatic cell,SAMN11523048
MS19014_AATGGAATCCCTCTAG,-0.53030086,6.6012316,type B pancreatic cell,SAMN11523048
MS19014_GACGCTGGTCTCTCAC,1.8385557,17.99786,pancreatic A cell,SAMN11523048
MS19017_Islet57_TGGTAGTAGCTGTTAC,13.360232,2.5860014,endothelial cell,SAMN11523048
MS19016_Islet57_CATTCATGTTGCATGT,-4.989782,4.340622,pancreatic D cell,SAMN11523048
MS19017_Islet57_CATACTTGTACTGAGG,1.395613,18.617752,pancreatic A cell,SAMN11523048
MS19014_TGAGGGACAAATGGTA,1.5329881,7.267395,type B pancreatic cell,SAMN11523048
MS19017_Islet57_CATGCGGTCCACCTGT,-5.345116,4.290397,pancreatic D cell,SAMN11523048
MS19017_Islet57_TAGACTGTCGCTCTAC,-2.678325,5.604534,type B pancreatic cell,SAMN11523048
MS19016_Islet57_TTTGTTGTCATTTGTC,4.690516,18.646646,pancreatic A cell,SAMN11523048
MS19017_Islet57_AGGTGTTCACAATTCG,5.2923436,17.851942,pancreatic A cell,SAMN11523048
MS19014_AGGGTGATCGCTACAA,-1.812198,6.265747,type B pancreatic cell,SAMN11523048
MS19017_Islet57_CTCCCAATCCATGATG,1.4639533,9.37205,type B pancreatic cell,SAMN11523048
MS19014_ATGTCCCAGACTTCAC,-4.28019,4.57933,pancreatic D cell,SAMN11523048
MS19016_Islet57_CCGAACGCACGTTCGG,0.51752436,8.57515,type B pancreatic cell,SAMN11523048
MS19016_Islet57_TGGAACTCACATACTG,-2.6559725,5.15865,type B pancreatic cell,SAMN11523048
MS19014_CATTGTTAGGTATTGA,-2.732743,4.6764836,type B pancreatic cell,SAMN11523048
MS19016_Islet57_ACCATTTCATGGGTCC,2.3894613,20.443838,pancreatic A cell,SAMN11523048
MS19014_CGTGATAAGGAGCAAA,3.346435,22.267183,pancreatic A cell,SAMN11523048
MS19017_Islet57_AGAAGTATCACTCTTA,1.9900275,2.259646,type B pancreatic cell,SAMN11523048
MS19014_TGACGCGCACTGTGTA,0.36197895,9.144385,type B pancreatic cell,SAMN11523048
MS19016_Islet57_CGTCAAAAGATGCAGC,3.1431816,4.0810084,type B pancreatic cell,SAMN11523048
MS19016_Islet57_GTGAGGACACTTCAAG,0.40547612,8.266608,type B pancreatic cell,SAMN11523048
MS19014_GAACACTCAACCAGAG,3.8197613,5.223903,type B pancreatic cell,SAMN11523048
MS19014_TCCGATCAGGTAGTCG,0.2513805,6.7540293,type B pancreatic cell,SAMN11523048
MS19016_Islet57_TCACGCTCATAGATCC,3.3163116,19.094395,pancreatic A cell,SAMN11523048
MS19017_Islet57_CTCTGGTGTCGTATGT,3.762517,21.91245,pancreatic A cell,SAMN11523048
MS19017_Islet57_ACCTGTCTCATGACAC,12.709225,-2.6814115,pancreatic stellate cell,SAMN11523048
MS19017_Islet57_GAGCCTGTCTATACGG,2.2972982,21.126644,pancreatic A cell,SAMN11523048
MS19016_Islet57_TGTTACTGTATCTCTT,-0.33594185,7.453392,type B pancreatic cell,SAMN11523048
MS19017_Islet57_CTCCCAACAGAACTTC,4.2045393,16.063417,pancreatic A cell,SAMN11523048
MS19017_Islet57_CCGGGTACAAAGTATG,1.9781084,18.043379,pancreatic A cell,SAMN11523048
MS19014_CGATCGGCATGTACGT,0.7723904,19.44239,pancreatic A cell,SAMN11523048
MS19017_Islet57_AACCCAAAGGCGTTAG,1.2910117,20.4515,pancreatic A cell,SAMN11523048
MS19016_Islet57_GCATGATTCTGAGGTT,14.11973,2.6006389,endothelial cell,SAMN11523048
MS19017_Islet57_CGCCATTCAAGTGGTG,1.7506088,4.867239,type B pancreatic cell,SAMN11523048
MS19017_Islet57_CGAAGGACAAGATTGA,0.24294068,5.338502,type B pancreatic cell,SAMN11523048
MS19014_AGAAATGCACTTCAAG,3.7131906,22.000673,pancreatic A cell,SAMN11523048
MS19016_Islet57_TGGGATTGTAGGTCAG,12.124733,-2.060901,pancreatic stellate cell,SAMN11523048
MS19016_Islet57_TCAAGCAGTGGCTAGA,1.2527885,9.481725,type B pancreatic cell,SAMN11523048
MS19017_Islet57_TTGGATGGTACGATCT,1.6362438,4.622492,type B pancreatic cell,SAMN11523048
MS19016_Islet57_GTTACCCAGGGTAGCT,0.46520337,2.1103675,type B pancreatic cell,SAMN11523048
MS19014_ACTTCGCCAGATTAAG,-4.682827,4.0609713,pancreatic D cell,SAMN11523048
MS19014_TCATTCACACCATATG,2.3955462,18.963694,pancreatic A cell,SAMN11523048
MS19016_Islet57_ATGGTTGCACAACGTT,2.4117162,21.905462,pancreatic A cell,SAMN11523048
MS19014_TATCAGGCATGATGCT,12.923454,1.0541036,pancreatic stellate cell,SAMN11523048
MS19014_GATGATCAGTCGAGGT,2.450432,6.5782833,type B pancreatic cell,SAMN11523048
MS19014_CCAATGAGTCAAGTTC,3.4385054,7.5307817,type B pancreatic cell,SAMN11523048
MS19016_Islet57_CAACCAAAGATTGACA,11.420825,-1.9151007,pancreatic stellate cell,SAMN11523048
MS19017_Islet57_CTCAGAACACATGAAA,-0.34458807,8.819622,type B pancreatic cell,SAMN11523048
MS19016_Islet57_GTCACTCAGGTCACCC,11.863625,-0.6098336,pancreatic stellate cell,SAMN11523048
MS19016_Islet57_GGGTATTCAAAGACTA,-0.61356694,5.113595,type B pancreatic cell,SAMN11523048
MS19014_GAACGTTTCACCGACG,4.0645566,15.669634,pancreatic A cell,SAMN11523048
MS19014_CAAGAGGGTCCGGTCA,1.1522859,18.351065,pancreatic A cell,SAMN11523048
MS19014_AACTTCTTCTACACAG,1.2486719,-4.7521935,pancreatic ductal cell,SAMN11523048
MS19016_Islet57_TCAAGCATCCTTACCG,-5.1724653,4.3623767,pancreatic D cell,SAMN11523048
MS19016_Islet57_CCACGAGGTCGTTATG,3.012811,17.366262,pancreatic A cell,SAMN11523048
MS19017_Islet57_GTTGAACTCATTTGCT,3.8401997,16.72341,pancreatic A cell,SAMN11523048
MS19014_ACGTAGTAGGACACTG,-4.8859696,3.71464,pancreatic D cell,SAMN11523048
MS19017_Islet57_GATAGCTCATCGAAGG,3.30883,-4.802079,pancreatic ductal cell,SAMN11523048
MS19017_Islet57_TACAACGCATACACCA,3.6434345,18.226967,pancreatic A cell,SAMN11523048
MS19014_GCATTAGGTGCATTTG,4.6021824,5.063951,type B pancreatic cell,SAMN11523048
MS19017_Islet57_GTAAGTCGTCTGCAAT,0.49663845,18.668318,pancreatic A cell,SAMN11523048
MS19016_Islet57_GTCCACTCAGGGACTA,2.026532,5.493513,type B pancreatic cell,SAMN11523048
MS19017_Islet57_GAAGCGAGTGGACCTC,0.8971316,4.64489,type B pancreatic cell,SAMN11523048
MS19016_Islet57_ACTATTCAGAATACAC,1.7997142,8.045421,type B pancreatic cell,SAMN11523048
MS19016_Islet57_TCACTATCATCCGATA,1.5641493,6.109857,type B pancreatic cell,SAMN11523048
MS19014_AGGGTGAGTGACTGTT,4.76788,18.03363,pancreatic A cell,SAMN11523048
MS19014_TTGAACGGTGAGTTGG,1.3839207,20.312609,pancreatic A cell,SAMN11523048
MS19016_Islet57_GTGGCGTAGTTCCGGC,1.8602263,21.264082,pancreatic A cell,SAMN11523048
MS19016_Islet57_GGGTTTAGTATACCTG,2.0867174,18.299295,pancreatic A cell,SAMN11523048
MS19014_CTGCTCATCCACGTCT,1.8865241,19.153687,pancreatic A cell,SAMN11523048
MS19016_Islet57_CAATACGAGGGACACT,-3.5127542,-3.884031,pancreatic A cell,SAMN11523048
MS19014_TATACCTCATCAACCA,0.1591641,5.5265903,type B pancreatic cell,SAMN11523048
MS19014_GGTGATTGTAACATGA,1.5135502,20.18372,pancreatic A cell,SAMN11523048
MS19016_Islet57_CTACATTCAGTTCCAA,5.1385465,17.878763,pancreatic A cell,SAMN11523048
MS19017_Islet57_ATTACCTTCAAGTTGC,13.483046,3.2485452,endothelial cell,SAMN11523048
MS19014_CAGGGCTTCACTCCGT,2.2059462,20.606962,pancreatic A cell,SAMN11523048
MS19014_CCGGTGATCTAGATCG,-3.912208,4.307681,pancreatic D cell,SAMN11523048
MS19014_CCTATCGGTCCGTACG,4.7695017,19.296741,pancreatic A cell,SAMN11523048
MS19017_Islet57_TGATTTCTCATACGGT,-1.3452122,5.651618,type B pancreatic cell,SAMN11523048
MS19017_Islet57_AAGGTAATCAGCCCAG,2.8919713,21.901068,pancreatic A cell,SAMN11523048
MS19014_GGTTCTCGTTGCGGCT,-4.9378133,2.9449224,pancreatic D cell,SAMN11523048
MS19014_AATGAAGAGAGTGAAG,12.297041,-1.8659424,pancreatic stellate cell,SAMN11523048
MS19014_ACATTTCAGGTGGCTA,2.901209,5.591937,type B pancreatic cell,SAMN11523048
MS19016_Islet57_CAACCAAGTCAGGTGA,2.4814126,18.844124,pancreatic A cell,SAMN11523048
MS19016_Islet57_CTCCTTTGTCAGTCGC,-5.143968,4.040525,pancreatic D cell,SAMN11523048
MS19017_Islet57_AATAGAGCAATCGCCG,-0.2837123,6.65003,type B pancreatic cell,SAMN11523048
MS19016_Islet57_GACCCAGTCTCCGCAT,2.4607463,6.4870157,type B pancreatic cell,SAMN11523048
MS19017_Islet57_GATTCTTCATAGATCC,-0.25534338,7.8724203,type B pancreatic cell,SAMN11523048
MS19017_Islet57_TGGCGTGGTGGACTGA,12.786874,-2.637725,pancreatic stellate cell,SAMN11523048
MS19014_CACAACAAGACAAGCC,-5.475542,3.8721719,pancreatic D cell,SAMN11523048
MS19016_Islet57_TGGTGATAGCGCCTTG,3.024035,19.378546,pancreatic A cell,SAMN11523048
MS19017_Islet57_GTAGGAGTCTCTTAAC,1.9664543,21.085356,pancreatic A cell,SAMN11523048
MS19016_Islet57_ATTTCACGTTGGCCGT,2.7892084,20.23506,pancreatic A cell,SAMN11523048
MS19016_Islet57_AGGGTCCGTGATTGGG,-2.7153842,8.608242,type B pancreatic cell,SAMN11523048
MS19014_CATGAGTAGCGACTAG,1.6462166,21.191038,pancreatic A cell,SAMN11523048
MS19014_CTAACCCAGCATAGGC,2.9710376,5.982767,type B pancreatic cell,SAMN11523048
MS19014_GTCACGGAGCATTTGC,0.89973354,6.7325106,type B pancreatic cell,SAMN11523048
MS19017_Islet57_ACGTTCCGTATCAAGA,2.174964,21.707464,pancreatic A cell,SAMN11523048
MS19016_Islet57_TGAATGCCACTGTCGG,1.2277046,7.3287454,type B pancreatic cell,SAMN11523048
MS19017_Islet57_CTCACTGTCGCATAGT,-0.72586596,8.161422,type B pancreatic cell,SAMN11523048
MS19014_AGCGCTGCATGCCGCA,-2.7922769,8.149589,type B pancreatic cell,SAMN11523048
MS19014_ACCAAACCACTTGAAC,3.1906085,8.541259,type B pancreatic cell,SAMN11523048
MS19016_Islet57_CTTGAGATCAGGACAG,-1.645565,8.662563,type B pancreatic cell,SAMN11523048
MS19016_Islet57_ACAACCAGTTTGCCGG,3.3931541,17.150467,pancreatic A cell,SAMN11523048
MS19014_TTACCATTCAGTGGGA,3.4870713,6.0589747,type B pancreatic cell,SAMN11523048
MS19014_AATAGAGCACTAGTAC,3.7828264,4.8573885,type B pancreatic cell,SAMN11523048
MS19016_Islet57_TTAGGCACACGGAAGT,3.4625268,7.067996,type B pancreatic cell,SAMN11523048
MS19014_GGGAGATCAAGGTTGG,3.8894312,15.639169,pancreatic A cell,SAMN11523048
MS19016_Islet57_CTGCCTACAGCGCGTT,-10.905895,-1.1249186,leukocyte,SAMN11523048
MS19016_Islet57_AAAGTGATCGGCGATC,2.6630678,17.658106,pancreatic A cell,SAMN11523048
MS19017_Islet57_AGAAGTATCCATTCGC,-5.8559604,2.6609752,pancreatic D cell,SAMN11523048
MS19016_Islet57_GATCATGAGGACGCAT,3.8291032,16.109642,pancreatic A cell,SAMN11523048
MS19014_TCTGGCTGTTATAGAG,-1.4051517,7.9923697,type B pancreatic cell,SAMN11523048
MS19017_Islet57_ACAAAGATCGAGAAGC,-0.808148,5.231422,type B pancreatic cell,SAMN11523048
MS19016_Islet57_TACAACGTCTGGGTCG,1.1901557,20.731226,pancreatic A cell,SAMN11523048
MS19014_CCCTCTCGTCACAGTT,1.350425,19.951216,pancreatic A cell,SAMN11523048
MS19017_Islet57_CCAATTTCACTCCACT,1.9737344,6.3077226,type B pancreatic cell,SAMN11523048
MS19017_Islet57_GGGACTCCATGACAGG,14.259567,2.4568172,endothelial cell,SAMN11523048
MS19017_Islet57_GGGACCTGTAGGAGGG,2.0976768,6.1450267,type B pancreatic cell,SAMN11523048
MS19014_GAAGCGACATCGCTGG,2.620467,-5.0966783,pancreatic ductal cell,SAMN11523048
MS19016_Islet57_CCGGTAGTCATAGACC,2.9554203,18.615582,pancreatic A cell,SAMN11523048
MS19014_GTTCCGTTCCATTGGA,12.972828,-2.3487198,pancreatic stellate cell,SAMN11523048
MS19014_CGAGTGCGTTATCTGG,5.6682544,17.569178,pancreatic A cell,SAMN11523048
MS19016_Islet57_ACATCGATCGAACTCA,1.8300798,20.424805,pancreatic A cell,SAMN11523048
MS19014_TTTGTTGGTAACACGG,0.801902,8.537735,type B pancreatic cell,SAMN11523048
MS19014_GACCCAGCATTGCCTC,2.7976663,21.808035,pancreatic A cell,SAMN11523048
MS19017_Islet57_AGTACTGGTACGAAAT,-3.1712146,6.5239697,type B pancreatic cell,SAMN11523048
MS19016_Islet57_AAGACAAAGGACAGTC,-0.5652533,7.5708265,type B pancreatic cell,SAMN11523048
MS19014_TGTTACTGTAGCTAAA,13.378436,2.5308013,endothelial cell,SAMN11523048
MS19017_Islet57_TGGGAGAAGGTTGGAC,1.7364128,20.267202,pancreatic A cell,SAMN11523048
MS19014_TTGCTGCCATCATGAC,-4.7804117,5.1535673,pancreatic D cell,SAMN11523048
MS19014_TCCATCGCACAGCTTA,-2.3149836,9.200519,type B pancreatic cell,SAMN11523048
MS19016_Islet57_TGAGGTTAGGACGGAG,-5.329832,4.299165,pancreatic D cell,SAMN11523048
MS19016_Islet57_TTGCGTCCATAGCTGT,1.3548499,2.5919788,type B pancreatic cell,SAMN11523048
MS19014_CGAGTGCGTCGATTTG,2.3421204,18.327106,pancreatic A cell,SAMN11523048
MS19014_CTGGACGAGGTAGATT,3.4932551,18.723774,pancreatic A cell,SAMN11523048
MS19014_CACTGTCTCAGGCGAA,1.3743881,7.32624,type B pancreatic cell,SAMN11523048
MS19014_AGTAGCTTCGAGCCAC,-2.2074506,8.437854,type B pancreatic cell,SAMN11523048
MS19014_CTCCATGCAAACGTGG,1.5526325,19.132744,pancreatic A cell,SAMN11523048
MS19016_Islet57_TCAAGTGCACCGTCTT,2.4420679,18.81805,pancreatic A cell,SAMN11523048
MS19016_Islet57_GACTTCCTCTCGCCTA,1.8560654,17.660288,pancreatic A cell,SAMN11523048
MS19016_Islet57_TCACGGGAGGAAAGAC,3.829129,18.449774,pancreatic A cell,SAMN11523048
MS19017_Islet57_GTCATGACATCCTATT,-5.1062565,4.4225054,pancreatic D cell,SAMN11523048
MS19016_Islet57_TCATGGAAGTATAACG,0.2530511,19.756725,pancreatic A cell,SAMN11523048
MS19016_Islet57_TTCCACGAGAAGCTCG,1.9273217,5.26195,type B pancreatic cell,SAMN11523048
MS19014_GTAGCTATCTTTACAC,0.31063887,8.103769,type B pancreatic cell,SAMN11523048
MS19016_Islet57_ACCACAACACAAGCCC,12.13232,-2.4571352,pancreatic stellate cell,SAMN11523048
MS19014_TGGGCGTCAGAGGCTA,9.989367,8.98098,pancreatic PP cell,SAMN11523048
MS19014_TTGCCTGAGTGGAATT,0.9837193,3.0769994,type B pancreatic cell,SAMN11523048
MS19014_GGGTATTCATACAGCT,12.594921,-1.589704,pancreatic stellate cell,SAMN11523048
MS19016_Islet57_AGGACGAGTGGTAATA,2.3844397,18.159142,pancreatic A cell,SAMN11523048
MS19016_Islet57_TGTTCCGTCTGGCCTT,2.4319131,18.822088,pancreatic A cell,SAMN11523048
MS19014_CAAGACTCAGACAAAT,11.779878,-0.7170614,pancreatic stellate cell,SAMN11523048
MS19017_Islet57_AACTTCTAGACTCCGC,0.1864025,5.55762,type B pancreatic cell,SAMN11523048
MS19014_CACTAAGCAACCACGC,-4.4174814,5.153991,pancreatic D cell,SAMN11523048
MS19014_GTTCATTCACCGAATT,-0.2043423,7.1025167,type B pancreatic cell,SAMN11523048
MS19014_AGTCATGGTCTAGTGT,4.3874826,18.159561,pancreatic A cell,SAMN11523048
MS19014_CAGCAATAGACCTTTG,-5.059778,5.234073,pancreatic D cell,SAMN11523048
MS19014_CGTGATATCTCCGATC,-3.7941585,5.251012,pancreatic D cell,SAMN11523048
MS19017_Islet57_TGTCAGACATACCATG,-4.895907,5.0399103,pancreatic D cell,SAMN11523048
MS19016_Islet57_CCGCAAGAGGGAGGCA,2.1144586,18.69307,pancreatic A cell,SAMN11523048
MS19016_Islet57_AGGTGTTAGATGGTAT,-4.3273206,4.290252,pancreatic D cell,SAMN11523048
MS19017_Islet57_GTCATTTCATGAATCC,-1.1227213,8.419024,type B pancreatic cell,SAMN11523048
MS19016_Islet57_GCTTGGGGTAAGATCA,13.890903,3.087598,endothelial cell,SAMN11523048
MS19016_Islet57_TCCGAAACATTCTTCA,3.3814077,17.263863,pancreatic A cell,SAMN11523048
MS19014_CAGGCCAGTCGTACTA,-4.5527005,-3.6224332,pancreatic acinar cell,SAMN11523048
MS19016_Islet57_AGAGCCCTCCCATTTA,-0.39776003,3.1513789,type B pancreatic cell,SAMN11523048
MS19014_TCCGTGTCAGGCCCTA,-1.3703613,8.675928,type B pancreatic cell,SAMN11523048
MS19017_Islet57_TGGAACTTCCCTCGTA,-1.8421533,8.085961,type B pancreatic cell,SAMN11523048
MS19016_Islet57_GTTAGACGTGCGGCTT,3.4442003,19.455261,pancreatic A cell,SAMN11523048
MS19017_Islet57_TCCGATCGTGTTAAAG,12.473368,-2.50838,pancreatic stellate cell,SAMN11523048
MS19014_AGGAAATGTTAAGGAT,3.2541838,17.825743,pancreatic A cell,SAMN11523048
MS19014_TACTTGTGTCTTCTAT,3.068197,6.7815213,type B pancreatic cell,SAMN11523048
MS19016_Islet57_CGAGGAAAGCGCTGAA,-2.952855,7.38182,type B pancreatic cell,SAMN11523048
MS19016_Islet57_GCAGTTAAGTAGACCG,13.656901,2.8994982,endothelial cell,SAMN11523048
MS19014_GTGGGAACAATGCTCA,11.775407,-2.0291166,pancreatic stellate cell,SAMN11523048
MS19017_Islet57_CTTAGGAGTATTCCGA,1.6823364,7.7742195,type B pancreatic cell,SAMN11523048
MS19014_GGAGGATTCCCGAACG,0.051300697,4.7842717,type B pancreatic cell,SAMN11523048
MS19017_Islet57_CTGTACCCATGAATAG,1.1422722,8.59725,type B pancreatic cell,SAMN11523048
MS19016_Islet57_TCACGCTGTATCATGC,1.5549093,21.40706,pancreatic A cell,SAMN11523048
MS19014_AGATCCAGTCTCCTGT,2.2610755,7.155085,type B pancreatic cell,SAMN11523048
MS19014_TTTGTTGCAATTGTGC,3.9892921,17.403353,pancreatic A cell,SAMN11523048
MS19014_GTAGGTTGTCACTTCC,-4.994783,4.772973,pancreatic D cell,SAMN11523048
MS19017_Islet57_GCACGGTTCGTCGACG,2.7217927,18.209763,pancreatic A cell,SAMN11523048
MS19014_GATTCTTTCTTCGGAA,10.491603,8.7605915,pancreatic PP cell,SAMN11523048
MS19017_Islet57_CCACGAGCAAAGGAGA,1.23184,7.0917096,type B pancreatic cell,SAMN11523048
MS19014_GTCTAGACAATTGAGA,-5.637299,3.192102,pancreatic D cell,SAMN11523048
MS19014_ACAGGGACATTGAGGG,1.7712592,21.402027,pancreatic A cell,SAMN11523048
MS19014_TCCGATCCACCCAACG,1.3041521,2.30326,type B pancreatic cell,SAMN11523048
MS19016_Islet57_GGAGGATTCTGAGCAT,1.8176706,6.4119763,type B pancreatic cell,SAMN11523048
MS19017_Islet57_GGTGTTATCCCTGGTT,2.2134876,-4.3171544,pancreatic ductal cell,SAMN11523048
MS19014_ATCACTTTCATCGGGC,12.013202,-2.2135234,pancreatic stellate cell,SAMN11523048
MS19014_GCTACCTAGGGCATGT,-1.0775546,6.2178097,type B pancreatic cell,SAMN11523048
MS19016_Islet57_GATTCGAAGACTCTAC,2.1039426,6.5471854,type B pancreatic cell,SAMN11523048
MS19014_CTCCGATCACATAGCT,4.1562233,16.634104,pancreatic A cell,SAMN11523048
MS19014_AAGCGAGTCCGAGTGC,10.063198,8.843588,pancreatic PP cell,SAMN11523048
MS19016_Islet57_CGATCGGGTGATTGGG,2.977677,17.78245,pancreatic A cell,SAMN11523048
MS19014_TTTACCAAGATGCTGG,-0.004877539,3.3615577,type B pancreatic cell,SAMN11523048
MS19017_Islet57_GCACGGTAGTTAACAG,1.3520526,6.0645947,type B pancreatic cell,SAMN11523048
MS19014_GGGTTTAGTTAGGCCC,0.552926,5.599825,type B pancreatic cell,SAMN11523048
MS19017_Islet57_TCATTTGTCATTGAGC,2.487392,18.020117,pancreatic A cell,SAMN11523048
MS19017_Islet57_CCGGGTACAGACATCT,0.870101,19.133156,pancreatic A cell,SAMN11523048
MS19014_GCACGGTCAACACTAC,1.6374465,19.5718,pancreatic A cell,SAMN11523048
MS19016_Islet57_GCCAGCACACGGTGTC,2.675583,2.610269,type B pancreatic cell,SAMN11523048
MS19017_Islet57_TCGCTTGCACCAGTAT,-0.780626,8.6092825,type B pancreatic cell,SAMN11523048
MS19017_Islet57_CATCAAGGTCTAGATC,1.9884638,5.0952115,type B pancreatic cell,SAMN11523048
MS19014_CGTGCTTGTAACCCTA,9.801119,8.644979,pancreatic PP cell,SAMN11523048
MS19014_CGGAATTGTCACCGAC,1.3907787,20.676788,pancreatic A cell,SAMN11523048
MS19014_TCCACGTGTTAGTCGT,1.0594932,17.624254,pancreatic A cell,SAMN11523048
MS19016_Islet57_TTCGATTGTCGACTTA,3.4021525,18.556175,pancreatic A cell,SAMN11523048
MS19017_Islet57_ATGGGAGGTGCCTTCT,12.212619,-2.5441647,pancreatic stellate cell,SAMN11523048
MS19014_CGTTCTGTCCGTCCTA,3.0533834,5.1885347,type B pancreatic cell,SAMN11523048
MS19014_AGACACTAGTAACCTC,2.2123065,16.570793,pancreatic A cell,SAMN11523048
MS19016_Islet57_ATGGATCGTAGGAGTC,0.34518453,2.844397,type B pancreatic cell,SAMN11523048
MS19016_Islet57_CGCCATTTCCCTCAAC,2.2446756,17.168098,pancreatic A cell,SAMN11523048
MS19014_TCATTGTGTTTGGAGG,0.37376204,7.519272,type B pancreatic cell,SAMN11523048
MS19014_GTGGCGTAGTCTTCGA,3.2200127,5.408724,type B pancreatic cell,SAMN11523048
MS19014_TGGGATTGTCGACTGC,-5.332859,4.7760324,pancreatic D cell,SAMN11523048
MS19016_Islet57_GGGTCTGAGTGATCGG,1.4730968,4.0936337,type B pancreatic cell,SAMN11523048
MS19014_AGAACAACAGGGATAC,-5.092981,4.4547014,pancreatic D cell,SAMN11523048
MS19014_CATGCGGGTAGCTAAA,1.9776582,6.2776823,type B pancreatic cell,SAMN11523048
MS19016_Islet57_TTTCATGTCTTGCAAG,-2.5903807,5.0497203,type B pancreatic cell,SAMN11523048
MS19016_Islet57_CAAGGGATCGCTACGG,-5.406311,2.9102912,pancreatic D cell,SAMN11523048
MS19016_Islet57_ACGGTCGTCCTCTCTT,-2.8256533,5.555037,type B pancreatic cell,SAMN11523048
MS19017_Islet57_GATCACAAGGTTACCT,-5.041292,4.8447022,pancreatic D cell,SAMN11523048
MS19017_Islet57_TTAATCCAGCGTCTGC,0.6168034,3.4102392,type B pancreatic cell,SAMN11523048
MS19016_Islet57_ACAAAGATCCACCTCA,-5.7112556,2.5514758,pancreatic D cell,SAMN11523048
MS19016_Islet57_ACATCGACAATGTGGG,2.1582513,17.80624,pancreatic A cell,SAMN11523048
MS19014_ACAAAGAAGCTAGAGC,1.375743,5.44227,type B pancreatic cell,SAMN11523048
MS19014_TGGGAGACAGCTGTCG,-0.74360615,7.237206,type B pancreatic cell,SAMN11523048
MS19017_Islet57_TCGTCCACAAACAGGC,13.988878,2.4478004,endothelial cell,SAMN11523048
MS19014_TCTACCGCAGCACACC,1.8422036,17.605953,pancreatic A cell,SAMN11523048
MS19014_CCGTAGGAGTCGAGGT,-4.9924803,3.3465297,pancreatic D cell,SAMN11523048
MS19017_Islet57_GTTGCGGAGAAGTGTT,1.4442322,18.72247,pancreatic A cell,SAMN11523048
MS19017_Islet57_AGGATAACAATTGCCA,2.7068713,6.684641,type B pancreatic cell,SAMN11523048
MS19014_AGGGTTTAGCCAGAGT,1.4685009,2.7431571,type B pancreatic cell,SAMN11523048
MS19017_Islet57_GGAGCAAGTCCGTACG,-5.2932715,4.0640836,pancreatic D cell,SAMN11523048
MS19014_TCATCCGCATGTGGTT,3.3384008,7.1187716,type B pancreatic cell,SAMN11523048
MS19016_Islet57_TCGGATAAGGCCTGCT,0.097903945,6.0369143,type B pancreatic cell,SAMN11523048
MS19014_TGCAGATTCTGTCCGT,4.9801965,16.260235,pancreatic A cell,SAMN11523048
MS19014_TCCTAATTCATGTCAG,1.3141755,-5.6921825,pancreatic ductal cell,SAMN11523048
MS19017_Islet57_CGAGGCTAGAGTCACG,-0.17998438,7.847169,type B pancreatic cell,SAMN11523048
MS19017_Islet57_AACAAAGGTTTCACTT,3.7692907,16.793266,pancreatic A cell,SAMN11523048
MS19014_GAAACCTTCCTATTTG,-3.2263625,-3.9586213,pancreatic acinar cell,SAMN11523048
MS19017_Islet57_CTGGACGGTTATCCAG,-2.48679,7.48191,type B pancreatic cell,SAMN11523048
MS19014_GTAACACGTAGCTGCC,4.159861,18.084011,pancreatic A cell,SAMN11523048
MS19014_GTCATCCCATGTTTGG,3.4301448,7.7056994,type B pancreatic cell,SAMN11523048
MS19014_ATGGAGGTCTGGAAGG,4.5303187,17.853825,pancreatic A cell,SAMN11523048
MS19014_ATGAAAGTCCGTAATG,-4.5582504,4.540788,pancreatic D cell,SAMN11523048
MS19014_TGCTTCGAGCATCCTA,1.8160001,18.340246,pancreatic A cell,SAMN11523048
MS19017_Islet57_GTACAACCACCTGATA,0.78018796,17.846994,pancreatic A cell,SAMN11523048
MS19014_TCACAAGTCCACCTGT,3.6012447,19.27747,pancreatic A cell,SAMN11523048
MS19017_Islet57_GCGGATCAGCGTGCTC,1.9725571,6.680201,type B pancreatic cell,SAMN11523048
MS19014_TCCTCGAAGACAACTA,12.170341,-2.343943,pancreatic stellate cell,SAMN11523048
MS19017_Islet57_GGTAACTCACTGAGTT,-5.057722,3.5477843,pancreatic D cell,SAMN11523048
MS19014_GTCCACTTCCCTAGGG,1.9190738,17.813066,pancreatic A cell,SAMN11523048
MS19014_GTTGTGATCATTGCCC,1.4815385,3.0298688,type B pancreatic cell,SAMN11523048
MS19016_Islet57_AGTTAGCGTGTAAACA,1.6182555,21.582563,pancreatic A cell,SAMN11523048
MS19014_CATCCCAAGATGACCG,-1.4447415,5.06669,type B pancreatic cell,SAMN11523048
MS19014_TTACGTTCATACACCA,1.4920346,5.0091333,type B pancreatic cell,SAMN11523048
MS19014_TTGGGTAAGGACAGCT,0.4504268,4.452546,type B pancreatic cell,SAMN11523048
MS19017_Islet57_ATTCTTGTCACCCATC,1.1081672,16.85394,pancreatic A cell,SAMN11523048
MS19016_Islet57_GTTTACTCACGTACTA,-2.748101,7.6921077,type B pancreatic cell,SAMN11523048
MS19014_CACATGAAGGCCCAAA,1.3538517,18.944466,pancreatic A cell,SAMN11523048
MS19014_TGAGTCATCAACTTTC,-5.4250216,4.5752964,pancreatic D cell,SAMN11523048
MS19014_TTAATCCGTCGCACGT,0.068647474,5.7465515,type B pancreatic cell,SAMN11523048
MS19014_TCAGCAACAGACCGCT,1.6783991,2.6376987,type B pancreatic cell,SAMN11523048
MS19014_CATCAAGGTCGCTTGG,2.7549593,19.03235,pancreatic A cell,SAMN11523048
MS19014_TGCTCCAGTCGCCTAG,5.2806206,19.681328,pancreatic A cell,SAMN11523048
MS19016_Islet57_GACGCTGGTCATCCCT,1.4761206,2.4332755,type B pancreatic cell,SAMN11523048
MS19014_AGAAGTACAAATTGCC,0.97429687,9.080305,type B pancreatic cell,SAMN11523048
MS19014_AAGCCATTCAACTTTC,0.22934815,6.1608686,type B pancreatic cell,SAMN11523048
MS19014_TACATTCGTTAACAGA,-1.1106297,7.8549714,type B pancreatic cell,SAMN11523048
MS19014_CGTTGGGTCCTACGAA,2.2385838,2.7640402,type B pancreatic cell,SAMN11523048
MS19017_Islet57_GTGTGGCGTGACTAAA,-5.338144,4.5862126,pancreatic D cell,SAMN11523048
MS19016_Islet57_TACGCTCCACACCTTC,0.9946189,9.192234,type B pancreatic cell,SAMN11523048
MS19017_Islet57_ACAAAGAGTTTGGAGG,2.1419892,20.306635,pancreatic A cell,SAMN11523048
MS19014_ACATCCCTCTACGGGC,1.1231226,9.59724,type B pancreatic cell,SAMN11523048
MS19017_Islet57_TGTCCACCAGGTAGTG,1.9364674,6.925561,type B pancreatic cell,SAMN11523048
MS19016_Islet57_AAGTCGTGTGGCGCTT,2.444546,7.194426,type B pancreatic cell,SAMN11523048
MS19016_Islet57_TCCAGAACACCGGAAA,3.8790102,5.130959,type B pancreatic cell,SAMN11523048
MS19014_ACCACAAGTATCGCGC,3.0421228,15.3174,pancreatic A cell,SAMN11523048
MS19014_ATCGTCCTCTCTCAAT,3.8186147,17.538849,pancreatic A cell,SAMN11523048
MS19016_Islet57_GTGCAGCCATCGTGCG,1.040674,4.168675,type B pancreatic cell,SAMN11523048
MS19016_Islet57_GTCAAGTTCTTCGTAT,2.9981782,18.403639,pancreatic A cell,SAMN11523048
MS19014_GAGACTTCATGAATAG,1.0457938,17.356709,pancreatic A cell,SAMN11523048
MS19017_Islet57_TCTGCCAAGGGCGAAG,3.7711487,17.74588,pancreatic A cell,SAMN11523048
MS19016_Islet57_AGACTCACACTGGAAG,-0.51684564,6.678181,type B pancreatic cell,SAMN11523048
MS19016_Islet57_GGTTAACCATGGCTAT,2.6614609,7.3834286,type B pancreatic cell,SAMN11523048
MS19016_Islet57_GCGGAAAAGGCGAACT,5.4967074,17.488874,pancreatic A cell,SAMN11523048
MS19014_CTCATCGGTACTCCCT,-1.3054347,5.3486567,type B pancreatic cell,SAMN11523048
MS19014_GGGTAGATCCAGCAAT,-2.4660845,4.573069,type B pancreatic cell,SAMN11523048
MS19017_Islet57_CAGATTGCAGAACTCT,1.727782,18.545444,pancreatic A cell,SAMN11523048
MS19014_CACGGGTTCCGAGTGC,12.389608,-2.3379672,pancreatic stellate cell,SAMN11523048
MS19016_Islet57_CTCCCAAAGCCAACCC,13.559944,2.4667058,endothelial cell,SAMN11523048
MS19014_CCACTTGCAAGAATGT,4.5269065,18.141014,pancreatic A cell,SAMN11523048
MS19016_Islet57_TGATGGTAGCGCTGCT,1.5929166,21.306894,pancreatic A cell,SAMN11523048
MS19017_Islet57_CCGCAAGCATCCTCAC,2.3365018,5.09411,type B pancreatic cell,SAMN11523048
MS19016_Islet57_GGGCTCACATACAGCT,-4.651151,5.265425,pancreatic D cell,SAMN11523048
MS19016_Islet57_TAACTTCCACGGCCAT,-0.54135734,7.887119,type B pancreatic cell,SAMN11523048
MS19014_TATTCCACAACTGCCG,1.8644303,21.25133,pancreatic A cell,SAMN11523048
MS19014_TCAATCTAGGACGCTA,2.531384,6.737186,type B pancreatic cell,SAMN11523048
MS19014_ACCATTTTCTATCGTT,0.06929173,6.2246075,type B pancreatic cell,SAMN11523048
MS19016_Islet57_TAGAGTCGTGCCTGCA,1.7710499,-4.312669,pancreatic ductal cell,SAMN11523048
MS19014_TTGTGTTAGTCTAGAA,-1.2089283,8.374091,type B pancreatic cell,SAMN11523048
MS19016_Islet57_TGTGATGAGGTATTGA,1.8137319,20.492746,pancreatic A cell,SAMN11523048
MS19016_Islet57_ATGATCGAGCAGTCTT,3.781195,17.889511,pancreatic A cell,SAMN11523048
MS19014_TTGGGCGGTATGTCCA,4.3368382,6.0072465,type B pancreatic cell,SAMN11523048
MS19014_TACGGGCGTCGTATGT,0.6879202,20.248688,pancreatic A cell,SAMN11523048
MS19014_CACGAATAGGGCTTCC,13.109042,-1.0788474,pancreatic stellate cell,SAMN11523048
MS19014_TATGTTCTCACGAACT,-1.7616905,6.8355274,type B pancreatic cell,SAMN11523048
MS19016_Islet57_GCGGAAATCCATCGTC,1.3388276,20.011024,pancreatic A cell,SAMN11523048
MS19016_Islet57_TCTTAGTCAAGTTGGG,-4.8578277,3.9069154,pancreatic D cell,SAMN11523048
MS19014_CTATCTACACACACTA,0.22140588,18.12405,pancreatic A cell,SAMN11523048
MS19014_GAGAGGTGTACGTAGG,13.117103,-2.3417716,pancreatic stellate cell,SAMN11523048
MS19017_Islet57_AAGTTCGTCATGGATC,-0.5685524,6.561814,type B pancreatic cell,SAMN11523048
MS19014_CGCATGGGTCAGGTAG,0.3763455,18.26955,pancreatic A cell,SAMN11523048
MS19014_TTGAACGAGAAACTCA,1.4148654,20.916271,pancreatic A cell,SAMN11523048
MS19014_GATCGTAGTGTAGTGG,4.384788,6.0141096,type B pancreatic cell,SAMN11523048
MS19016_Islet57_GTAGATCTCCAAGCTA,-0.7372279,8.418484,type B pancreatic cell,SAMN11523048
MS19016_Islet57_GAGTGAGTCTACCCAC,2.2505915,4.8669567,type B pancreatic cell,SAMN11523048
MS19016_Islet57_CAACCTCCACACTTAG,3.3098526,16.619898,pancreatic A cell,SAMN11523048
MS19014_GGATGTTCAATGCTCA,3.6048841,6.801095,type B pancreatic cell,SAMN11523048
MS19017_Islet57_ACGCACGAGCCAAGGT,3.1600351,17.307524,pancreatic A cell,SAMN11523048
MS19014_TGTAAGCGTGAGCAGT,1.1252015,18.75912,pancreatic A cell,SAMN11523048
MS19016_Islet57_AATTCCTAGACCACGA,-0.34105158,5.9795337,type B pancreatic cell,SAMN11523048
MS19017_Islet57_GGGATCCTCGAGAAGC,10.1256,8.680346,pancreatic PP cell,SAMN11523048
MS19016_Islet57_CTAAGTGGTGTGATGG,-0.09823408,6.7541423,type B pancreatic cell,SAMN11523048
MS19016_Islet57_ACACGCGAGGGTACAC,-1.8064485,7.4840837,type B pancreatic cell,SAMN11523048
MS19014_TATCCTACAGGAATCG,3.2557628,17.225193,pancreatic A cell,SAMN11523048
MS19017_Islet57_CACGGGTGTGGTCTAT,-5.2411866,4.3212004,pancreatic D cell,SAMN11523048
MS19014_CTCCCTCTCAGGAGAC,2.7508318,18.304861,pancreatic A cell,SAMN11523048
MS19017_Islet57_AGACCCGGTTGAGAGC,0.17529584,19.905132,pancreatic A cell,SAMN11523048
MS19014_TACACCCTCACGGACC,14.2513,2.8381276,endothelial cell,SAMN11523048
MS19017_Islet57_TCATTTGCACCATTCC,2.3834367,6.5386014,type B pancreatic cell,SAMN11523048
MS19014_TTCGATTTCGACGCTG,-5.364871,4.17505,pancreatic D cell,SAMN11523048
MS19014_ATCAGGTCAGAAGCTG,1.6159258,19.780516,pancreatic A cell,SAMN11523048
MS19016_Islet57_GTCACGGGTTTCCATT,0.04090316,6.831866,type B pancreatic cell,SAMN11523048
MS19014_CTACCCATCGTGGGTC,3.7428288,16.06997,pancreatic A cell,SAMN11523048
MS19017_Islet57_ATGAGGGTCGAGATGG,1.8673458,20.974913,pancreatic A cell,SAMN11523048
MS19016_Islet57_CGGACACAGACACACG,-0.72262716,6.4970255,type B pancreatic cell,SAMN11523048
MS19014_ATTCTTGGTTTACACG,1.3844043,2.3465219,type B pancreatic cell,SAMN11523048
MS19016_Islet57_CACTTCGTCCCATAAG,1.7389545,18.836397,pancreatic A cell,SAMN11523048
MS19016_Islet57_ATGGGTTTCCGTACGG,1.9633265,21.7792,pancreatic A cell,SAMN11523048
MS19014_ATACTTCTCCTTGACC,-0.6188441,7.648471,type B pancreatic cell,SAMN11523048
MS19016_Islet57_CTACATTTCTACACAG,10.660984,8.870146,pancreatic PP cell,SAMN11523048
MS19017_Islet57_GGTGAAGGTTCCTTGC,2.0370162,5.855158,type B pancreatic cell,SAMN11523048
MS19016_Islet57_GGCTTGGGTCTTACTT,-3.106924,8.849791,type B pancreatic cell,SAMN11523048
MS19017_Islet57_CTGCAGGGTTGACTAC,1.5260121,18.685503,pancreatic A cell,SAMN11523048
MS19014_TTTAGTCGTCCACAGC,3.892493,5.532362,type B pancreatic cell,SAMN11523048
MS19014_AGTCTCCAGCCTCACG,0.12447116,4.491258,type B pancreatic cell,SAMN11523048
MS19014_TAGGTTGAGCGGGTAT,-5.321063,3.816012,pancreatic D cell,SAMN11523048
MS19016_Islet57_CGACAGCTCTCATTGT,1.3305182,20.31788,pancreatic A cell,SAMN11523048
MS19016_Islet57_ACACTGACATATTCGG,1.6108105,20.951134,pancreatic A cell,SAMN11523048
MS19014_GATGTTGTCCATCTGC,2.854709,19.910805,pancreatic A cell,SAMN11523048
MS19016_Islet57_TTTCAGTCACCAAAGG,2.9623325,-4.338939,pancreatic ductal cell,SAMN11523048
MS19014_ATGGGAGTCTGTCAGA,0.17232062,3.7115026,type B pancreatic cell,SAMN11523048
MS19017_Islet57_GGGTTTAGTCTACACA,-10.95338,-0.9744278,leukocyte,SAMN11523048
MS19017_Islet57_GTCGAATTCCCAACTC,2.4315145,17.936579,pancreatic A cell,SAMN11523048
MS19014_TCTCCGACAGACCATT,1.122799,4.379778,type B pancreatic cell,SAMN11523048
MS19016_Islet57_CCTAAGACACTAGGTT,-0.4920703,6.813686,type B pancreatic cell,SAMN11523048
MS19014_GGAGATGCAATCGCGC,-1.5929028,7.9986987,type B pancreatic cell,SAMN11523048
MS19014_CAAAGAAGTAATACCC,-5.316329,3.1394868,pancreatic D cell,SAMN11523048
MS19017_Islet57_CACTTCGCACAACGCC,2.3145525,17.960653,pancreatic A cell,SAMN11523048
MS19014_TAACCAGCACTTGAGT,-1.3020294,7.39883,type B pancreatic cell,SAMN11523048
MS19014_CCTTTGGCATGATGCT,-0.65447855,6.8988404,type B pancreatic cell,SAMN11523048
MS19017_Islet57_CCCTAACGTAAGTCAA,-0.50007945,6.638241,type B pancreatic cell,SAMN11523048
MS19014_CTCATTAAGGCACCAA,2.1263688,3.7150562,type B pancreatic cell,SAMN11523048
MS19014_ACGTCCTAGAATTGTG,3.2082748,18.419218,pancreatic A cell,SAMN11523048
MS19017_Islet57_CGGAATTCATCCTGTC,2.6973217,20.70651,pancreatic A cell,SAMN11523048
MS19014_TGCTCGTTCTCGCCTA,2.0112686,19.765877,pancreatic A cell,SAMN11523048
MS19014_TACTTGTCAGCTTCCT,2.8876483,18.364286,pancreatic A cell,SAMN11523048
MS19014_TGGGCTGAGCCGATCC,-4.0393,4.688004,pancreatic D cell,SAMN11523048
MS19014_TTCGGTCGTGATTCTG,3.5746007,7.096898,type B pancreatic cell,SAMN11523048
MS19017_Islet57_TGACAGTAGTACGTCT,3.5243788,4.770283,type B pancreatic cell,SAMN11523048
MS19016_Islet57_TGCGACGCAGAGAATT,2.0975351,20.759228,pancreatic A cell,SAMN11523048
MS19014_CCGGGTACATCCTTGC,2.0447607,8.744494,type B pancreatic cell,SAMN11523048
MS19014_CGAGTGCTCCATTTCA,1.7315016,19.970274,pancreatic A cell,SAMN11523048
MS19016_Islet57_CATTGTTGTTCACCGG,4.2333097,5.738974,type B pancreatic cell,SAMN11523048
MS19014_GATGAGGTCGGCAGTC,3.206002,7.171666,type B pancreatic cell,SAMN11523048
MS19017_Islet57_CTAAGTGCACCAAAGG,3.7544634,17.98622,pancreatic A cell,SAMN11523048
MS19014_CAGTTCCCAGGACATG,2.424216,5.9278755,type B pancreatic cell,SAMN11523048
MS19014_ATTCCCGCACGGTGTC,4.226353,18.618603,pancreatic A cell,SAMN11523048
MS19017_Islet57_CTGAGCGGTATCAGCT,-1.7267032,7.580798,type B pancreatic cell,SAMN11523048
MS19016_Islet57_GACGCTGAGGATGCGT,2.3363807,19.542593,pancreatic A cell,SAMN11523048
MS19016_Islet57_CACGTTCTCCGCTTAC,2.2784631,18.469076,pancreatic A cell,SAMN11523048
MS19014_CAGCAGCGTGAGACCA,-4.293221,-4.060107,pancreatic acinar cell,SAMN11523048
MS19016_Islet57_GGTGTTATCGCGCTGA,0.93779933,6.091368,type B pancreatic cell,SAMN11523048
MS19014_GTCGTTCCATTCAGGT,2.7465842,19.128067,pancreatic A cell,SAMN11523048
MS19016_Islet57_TTGTGTTAGGGTGGGA,3.9034817,17.675446,pancreatic A cell,SAMN11523048
MS19016_Islet57_ACGGGTCAGGGACACT,3.4065843,18.937645,pancreatic A cell,SAMN11523048
MS19014_GCACGGTAGATACGAT,3.610727,6.690275,type B pancreatic cell,SAMN11523048
MS19016_Islet57_CAGAGCCAGGGAGAAT,3.6570804,18.22917,pancreatic A cell,SAMN11523048
MS19016_Islet57_GTGAGCCCAAGGTCTT,4.220174,17.539785,pancreatic A cell,SAMN11523048
MS19016_Islet57_CGAATTGAGCCGGAAT,1.4541419,5.1141148,type B pancreatic cell,SAMN11523048
MS19016_Islet57_ACAACCAGTGACACAG,-1.2779112,7.4331555,type B pancreatic cell,SAMN11523048
MS19014_CGAAGTTTCTTCACGC,2.16967,20.78405,pancreatic A cell,SAMN11523048
MS19014_TTCTAACCAAAGACGC,-0.84229344,8.386961,type B pancreatic cell,SAMN11523048
MS19014_ATCAGGTGTCGTCAGC,-0.20317616,3.2105734,type B pancreatic cell,SAMN11523048
MS19017_Islet57_TGATTTCAGGCCTGAA,4.019221,5.00211,type B pancreatic cell,SAMN11523048
MS19014_ATCGATGGTACAGAGC,2.0369196,7.6746125,type B pancreatic cell,SAMN11523048
MS19014_TCAAGCAAGATTACCC,-5.154734,5.0921407,pancreatic D cell,SAMN11523048
MS19014_AAGCGAGAGGAGAATG,-0.20440266,7.457364,type B pancreatic cell,SAMN11523048
MS19014_CTGTATTCAACACAGG,1.6009464,17.834276,pancreatic A cell,SAMN11523048
MS19014_AGTCAACCACATTCGA,1.167339,19.981867,pancreatic A cell,SAMN11523048
MS19016_Islet57_GACTGATAGACGCTCC,1.7310442,19.60011,pancreatic A cell,SAMN11523048
MS19017_Islet57_GTGCGTGGTTGTGTTG,1.2173545,5.3492937,type B pancreatic cell,SAMN11523048
MS19017_Islet57_ATCGCCTGTCTATGAC,2.2969174,18.745335,pancreatic A cell,SAMN11523048
MS19014_GGGCTACAGTGACACG,1.0456352,4.897672,type B pancreatic cell,SAMN11523048
MS19017_Islet57_GCGGATCGTGACTATC,1.9052495,18.323517,pancreatic A cell,SAMN11523048
MS19017_Islet57_GGCTGTGAGGCACTCC,2.831262,21.900684,pancreatic A cell,SAMN11523048
MS19014_GGGTTATGTTCGGGTC,0.6283981,19.710592,pancreatic A cell,SAMN11523048
MS19014_GACGCTGTCGGCACTG,2.5411875,18.215462,pancreatic A cell,SAMN11523048
MS19014_GCCCGAAAGGGCAGTT,3.541406,16.456491,pancreatic A cell,SAMN11523048
MS19014_AACTTCTGTGTAGGAC,1.2491755,19.181019,pancreatic A cell,SAMN11523048
MS19014_GTGTGGCTCCCTCGAT,-4.4743443,4.643724,pancreatic D cell,SAMN11523048
MS19014_GCTTCACTCGTTCGCT,13.859616,2.3091977,endothelial cell,SAMN11523048
MS19014_TGATGCAGTCACGCTG,2.0554085,5.3373666,type B pancreatic cell,SAMN11523048
MS19016_Islet57_GCTTGGGGTTGCCATA,0.9594476,20.86571,pancreatic A cell,SAMN11523048
MS19014_AGGCCACCATGACGTT,3.2568786,5.0260344,type B pancreatic cell,SAMN11523048
MS19014_AAGACTCTCGCAGTGC,0.74483263,4.7598896,type B pancreatic cell,SAMN11523048
MS19017_Islet57_CTACATTCACTGTGTA,1.7146225,17.010555,pancreatic A cell,SAMN11523048
MS19014_CAATTTCTCATCCTAT,-0.04433282,6.415187,type B pancreatic cell,SAMN11523048
MS19014_CAGATACAGCTAGTTC,13.592934,3.3637767,endothelial cell,SAMN11523048
MS19016_Islet57_TAGGAGGCACTACGGC,0.6495258,7.065491,type B pancreatic cell,SAMN11523048
MS19016_Islet57_GATGACTGTGCCGGTT,1.358866,4.0599766,type B pancreatic cell,SAMN11523048
MS19017_Islet57_CAGCCAGAGGAGAGGC,2.5592186,17.396112,pancreatic A cell,SAMN11523048
MS19017_Islet57_AGTCTCCTCTTTCAGT,0.028319241,18.668522,pancreatic A cell,SAMN11523048
MS19014_ACTGTCCAGCACACCC,-5.576416,4.098402,pancreatic D cell,SAMN11523048
MS19017_Islet57_AAGACTCGTTGCTCAA,-0.2514948,2.372664,type B pancreatic cell,SAMN11523048
MS19014_GTACAACGTCGTTTCC,0.31669864,5.0698557,type B pancreatic cell,SAMN11523048
MS19017_Islet57_GCAACATGTAGAGTTA,2.3443203,20.35443,pancreatic A cell,SAMN11523048
MS19016_Islet57_CACAACATCCCAGGAC,3.5141642,17.752293,pancreatic A cell,SAMN11523048
MS19014_TCGTAGATCAGCTTCC,0.7696065,17.6085,pancreatic A cell,SAMN11523048
MS19014_AAAGGTATCGCGTGAC,-5.154015,5.006202,pancreatic D cell,SAMN11523048
MS19014_ACGTCCTAGTCACAGG,-0.19662298,7.2532473,type B pancreatic cell,SAMN11523048
MS19014_TTAGTCTAGGCCACCT,2.8138552,7.3773823,type B pancreatic cell,SAMN11523048
MS19014_CGTGATATCTGTCTCG,1.0015935,8.812678,type B pancreatic cell,SAMN11523048
MS19017_Islet57_TCCCAGTGTAGCTGCC,0.86549056,5.722476,type B pancreatic cell,SAMN11523048
MS19014_CTTGAGAAGTACCCTA,0.84391963,18.975546,pancreatic A cell,SAMN11523048
MS19016_Islet57_CCATCACTCGTCAAAC,-0.40511078,6.2362623,type B pancreatic cell,SAMN11523048
MS19014_GATGAGGTCTCAGTCC,1.9236046,4.3227806,type B pancreatic cell,SAMN11523048
MS19016_Islet57_ACATGCACAGCAGTTT,2.309245,20.061834,pancreatic A cell,SAMN11523048
MS19016_Islet57_GCCCGAAAGCCTAACT,0.059843235,4.575148,type B pancreatic cell,SAMN11523048
MS19014_TACCGAACAGGATGAC,0.9802408,20.5038,pancreatic A cell,SAMN11523048
MS19014_TCCTAATCACGTCATA,3.2016294,18.142076,pancreatic A cell,SAMN11523048
MS19016_Islet57_TTCCTTCGTGCCTTCT,1.0763587,3.691395,type B pancreatic cell,SAMN11523048
MS19014_AGATGCTGTCCCGGTA,13.836657,3.1111717,endothelial cell,SAMN11523048
MS19014_AGCCAGCCATCGCTGG,-5.598159,3.7537236,pancreatic D cell,SAMN11523048
MS19016_Islet57_ATGCCTCCATGACTCA,1.9358021,6.3375554,type B pancreatic cell,SAMN11523048
MS19014_GCGTTTCGTACAAGTA,2.4321558,6.639147,type B pancreatic cell,SAMN11523048
MS19014_TTTCACAAGTTGTAAG,13.338972,-1.1201226,pancreatic stellate cell,SAMN11523048
MS19016_Islet57_CAGCACGCACACCTAA,2.163459,7.686856,type B pancreatic cell,SAMN11523048
MS19017_Islet57_GTGAGCCTCTCGCAGG,-0.43330356,5.4450994,type B pancreatic cell,SAMN11523048
MS19014_TCATTTGGTTGCCGCA,-4.567055,5.2872663,pancreatic D cell,SAMN11523048
MS19016_Islet57_TCCTGCAGTCGTCATA,11.193153,-0.122713245,pancreatic stellate cell,SAMN11523048
MS19016_Islet57_ATCACTTGTCCTACGG,0.80350626,8.53578,type B pancreatic cell,SAMN11523048
MS19017_Islet57_ACTACGATCGCTGATA,-0.68704224,6.385578,type B pancreatic cell,SAMN11523048
MS19017_Islet57_TGCCGAGAGTTTCAGC,-5.18618,4.239801,pancreatic D cell,SAMN11523048
MS19020_Islet59_TATCCTAAGGTAGATT,3.2964764,-5.6120973,pancreatic ductal cell,SAMN11633049
MS19021_Islet59_CTCAGTCCATAATCCG,4.2428775,16.223711,pancreatic A cell,SAMN11633049
MS19021_Islet59_GAGTGAGGTTCTCCTG,0.4687681,6.66905,type B pancreatic cell,SAMN11633049
MS19018_GTAATGCTCTGTCGCT,-4.832715,3.1659214,pancreatic D cell,SAMN11633049
MS19020_Islet59_CGGGTGTAGTGCTACT,2.884017,17.15777,pancreatic A cell,SAMN11633049
MS19020_Islet59_GACCAATTCCGTATAG,0.7489021,2.791104,type B pancreatic cell,SAMN11633049
MS19021_Islet59_AGTAGCTAGACAGCTG,2.2865772,-6.482225,pancreatic ductal cell,SAMN11633049
MS19018_GTTACAGTCGCCTCTA,0.94285387,19.801155,pancreatic A cell,SAMN11633049
MS19021_Islet59_TTTCATGTCATTCACT,1.228491,16.744156,pancreatic A cell,SAMN11633049
MS19018_TCCGAAAAGGCCCACT,0.12105435,-3.724357,pancreatic ductal cell,SAMN11633049
MS19021_Islet59_CTGGACGAGCGTGAAC,0.21552397,17.708185,pancreatic A cell,SAMN11633049
MS19018_TGGGCTGGTACCGCGT,-0.0031274294,2.3202195,type B pancreatic cell,SAMN11633049
MS19020_Islet59_TGCCGAGGTCCCTGTT,0.701927,6.447572,type B pancreatic cell,SAMN11633049
MS19020_Islet59_CGAGGAACATGAATCC,1.9632846,17.818163,pancreatic A cell,SAMN11633049
MS19021_Islet59_GAGCTGCGTACCGTGC,-0.54291445,-5.1871157,pancreatic ductal cell,SAMN11633049
MS19020_Islet59_TCATCATTCTGGTGGC,12.158722,-0.03245062,pancreatic stellate cell,SAMN11633049
MS19018_AGGTCTATCACTAGCA,0.3522669,1.771284,type B pancreatic cell,SAMN11633049
MS19018_TATTTCGTCCCAGGCA,10.159012,8.383009,pancreatic PP cell,SAMN11633049
MS19018_GATAGCTAGTAAACTG,14.747373,1.9223741,endothelial cell,SAMN11633049
MS19020_Islet59_CCTCTCCCATACCGTA,-0.09495207,-5.32758,pancreatic ductal cell,SAMN11633049
MS19018_ATGAGGGCAAGGGTCA,10.162609,8.431555,pancreatic PP cell,SAMN11633049
MS19018_TGAGCGCAGTCATGGG,2.5402262,-5.979843,pancreatic ductal cell,SAMN11633049
MS19018_TCCATCGAGCTAGAGC,1.7096237,7.301327,type B pancreatic cell,SAMN11633049
MS19018_TGTCCTGGTACCGCGT,1.487059,6.4680066,type B pancreatic cell,SAMN11633049
MS19020_Islet59_GGTGTCGGTGCATTTG,3.0041618,18.910856,pancreatic A cell,SAMN11633049
MS19018_GCATCTCCATGACTAC,0.70887244,-4.6408434,pancreatic ductal cell,SAMN11633049
MS19021_Islet59_TTTCACACACTTGTGA,-0.48779967,3.1705067,type B pancreatic cell,SAMN11633049
MS19021_Islet59_TCAAGACGTCAACATC,3.2642765,6.668071,type B pancreatic cell,SAMN11633049
MS19018_GCTTCACAGTCTAGCT,0.1954229,17.711744,pancreatic A cell,SAMN11633049
MS19018_TTTGGAGAGTCAGCCC,0.55794007,2.9877796,type B pancreatic cell,SAMN11633049
MS19018_CTACAGAAGTTGCCCG,0.33290532,7.2940016,type B pancreatic cell,SAMN11633049
MS19020_Islet59_CCGTTCACATGGGCAA,3.4144247,-4.530089,pancreatic ductal cell,SAMN11633049
MS19018_GGGAGTAGTGCTATTG,-2.1986773,4.880474,type B pancreatic cell,SAMN11633049
MS19018_TTCACGCAGCTTCATG,-2.1476092,3.906529,type B pancreatic cell,SAMN11633049
MS19018_CACGGGTCACTCCTGT,2.8321836,7.961175,type B pancreatic cell,SAMN11633049
MS19020_Islet59_TAGACCATCTTCTGGC,13.431715,-1.1655722,pancreatic stellate cell,SAMN11633049
MS19020_Islet59_ATTATCCAGCTTCGTA,-4.7147727,-3.7713974,pancreatic acinar cell,SAMN11633049
MS19021_Islet59_TCGTGCTGTGAGTAAT,-0.25683764,7.4820147,type B pancreatic cell,SAMN11633049
MS19021_Islet59_GTCATGACAATACCCA,2.4305406,7.0615783,type B pancreatic cell,SAMN11633049
MS19018_AAGAACAGTACTGACT,1.2645375,4.725538,type B pancreatic cell,SAMN11633049
MS19018_TTCACGCCAATAGTGA,-1.4228443,-5.339067,pancreatic ductal cell,SAMN11633049
MS19021_Islet59_CGAGAAGAGGCCTGAA,1.9751127,18.551838,pancreatic A cell,SAMN11633049
MS19018_CTCATGCAGGCCTAGA,-0.17577255,4.7522244,type B pancreatic cell,SAMN11633049
MS19020_Islet59_TTACCGCAGTCTCCTC,1.1883812,18.267363,pancreatic A cell,SAMN11633049
MS19021_Islet59_GGTTGTACATTACGGT,-2.331229,-3.8191311,pancreatic acinar cell,SAMN11633049
MS19018_CGCATAAAGGTCCCTG,-1.6059544,9.0206175,type B pancreatic cell,SAMN11633049
MS19021_Islet59_ACTTTGTTCGGTCGAC,2.337692,16.572489,pancreatic A cell,SAMN11633049
MS19018_AGACTCAGTCACCACG,2.8747303,19.960695,pancreatic A cell,SAMN11633049
MS19020_Islet59_ACAGGGAAGAGCAACC,1.603793,19.776375,pancreatic A cell,SAMN11633049
MS19018_CGGACACTCTCTTCAA,1.6753061,-5.910227,pancreatic ductal cell,SAMN11633049
MS19021_Islet59_TCGGATATCGCATTAG,14.803289,2.040853,endothelial cell,SAMN11633049
MS19018_TTCGGTCAGTATGAGT,0.18489368,4.5530186,type B pancreatic cell,SAMN11633049
MS19021_Islet59_AGTGATCCAGAGATGC,-0.6829967,5.9777374,type B pancreatic cell,SAMN11633049
MS19021_Islet59_GTTGTCCGTTCTCTCG,1.6298637,18.767467,pancreatic A cell,SAMN11633049
MS19021_Islet59_CGAGTTAAGTCCGCCA,4.266265,7.2207923,type B pancreatic cell,SAMN11633049
MS19020_Islet59_TCATTCAGTGTCCGTG,-5.9000463,-3.657411,pancreatic acinar cell,SAMN11633049
MS19018_TCGGTCTTCACTGGGC,1.529784,16.693861,pancreatic A cell,SAMN11633049
MS19021_Islet59_CGAAGTTCAAAGCAAT,14.408573,2.990547,endothelial cell,SAMN11633049
MS19021_Islet59_CACCGTTAGTCATCCA,6.0986977,16.226805,pancreatic A cell,SAMN11633049
MS19018_TTTCAGTCAATCGCGC,2.3782787,4.990156,type B pancreatic cell,SAMN11633049
MS19018_CTGTAGAAGATTAGAC,0.09320868,4.159182,type B pancreatic cell,SAMN11633049
MS19018_TGGTACATCGCCAGTG,0.017878907,6.242662,type B pancreatic cell,SAMN11633049
MS19021_Islet59_TGGGAAGTCTTACACT,3.5723093,-4.735372,pancreatic ductal cell,SAMN11633049
MS19021_Islet59_AAGTACCTCGAAGCCC,-0.18942188,5.5959783,type B pancreatic cell,SAMN11633049
MS19020_Islet59_AGTGCCGAGTCAGAGC,0.7265468,1.8588309,type B pancreatic cell,SAMN11633049
MS19021_Islet59_CTTCTCTGTATTGCCA,-0.06419009,1.9344282,type B pancreatic cell,SAMN11633049
MS19018_CACACAATCATGAAAG,1.7173722,7.8748355,type B pancreatic cell,SAMN11633049
MS19020_Islet59_GAACACTGTAGCGTAG,2.2713876,4.7225866,type B pancreatic cell,SAMN11633049
MS19018_TCGAAGTAGGCTGTAG,9.741058,8.625835,pancreatic PP cell,SAMN11633049
MS19020_Islet59_AGCGATTCAAGAGGCT,-10.895941,-1.1089933,leukocyte,SAMN11633049
MS19020_Islet59_CCGGTAGTCTCTGACC,1.4264003,16.802082,pancreatic A cell,SAMN11633049
MS19021_Islet59_CAGAGCCAGTCATACC,-1.0258565,9.757181,type B pancreatic cell,SAMN11633049
MS19018_GGAATGGCACGTGAGA,2.2781706,19.840162,pancreatic A cell,SAMN11633049
MS19021_Islet59_TCACGCTTCTTCCACG,0.08922004,17.812841,pancreatic A cell,SAMN11633049
MS19018_ACATGCAGTCAACACT,-1.2675594,6.272401,type B pancreatic cell,SAMN11633049
MS19018_GATGATCGTGGCTGCT,-4.704559,-3.292582,pancreatic acinar cell,SAMN11633049
MS19020_Islet59_CTTCCGAGTGTTACTG,-2.1852176,8.23719,type B pancreatic cell,SAMN11633049
MS19021_Islet59_AGGAGGTTCTAAGCCA,2.0024385,16.566484,pancreatic A cell,SAMN11633049
MS19020_Islet59_ATTCATCCATTGCTGA,1.1270018,17.226564,pancreatic A cell,SAMN11633049
MS19021_Islet59_CTGTCGTGTCTGTCAA,-3.7559495,-3.5586393,pancreatic acinar cell,SAMN11633049
MS19020_Islet59_TCCAGAACAAAGGATT,1.8198333,5.7701035,type B pancreatic cell,SAMN11633049
MS19021_Islet59_AGCTCAACAAACTCGT,-1.0200882,4.256381,type B pancreatic cell,SAMN11633049
MS19018_GCTGGGTCACTCTAGA,3.7073972,-5.247593,pancreatic ductal cell,SAMN11633049
MS19020_Islet59_CACCGTTGTGAGATTA,0.25594836,6.212177,type B pancreatic cell,SAMN11633049
MS19018_TCTGTCGGTAAGATAC,2.5056994,17.952074,pancreatic A cell,SAMN11633049
MS19018_GAGTTACCAAAGACTA,-1.486504,5.766811,type B pancreatic cell,SAMN11633049
MS19018_CGTCAAAGTTTCGTAG,3.0918646,3.1612592,type B pancreatic cell,SAMN11633049
MS19018_CCACGAGCACCTTCCA,-0.2544858,-3.679233,pancreatic ductal cell,SAMN11633049
MS19020_Islet59_AGAGCCCGTGTCTTGA,13.985502,3.1917043,endothelial cell,SAMN11633049
MS19020_Islet59_GACATCAAGGTGTGAC,0.5214844,5.993351,type B pancreatic cell,SAMN11633049
MS19018_GCATTAGTCGACTCCT,2.5518613,-5.5568566,pancreatic ductal cell,SAMN11633049
MS19021_Islet59_TCGGGACCAGTTTCGA,-0.0867363,6.6654,type B pancreatic cell,SAMN11633049
MS19021_Islet59_ACTGATGAGCGATGGT,-1.1190966,-5.331551,pancreatic ductal cell,SAMN11633049
MS19018_CTCCTCCGTGATGTAA,1.6707511,19.24045,pancreatic A cell,SAMN11633049
MS19020_Islet59_CTGTACCTCTACGGTA,-4.1364717,-3.4872565,pancreatic acinar cell,SAMN11633049
MS19018_GTTGCGGTCTGACCCT,0.5270979,6.6535487,type B pancreatic cell,SAMN11633049
MS19018_GATGATCCACGATAGG,-0.039097834,5.0897517,type B pancreatic cell,SAMN11633049
MS19018_ATGATCGTCTTTGCAT,0.32617465,6.624789,type B pancreatic cell,SAMN11633049
MS19020_Islet59_TTGGATGTCTCCGAGG,4.7368207,16.478056,pancreatic A cell,SAMN11633049
MS19020_Islet59_GAATCACCACATTCTT,-0.39063165,3.847275,type B pancreatic cell,SAMN11633049
MS19018_GTGGCGTCACGTATAC,-0.79391164,8.424125,type B pancreatic cell,SAMN11633049
MS19020_Islet59_ATTCTTGTCACTGTCC,2.3491943,18.218891,pancreatic A cell,SAMN11633049
MS19018_CGTGAATGTTGTCTAG,1.679931,5.297023,type B pancreatic cell,SAMN11633049
MS19020_Islet59_TACATTCTCATTTGGG,-0.013681316,2.4818575,type B pancreatic cell,SAMN11633049
MS19020_Islet59_TCAATCTGTGCTGATT,-4.419858,4.0113816,pancreatic D cell,SAMN11633049
MS19020_Islet59_TAGGTACAGAGAGTGA,3.0285017,-5.997368,pancreatic ductal cell,SAMN11633049
MS19018_TCGCACTGTGAGAACC,3.5485241,-4.861392,pancreatic ductal cell,SAMN11633049
MS19021_Islet59_CCGGTGATCGCACGAC,0.7207394,1.4122628,type B pancreatic cell,SAMN11633049
MS19021_Islet59_TACCCACGTGATCGTT,3.548969,-5.2568226,pancreatic ductal cell,SAMN11633049
MS19021_Islet59_GAAATGATCTGCGATA,-1.0119531,4.5181723,type B pancreatic cell,SAMN11633049
MS19018_ACGTTCCCAGATTCGT,-0.15907225,5.642562,type B pancreatic cell,SAMN11633049
MS19018_AAAGTCCAGGTAGGCT,2.2085183,19.082157,pancreatic A cell,SAMN11633049
MS19020_Islet59_TCCTCTTGTCCTTGTC,2.9569988,7.052109,type B pancreatic cell,SAMN11633049
MS19021_Islet59_TTGTTTGGTAGCGTTT,1.3248751,-5.6371408,pancreatic ductal cell,SAMN11633049
MS19021_Islet59_GGATCTAAGACGACGT,14.591317,2.5229805,endothelial cell,SAMN11633049
MS19020_Islet59_TGGTACAGTGACCGTC,-0.9438623,3.835314,type B pancreatic cell,SAMN11633049
MS19018_ACTTATCAGCAGGCAT,-4.498645,-2.9713345,pancreatic acinar cell,SAMN11633049
MS19020_Islet59_CGAGGAACAGGTCCGT,2.4956515,18.66405,pancreatic A cell,SAMN11633049
MS19021_Islet59_GAAGGGTTCCGCGAGT,2.1047857,3.5169725,type B pancreatic cell,SAMN11633049
MS19018_TTACAGGTCTAATTCC,3.9777827,-4.6671777,pancreatic ductal cell,SAMN11633049
MS19018_TGTAAGCGTAAGCGGT,-1.7475677,7.0689178,type B pancreatic cell,SAMN11633049
MS19020_Islet59_GACTTCCAGGGCAACT,-3.1044078,-4.0788946,pancreatic acinar cell,SAMN11633049
MS19021_Islet59_CTTGATTGTAGTCTTG,-3.141063,-3.8943217,pancreatic acinar cell,SAMN11633049
MS19018_CGACAGCTCGTAGTGT,14.698129,2.3291175,endothelial cell,SAMN11633049
MS19018_GGAGGATAGCGAGAAA,-0.009812493,-7.125151,pancreatic ductal cell,SAMN11633049
MS19020_Islet59_CAGATTGGTAGTCACT,12.969706,-1.4934869,pancreatic stellate cell,SAMN11633049
MS19018_CAATTTCTCATAGGCT,2.5130577,3.4838116,type B pancreatic cell,SAMN11633049
MS19020_Islet59_AAGTGAACAGCTGTTA,2.4131043,19.918703,pancreatic A cell,SAMN11633049
MS19018_TATCCTAAGGCTGAAC,14.826243,2.2416983,endothelial cell,SAMN11633049
MS19018_CAGTGCGAGCACACAG,14.644577,2.4564424,endothelial cell,SAMN11633049
MS19020_Islet59_CACTGGGTCGGCTGGT,-0.07907296,2.1231475,type B pancreatic cell,SAMN11633049
MS19018_TGAATCGCATTAGGCT,2.7425475,19.623898,pancreatic A cell,SAMN11633049
MS19018_GTGGAGAAGGCATTTC,3.1162274,7.287444,type B pancreatic cell,SAMN11633049
MS19018_GTAACCACAGCTGCCA,-1.7115974,6.261496,type B pancreatic cell,SAMN11633049
MS19018_GTTCTATTCATTTACC,0.5740959,5.5810223,type B pancreatic cell,SAMN11633049
MS19018_ACCCAAAGTGGCTACC,-1.3741682,6.768551,type B pancreatic cell,SAMN11633049
MS19018_TTTCATGCAAATTGCC,-0.02419009,4.0461183,type B pancreatic cell,SAMN11633049
MS19018_TGCTCCATCGCAATGT,-1.0909575,7.0155993,type B pancreatic cell,SAMN11633049
MS19021_Islet59_TCGGGTGTCGGAGTGA,1.9042312,17.211355,pancreatic A cell,SAMN11633049
MS19018_GGGTATTGTCCATAGT,-3.880315,-3.2035637,pancreatic acinar cell,SAMN11633049
MS19018_CGCCATTTCGACACTA,1.7841552,17.60423,pancreatic A cell,SAMN11633049
MS19018_TCAAGTGTCGAGTCCG,2.9953518,7.5975666,type B pancreatic cell,SAMN11633049
MS19020_Islet59_TCATTTGGTTTCGTAG,1.9983634,-4.8192377,pancreatic ductal cell,SAMN11633049
MS19020_Islet59_AATGGAAGTTGCAAGG,-0.07384716,-3.588545,pancreatic ductal cell,SAMN11633049
MS19020_Islet59_CCCAACTCAAGCGCTC,2.4014843,6.07344,type B pancreatic cell,SAMN11633049
MS19018_CATGCGGAGAGTCTTC,2.7802436,17.572296,pancreatic A cell,SAMN11633049
MS19018_GGAATCTTCTGAGTCA,0.32645142,-5.5248356,pancreatic ductal cell,SAMN11633049
MS19018_GATCACATCAGTCCGG,-0.014010652,5.226441,type B pancreatic cell,SAMN11633049
MS19018_TGGGTTAGTGCAGATG,1.7220472,7.91903,type B pancreatic cell,SAMN11633049
MS19020_Islet59_GCAACATCACCTCTGT,1.5232968,4.011706,type B pancreatic cell,SAMN11633049
MS19018_CCCTGATTCATATGGC,1.0378779,5.4583125,type B pancreatic cell,SAMN11633049
MS19021_Islet59_GAGTTACCAGACACAG,-0.93618184,2.913809,type B pancreatic cell,SAMN11633049
MS19020_Islet59_TGCTTCGCAGTCTACA,0.18898755,3.0772924,type B pancreatic cell,SAMN11633049
MS19018_GGGACCTGTCGCATGC,12.087776,-2.1720648,pancreatic stellate cell,SAMN11633049
MS19018_CTTCTCTTCATTACCT,-3.9490082,4.776649,type B pancreatic cell,SAMN11633049
MS19018_GGGACCTTCCATAGGT,1.621873,7.295225,type B pancreatic cell,SAMN11633049
MS19018_AGTCACAAGTCAATCC,4.676663,15.343117,pancreatic A cell,SAMN11633049
MS19020_Islet59_GTCTGTCCAGTTGTTG,0.37191784,5.986585,type B pancreatic cell,SAMN11633049
MS19018_TACCGAACAGGCATTT,12.715864,-2.214382,pancreatic stellate cell,SAMN11633049
MS19021_Islet59_TCCCATGGTGCTGTCG,0.7732517,2.6339512,type B pancreatic cell,SAMN11633049
MS19018_CTCATGCGTGAGATCG,12.518514,-1.7978965,pancreatic stellate cell,SAMN11633049
MS19018_TGTTGAGAGCTATCCA,0.6497598,1.6164751,type B pancreatic cell,SAMN11633049
MS19020_Islet59_ATCCGTCGTGATACTC,3.6996183,5.045056,type B pancreatic cell,SAMN11633049
MS19018_GTGTAACAGTCTAGCT,3.5639513,-4.8857307,pancreatic ductal cell,SAMN11633049
MS19018_AGAACCTCATCCAATG,0.7890807,9.1303005,type B pancreatic cell,SAMN11633049
MS19018_GGGATCCTCTCGGGAC,-0.2631893,3.4884517,type B pancreatic cell,SAMN11633049
MS19020_Islet59_TGCAGTACACGTGTGC,1.0945741,8.036036,type B pancreatic cell,SAMN11633049
MS19018_CTCGAGGGTGTATTGC,1.4096018,-5.837272,pancreatic ductal cell,SAMN11633049
MS19018_ACCAACATCCCTCATG,3.0032022,-5.4122977,pancreatic ductal cell,SAMN11633049
MS19020_Islet59_AGTAGTCCATAATCCG,3.1490324,16.127073,pancreatic A cell,SAMN11633049
MS19021_Islet59_TTTCATGGTCCGGTCA,1.8699465,3.576352,type B pancreatic cell,SAMN11633049
MS19021_Islet59_GACCCTTTCCGACATA,-4.6065774,-3.5313058,pancreatic acinar cell,SAMN11633049
MS19021_Islet59_TGACCCTGTTGCCTAA,-3.132672,-4.1850348,pancreatic acinar cell,SAMN11633049
MS19018_ACCTACCGTCGCACAC,0.58424103,7.5662208,type B pancreatic cell,SAMN11633049
MS19020_Islet59_TATCCTAGTTCCACGG,2.5673535,18.22926,pancreatic A cell,SAMN11633049
MS19021_Islet59_TACCGGGCAGGTGTGA,2.096159,18.192593,pancreatic A cell,SAMN11633049
MS19021_Islet59_CGGAGAACATGGCTAT,3.3440394,-5.477138,pancreatic ductal cell,SAMN11633049
MS19021_Islet59_ATGCCTCTCACTGATG,13.29705,-2.1557,pancreatic stellate cell,SAMN11633049
MS19020_Islet59_TTCTTGAGTGTTGATC,12.910258,-2.4555254,pancreatic stellate cell,SAMN11633049
MS19020_Islet59_ACGTTCCCACGACAGA,2.3284822,-6.334568,pancreatic ductal cell,SAMN11633049
MS19020_Islet59_CATGGTAAGGAACATT,-1.7662781,7.51025,type B pancreatic cell,SAMN11633049
MS19021_Islet59_GAAGGGTGTGACGCCT,0.20176572,3.1162784,type B pancreatic cell,SAMN11633049
MS19021_Islet59_TGGGATTGTTCGGCTG,0.072318316,6.286056,type B pancreatic cell,SAMN11633049
MS19018_ACCGTTCAGAATAACC,-3.3352494,-4.190699,pancreatic acinar cell,SAMN11633049
MS19018_CTTGAGATCGGCTGTG,3.6602175,18.319221,pancreatic A cell,SAMN11633049
MS19021_Islet59_GTGTCCTGTCGTACAT,3.2335765,-4.863358,pancreatic ductal cell,SAMN11633049
MS19018_AATGGCTCAGCACCCA,2.3980806,18.479916,pancreatic A cell,SAMN11633049
MS19020_Islet59_TTCCTCTTCCTTATAC,2.46525,19.394943,pancreatic A cell,SAMN11633049
MS19018_CTGGACGGTAGAGATT,0.3152418,6.6116824,type B pancreatic cell,SAMN11633049
MS19020_Islet59_CACAACACACCGCTAG,12.94263,-2.592404,pancreatic stellate cell,SAMN11633049
MS19021_Islet59_AATGACCGTGTATCCA,1.9342006,16.892242,pancreatic A cell,SAMN11633049
MS19020_Islet59_TGTCCTGGTTGAATCC,1.5242183,-5.0921607,pancreatic ductal cell,SAMN11633049
MS19018_CTCCGATAGCGCCTCA,0.57710296,7.3340435,type B pancreatic cell,SAMN11633049
MS19018_TGGGATTCAGTCTTCC,13.797884,2.1293595,endothelial cell,SAMN11633049
MS19018_CAGATTGTCGCGATCG,-1.6001226,5.471739,type B pancreatic cell,SAMN11633049
MS19018_TGATCTTCAACTGATC,1.6244965,7.6586113,type B pancreatic cell,SAMN11633049
MS19020_Islet59_AGAGAGCTCACGAGGA,3.865147,16.881565,pancreatic A cell,SAMN11633049
MS19021_Islet59_TTTGTTGTCTCATTGT,-3.2212777,-4.192935,pancreatic acinar cell,SAMN11633049
MS19018_AGACCCGGTCCAGCAC,1.0284865,4.3175416,type B pancreatic cell,SAMN11633049
MS19018_TTTCGATGTAGTGGCA,-10.591668,-0.98450494,leukocyte,SAMN11633049
MS19018_TGTTCTAGTATTCCTT,0.09672465,3.2462027,type B pancreatic cell,SAMN11633049
MS19018_GGGACAAAGGGTCAAC,2.7495909,18.904936,pancreatic A cell,SAMN11633049
MS19018_TCATGTTAGTATGGCG,-0.1732481,5.5353975,type B pancreatic cell,SAMN11633049
MS19021_Islet59_GTTGTCCTCTGCTCTG,14.366678,2.8014338,endothelial cell,SAMN11633049
MS19018_CCACCATCAACTCGTA,2.539159,2.7253141,type B pancreatic cell,SAMN11633049
MS19020_Islet59_CCTCCTCGTGAGACCA,2.6594384,4.2327747,type B pancreatic cell,SAMN11633049
MS19018_TACTGCCGTACCGTGC,1.6882882,20.163076,pancreatic A cell,SAMN11633049
MS19020_Islet59_AATGGCTAGCCTATCA,2.165422,8.543487,type B pancreatic cell,SAMN11633049
MS19021_Islet59_ACCGTTCAGGCTCAAG,-4.573179,-3.1238005,pancreatic acinar cell,SAMN11633049
MS19018_TCCACCACAATGTGGG,3.0966916,17.509245,pancreatic A cell,SAMN11633049
MS19018_TGCTCCAGTATTCCGA,9.93536,8.85596,pancreatic PP cell,SAMN11633049
MS19018_TTTGGAGGTCTTGAGT,13.729305,1.747104,pancreatic stellate cell,SAMN11633049
MS19020_Islet59_GTGCTTCGTTCGTACA,3.1983697,-4.688948,pancreatic ductal cell,SAMN11633049
MS19018_ACCAACAGTGTAGTGG,-1.0929208,3.4746664,type B pancreatic cell,SAMN11633049
MS19018_GCCATTCTCGCATGAT,0.4236849,5.1014733,type B pancreatic cell,SAMN11633049
MS19020_Islet59_GTTGCGGTCGCTGACG,3.2867157,18.816137,pancreatic A cell,SAMN11633049
MS19018_CGGGACTGTTGATGTC,-1.9041446,4.1987333,type B pancreatic cell,SAMN11633049
MS19018_GAGACCCAGCATGAAT,4.0100346,4.569452,type B pancreatic cell,SAMN11633049
MS19020_Islet59_CTCCTCCTCAACCTCC,-5.103486,4.2471647,pancreatic D cell,SAMN11633049
MS19020_Islet59_ACTGTCCTCCCGTGAG,0.3406551,8.124046,type B pancreatic cell,SAMN11633049
MS19021_Islet59_CTCCAACAGCCGATTT,0.051131193,7.1190143,type B pancreatic cell,SAMN11633049
MS19018_GCCAGTGGTTGTCCCT,1.9294845,-4.581216,pancreatic ductal cell,SAMN11633049
MS19021_Islet59_TTCTTGATCGTCTAAG,0.09201182,4.824815,type B pancreatic cell,SAMN11633049
MS19020_Islet59_TCATGGAGTCGTATGT,5.2487707,18.333225,pancreatic A cell,SAMN11633049
MS19018_CAACCAAGTGTGAATA,0.45305738,18.5914,pancreatic A cell,SAMN11633049
MS19020_Islet59_GGTGAAGTCCTTGAAG,0.10659382,1.7283293,type B pancreatic cell,SAMN11633049
MS19020_Islet59_GAATAGAGTACACGTT,1.4338063,20.31961,pancreatic A cell,SAMN11633049
MS19018_ATCCACCGTACGATGG,-0.03450391,3.4123418,type B pancreatic cell,SAMN11633049
MS19018_ATTATCCGTTGAGGAC,2.002778,6.035609,type B pancreatic cell,SAMN11633049
MS19021_Islet59_TGGGATTTCCCTTGGT,-1.5827595,7.57422,type B pancreatic cell,SAMN11633049
MS19018_TCCCACATCTCTCAAT,9.936263,8.524181,pancreatic PP cell,SAMN11633049
MS19018_CAGCACGTCTTCGACC,0.858095,5.8884172,type B pancreatic cell,SAMN11633049
MS19018_AAGTGAATCATTGCCC,3.1765256,-5.1129875,pancreatic ductal cell,SAMN11633049
MS19021_Islet59_TGCATCCGTATCAGGG,12.9496155,-2.6044798,pancreatic stellate cell,SAMN11633049
MS19018_CCCTCAAAGCGACAGT,1.51807,19.846518,pancreatic A cell,SAMN11633049
MS19020_Islet59_GCACGTGCAGACAAGC,9.634402,8.534662,pancreatic PP cell,SAMN11633049
MS19020_Islet59_TGCTTCGGTATCGAGG,0.38484806,3.4313254,type B pancreatic cell,SAMN11633049
MS19018_GTACAGTCAATGCAAA,3.5102806,17.90276,pancreatic A cell,SAMN11633049
MS19018_ATCGGCGAGGTAAGAG,-0.19551978,6.2252636,type B pancreatic cell,SAMN11633049
MS19018_TGGTGATGTGCTAGCC,-5.8218546,-3.415883,pancreatic acinar cell,SAMN11633049
MS19018_GTTATGGTCTGACGCG,3.1250298,-5.872113,pancreatic ductal cell,SAMN11633049
MS19018_GTTGCGGAGTGCTACT,-3.9729395,-3.2399476,pancreatic acinar cell,SAMN11633049
MS19018_TCACGCTCATGCACTA,-0.033572476,-6.8907504,pancreatic ductal cell,SAMN11633049
MS19018_CGTTCTGTCCCGTGTT,0.8492636,8.493633,type B pancreatic cell,SAMN11633049
MS19020_Islet59_TGCTGAAGTAGTATAG,4.957144,17.873508,pancreatic A cell,SAMN11633049
MS19018_GCAGCTGCAAATCGTC,3.8574088,-4.83893,pancreatic ductal cell,SAMN11633049
MS19020_Islet59_GTTCCGTTCCACAGGC,0.2003393,3.3250787,type B pancreatic cell,SAMN11633049
MS19018_TCACGGGTCCATCTGC,2.3125744,6.4002056,type B pancreatic cell,SAMN11633049
MS19020_Islet59_ATTCCCGCATAAGCAA,-2.8358574,-3.9330945,pancreatic acinar cell,SAMN11633049
MS19021_Islet59_GGTGGCTCATCATCTT,1.2887084,8.782863,type B pancreatic cell,SAMN11633049
MS19018_GTTGCTCCACCAGCCA,2.3603766,4.4576144,type B pancreatic cell,SAMN11633049
MS19021_Islet59_GATGACTCACGCTATA,1.7172817,19.555338,pancreatic A cell,SAMN11633049
MS19018_ATAGGCTAGCAGGCTA,3.5482185,4.351057,type B pancreatic cell,SAMN11633049
MS19021_Islet59_GTGCTGGTCCTGGTCT,2.1795928,-5.235368,pancreatic ductal cell,SAMN11633049
MS19018_ATCACAGAGTTGTACC,2.0933084,8.5401,type B pancreatic cell,SAMN11633049
MS19018_GATGTTGGTAGGATAT,0.4962593,4.8938465,type B pancreatic cell,SAMN11633049
MS19020_Islet59_CTACAGAGTCGCTGCA,4.150651,15.997012,pancreatic A cell,SAMN11633049
MS19020_Islet59_AGTGATCAGAGCTGCA,2.3955479,7.489517,type B pancreatic cell,SAMN11633049
MS19018_GGAATGGTCCTACGAA,-5.160822,2.9718304,pancreatic D cell,SAMN11633049
MS19021_Islet59_ATTCACTGTCATAAAG,2.5389435,6.6321545,type B pancreatic cell,SAMN11633049
MS19021_Islet59_CCCATTGTCGTTCTAT,2.5275204,5.9319024,type B pancreatic cell,SAMN11633049
MS19021_Islet59_TGAGGTTGTGATAGTA,-1.7282784,5.9981985,type B pancreatic cell,SAMN11633049
MS19018_GTCCACTAGGACAACC,9.810551,8.329081,pancreatic PP cell,SAMN11633049
MS19021_Islet59_TTGAACGTCGATTGAC,0.5953595,6.5747046,type B pancreatic cell,SAMN11633049
MS19018_CCTCACACAATGTGGG,1.0812155,-5.8477197,pancreatic ductal cell,SAMN11633049
MS19020_Islet59_TGCACGGGTCACTAGT,2.9015274,20.988955,pancreatic A cell,SAMN11633049
MS19018_GGTGAAGGTTGGGTTT,-0.24541107,5.517378,type B pancreatic cell,SAMN11633049
MS19020_Islet59_ATCACTTGTGATCATC,0.14884192,17.66555,pancreatic A cell,SAMN11633049
MS19018_TCTCCGATCACCCTCA,12.708615,-0.000698797,pancreatic stellate cell,SAMN11633049
MS19018_TCATGTTAGCCTTGAT,3.1028755,7.6114388,type B pancreatic cell,SAMN11633049
MS19020_Islet59_GTAGCTAGTCAAAGTA,1.1448293,-6.2790284,pancreatic ductal cell,SAMN11633049
MS19018_AAGCCATTCCAAAGGG,1.6043365,19.3025,pancreatic A cell,SAMN11633049
MS19018_CCTCCTCAGCCAAGCA,-1.2239945,4.486079,type B pancreatic cell,SAMN11633049
MS19018_TTGTTCATCCTATGGA,1.009792,17.625238,pancreatic A cell,SAMN11633049
MS19021_Islet59_TGTGAGTCAAGAGGCT,1.259927,7.9057894,type B pancreatic cell,SAMN11633049
MS19018_GTATTTCTCATTCATC,-0.8736156,4.9460974,type B pancreatic cell,SAMN11633049
MS19020_Islet59_TGTCAGATCGTTTACT,2.048147,6.081747,type B pancreatic cell,SAMN11633049
MS19021_Islet59_CTCCCTCCAGTAGATA,-0.7096894,2.6959615,type B pancreatic cell,SAMN11633049
MS19021_Islet59_TGTGAGTCATGCCATA,-1.2272136,-4.89587,pancreatic acinar cell,SAMN11633049
MS19021_Islet59_CTGCGAGTCAAATAGG,5.1931667,16.169743,pancreatic A cell,SAMN11633049
MS19020_Islet59_AGGACTTTCACGAACT,0.59124416,2.5662346,type B pancreatic cell,SAMN11633049
MS19018_CCCAACTGTTCTAACG,-0.8614247,5.426944,type B pancreatic cell,SAMN11633049
MS19018_GCACTAAGTTGCCGAC,-0.29910868,3.2898848,type B pancreatic cell,SAMN11633049
MS19018_CGAGTGCCAGGCCTGT,12.17043,-1.3070014,pancreatic stellate cell,SAMN11633049
MS19018_GATGGAGAGGAAAGGT,14.789199,1.8870199,endothelial cell,SAMN11633049
MS19021_Islet59_CCGGTGACAGACGATG,2.8657815,19.676516,pancreatic A cell,SAMN11633049
MS19021_Islet59_ACCACAAAGACTAAGT,2.057822,18.731705,pancreatic A cell,SAMN11633049
MS19021_Islet59_ATCCTATAGATGGCGT,-0.5666811,3.0296776,type B pancreatic cell,SAMN11633049
MS19018_GTTGTGATCGAGTCCG,4.921914,17.403227,pancreatic A cell,SAMN11633049
MS19018_GTGCTGGCAGCTATAC,-3.4009724,-3.6931076,pancreatic acinar cell,SAMN11633049
MS19018_TCAGGTACAAGTGCTT,0.9711198,8.931721,type B pancreatic cell,SAMN11633049
MS19021_Islet59_TCTCACGCAGTCGCTG,0.5677064,6.126032,type B pancreatic cell,SAMN11633049
MS19020_Islet59_GGAGAACGTGTAGTGG,1.6470904,17.243572,pancreatic A cell,SAMN11633049
MS19018_TCATCATCATGTGTCA,0.72237796,-5.196675,pancreatic ductal cell,SAMN11633049
MS19018_TACCGGGAGGTTCTTG,0.59694016,19.550037,pancreatic A cell,SAMN11633049
MS19018_GCCATTCGTACCGGCT,0.670242,-4.4043055,pancreatic ductal cell,SAMN11633049
MS19021_Islet59_CGATCGGAGTCAGCCC,-0.96497583,5.330383,type B pancreatic cell,SAMN11633049
MS19021_Islet59_GAGGGTACATCTCGTC,2.986682,17.704477,pancreatic A cell,SAMN11633049
MS19018_ATCAGGTTCATCACCC,0.07724126,6.378037,type B pancreatic cell,SAMN11633049
MS19020_Islet59_TCGCACTCACAATGAA,3.5931082,14.752063,type B pancreatic cell,SAMN11633049
MS19018_CGACAGCGTACCAATC,1.8899591,3.6265423,type B pancreatic cell,SAMN11633049
MS19020_Islet59_CAGGGCTCAGCAGTTT,-0.32271475,2.4075654,type B pancreatic cell,SAMN11633049
MS19021_Islet59_ACAGGGAGTCTTCGAA,1.6136407,8.069852,type B pancreatic cell,SAMN11633049
MS19018_ATGGAGGTCTTGTGCC,1.7051412,17.853569,pancreatic A cell,SAMN11633049
MS19018_TCCTCTTCATGCCATA,14.81495,2.6823843,endothelial cell,SAMN11633049
MS19020_Islet59_GGAGATGCAAAGCTCT,0.69718015,5.9561086,type B pancreatic cell,SAMN11633049
MS19020_Islet59_CGCGTGACAGACCTAT,-0.97841007,3.1646974,type B pancreatic cell,SAMN11633049
MS19018_AAGGTAAAGAAGAACG,2.362267,7.019795,type B pancreatic cell,SAMN11633049
MS19018_ATCCGTCTCACATTGG,2.7925026,21.022163,pancreatic A cell,SAMN11633049
MS19018_CCTCTAGCAATCGCCG,-3.603256,-2.9445095,pancreatic acinar cell,SAMN11633049
MS19018_CGTTAGATCTCGTCGT,0.8678576,3.3415768,type B pancreatic cell,SAMN11633049
MS19020_Islet59_AGATCCACAGTCAACT,-0.011507647,2.9293394,type B pancreatic cell,SAMN11633049
MS19018_GGAATCTGTTCCAGGC,0.37431523,3.0605428,type B pancreatic cell,SAMN11633049
MS19020_Islet59_TGAGACTCAAGGCAAC,1.340518,18.589916,pancreatic A cell,SAMN11633049
MS19018_ATATCCTTCTTGCAGA,13.123399,-1.7490233,pancreatic stellate cell,SAMN11633049
MS19020_Islet59_ATGTCTTCATCCTGTC,0.4211251,4.9488473,type B pancreatic cell,SAMN11633049
MS19020_Islet59_TGAGTCAAGTAAACAC,1.7113802,16.670902,pancreatic A cell,SAMN11633049
MS19020_Islet59_ATGTCTTGTGTTATCG,-3.2720025,-3.7506003,pancreatic acinar cell,SAMN11633049
MS19020_Islet59_CTGCTCAAGTGCAGGT,0.99701846,17.962927,pancreatic A cell,SAMN11633049
MS19018_CGATGGCAGCGTTGTT,-11.044976,-0.90609056,leukocyte,SAMN11633049
MS19018_CAATTTCTCTCGCCTA,1.7846301,19.176239,pancreatic A cell,SAMN11633049
MS19018_GGGTCACTCTGCAGCG,-1.0733612,5.8612766,type B pancreatic cell,SAMN11633049
MS19018_ATTACTCGTAGAGGAA,1.6295966,4.0816197,type B pancreatic cell,SAMN11633049
MS19020_Islet59_CCTCCAAGTGAACGGT,2.533824,20.157293,pancreatic A cell,SAMN11633049
MS19021_Islet59_TAGAGTCAGGACTGGT,-0.6306047,5.2069263,type B pancreatic cell,SAMN11633049
MS19018_ACAACCATCCATTGCC,-0.46988347,6.107348,type B pancreatic cell,SAMN11633049
MS19018_TCCTGCATCACAGTGT,2.9055254,16.16044,pancreatic A cell,SAMN11633049
MS19018_ATCCTATTCTGTAAGC,1.6671182,21.05275,pancreatic A cell,SAMN11633049
MS19018_TAGCACAGTTCGGTCG,1.7389722,16.56891,pancreatic A cell,SAMN11633049
MS19021_Islet59_TAAGCACGTGTGTTTG,0.006615933,3.909192,type B pancreatic cell,SAMN11633049
MS19018_TTGAGTGCACAGTCAT,3.1267183,-5.7600636,pancreatic ductal cell,SAMN11633049
MS19018_CATCGCTGTTCCCACT,-0.051720355,6.774482,type B pancreatic cell,SAMN11633049
MS19020_Islet59_TACGGGCGTGACTAAA,0.5586946,3.4991007,type B pancreatic cell,SAMN11633049
MS19020_Islet59_CCGATGGGTGTAGGAC,2.0160112,19.092718,pancreatic A cell,SAMN11633049
MS19021_Islet59_AGCTCAACATTCAGCA,1.5953413,6.361007,type B pancreatic cell,SAMN11633049
MS19018_TCGCTTGGTGACGTCC,2.7436094,17.947767,pancreatic A cell,SAMN11633049
MS19020_Islet59_ATGACCAAGTAGCCAG,4.019672,16.609644,pancreatic A cell,SAMN11633049
MS19021_Islet59_GAGACCCCAACGGTAG,-0.0011014185,2.2216496,type B pancreatic cell,SAMN11633049
MS19018_CCCGAAGTCAACACCA,3.4416766,-5.1652317,pancreatic ductal cell,SAMN11633049
MS19020_Islet59_AGCGCTGGTTGACTGT,1.7723414,6.512955,type B pancreatic cell,SAMN11633049
MS19021_Islet59_AGATGAACACACGGTC,1.9672481,20.31075,pancreatic A cell,SAMN11633049
MS19020_Islet59_TTCGGTCCATTGTACG,-10.762008,-0.7775262,leukocyte,SAMN11633049
MS19021_Islet59_AGATGAACACAAGTTC,1.4416035,3.1554403,type B pancreatic cell,SAMN11633049
MS19021_Islet59_TTACCGCTCTAATTCC,13.793086,2.069717,endothelial cell,SAMN11633049
MS19020_Islet59_CAGAGCCAGCATTGTC,2.9856935,19.671926,pancreatic A cell,SAMN11633049
MS19018_AAGTCGTGTATCCTCC,-0.49987215,9.1668,type B pancreatic cell,SAMN11633049
MS19018_GGACGTCCAAGAATGT,2.192747,-6.47953,pancreatic ductal cell,SAMN11633049
MS19020_Islet59_ACTGATGCATCCAACA,3.3438854,-4.8268166,pancreatic ductal cell,SAMN11633049
MS19018_GCCGATGTCCGGACTG,2.8970985,20.981478,pancreatic A cell,SAMN11633049
MS19018_ATCGTCCCATTGTGCA,3.1599536,6.0311565,type B pancreatic cell,SAMN11633049
MS19020_Islet59_CGAGGAAAGGTGCAGT,0.88776666,7.6740656,type B pancreatic cell,SAMN11633049
MS19018_GTATTGGTCGAGCACC,-0.7802633,-4.963373,pancreatic ductal cell,SAMN11633049
MS19021_Islet59_AGTACTGGTCTGTGGC,1.5622056,8.566777,type B pancreatic cell,SAMN11633049
MS19018_TCATCCGCAGCAGATG,0.33441457,5.600521,type B pancreatic cell,SAMN11633049
MS19018_AGCCACGAGGTTGGAC,14.018923,2.1687863,pancreatic stellate cell,SAMN11633049
MS19018_GGGTCTGTCCACGTGG,-0.7896582,2.8789456,type B pancreatic cell,SAMN11633049
MS19021_Islet59_GGTAATCTCCGGCAGT,-0.17653319,-3.5439079,pancreatic ductal cell,SAMN11633049
MS19021_Islet59_GACCTTCGTCGAGCTC,12.362197,-2.370341,pancreatic stellate cell,SAMN11633049
MS19018_TACCTCGTCCGGCTTT,3.4834597,-5.097098,pancreatic ductal cell,SAMN11633049
MS19021_Islet59_TGAACGTCAGCATTGT,2.3881707,16.322496,pancreatic A cell,SAMN11633049
MS19018_CGAAGTTCACAATGCT,3.0622444,19.298666,pancreatic A cell,SAMN11633049
MS19021_Islet59_GTCACGGCACAAATCC,-1.1785636,-5.4609575,pancreatic ductal cell,SAMN11633049
MS19018_CACGTGGGTGATAGTA,0.5492263,6.0946727,type B pancreatic cell,SAMN11633049
MS19021_Islet59_TATTTCGTCCCGAGTG,3.4041882,4.9194007,type B pancreatic cell,SAMN11633049
MS19018_CAATTTCGTGGTTTAC,0.75719345,1.6007866,type B pancreatic cell,SAMN11633049
MS19018_GATGCTAAGCGACTAG,1.6336282,19.235897,pancreatic A cell,SAMN11633049
MS19018_ACGGTTAGTGTGGTCC,-1.2329153,7.6013093,type B pancreatic cell,SAMN11633049
MS19020_Islet59_CGAGAAGGTCCTCCAT,-0.0065948567,6.4669676,type B pancreatic cell,SAMN11633049
MS19018_CACGTGGCACAATTCG,-10.844196,-0.9861145,leukocyte,SAMN11633049
MS19018_ATGGGAGAGATACATG,2.7125766,4.898939,type B pancreatic cell,SAMN11633049
MS19021_Islet59_TGGGATTAGCAGGCAT,0.23068099,7.9176836,type B pancreatic cell,SAMN11633049
MS19021_Islet59_TATTGCTAGATGTTGA,0.17695527,17.938627,pancreatic A cell,SAMN11633049
MS19018_CCATCACGTTCAATCG,13.124501,1.0524615,pancreatic stellate cell,SAMN11633049
MS19021_Islet59_CGAGGAAAGCTAATGA,1.3927109,18.027405,pancreatic A cell,SAMN11633049
MS19018_ATGGATCTCGTAACAC,0.116103224,-6.105326,pancreatic ductal cell,SAMN11633049
MS19018_CTCTCAGAGATGGTCG,3.649131,-5.2170696,pancreatic ductal cell,SAMN11633049
MS19020_Islet59_CTCAGGGGTGCACATT,-5.116638,-4.238598,pancreatic acinar cell,SAMN11633049
MS19020_Islet59_GCTTTCGAGGGACTGT,3.5310879,-4.8158517,pancreatic ductal cell,SAMN11633049
MS19020_Islet59_CATCGCTTCGCCTAGG,1.8141727,20.115389,pancreatic A cell,SAMN11633049
MS19018_AGGACGAAGTGGATTA,0.48731664,3.190031,type B pancreatic cell,SAMN11633049
MS19020_Islet59_CGGAATTAGCCTAGGA,1.9817808,17.288858,pancreatic A cell,SAMN11633049
MS19018_TGTGAGTGTCCTGGGT,1.7080163,19.410727,pancreatic A cell,SAMN11633049
MS19020_Islet59_CCGGGTATCTGACGCG,3.1484003,-4.7102513,pancreatic ductal cell,SAMN11633049
MS19018_AGACAAAGTGCATCTA,-4.352678,-3.6898842,pancreatic acinar cell,SAMN11633049
MS19018_GACGTTATCGGAGCAA,3.4976008,18.930172,pancreatic A cell,SAMN11633049
MS19020_Islet59_TGTGAGTTCCATAAGC,-0.18797943,3.1048667,type B pancreatic cell,SAMN11633049
MS19020_Islet59_TCGGTCTTCCGTTTCG,2.8737986,-5.4955826,pancreatic ductal cell,SAMN11633049
MS19018_TTCATTGGTACGTACT,14.415048,2.3534484,endothelial cell,SAMN11633049
MS19020_Islet59_ACGATCAAGAATAACC,4.004682,6.5874104,type B pancreatic cell,SAMN11633049
MS19021_Islet59_GACTTCCAGAAACCCG,-1.0528759,-5.4900594,pancreatic ductal cell,SAMN11633049
MS19018_CTGCTCACAGGTTTAC,-1.267285,4.258781,type B pancreatic cell,SAMN11633049
MS19018_AAAGTGAAGGTTGTTC,-0.763359,7.80248,type B pancreatic cell,SAMN11633049
MS19020_Islet59_GAGGGTAGTTTCAGAC,0.6541677,3.909648,type B pancreatic cell,SAMN11633049
MS19018_GCACGGTCACGACAGA,2.7743006,19.743313,pancreatic A cell,SAMN11633049
MS19020_Islet59_AGTAACCAGTGCGACA,14.797465,2.3321915,endothelial cell,SAMN11633049
MS19020_Islet59_CTCAATTTCATGTCAG,1.0686306,6.3678956,type B pancreatic cell,SAMN11633049
MS19018_GTTGTGAGTACTGACT,1.1909856,19.214197,pancreatic A cell,SAMN11633049
MS19020_Islet59_TTCACCGAGATGAATC,13.542968,2.8617625,endothelial cell,SAMN11633049
MS19020_Islet59_ATGGATCTCCCAAGTA,2.1740048,18.363165,pancreatic A cell,SAMN11633049
MS19018_ACTTCCGCACAGCGCT,3.8004034,6.5577993,type B pancreatic cell,SAMN11633049
MS19018_CAGATACCAACTCCCT,2.7620358,-5.737548,pancreatic ductal cell,SAMN11633049
MS19021_Islet59_TATCCTATCTGGTTGA,-2.1695664,9.262992,type B pancreatic cell,SAMN11633049
MS19018_AGGTCATCAGAACTTC,2.068775,16.737448,pancreatic A cell,SAMN11633049
MS19021_Islet59_TGTCCACGTTGGGTAG,1.2267607,17.660744,pancreatic A cell,SAMN11633049
MS19018_GCGGATCCACTGTTCC,1.3214198,6.619698,type B pancreatic cell,SAMN11633049
MS19018_TGCTCCACACGCTGTG,0.90157986,2.9035404,type B pancreatic cell,SAMN11633049
MS19020_Islet59_CACCGTTAGATGAACT,10.326151,8.628114,pancreatic PP cell,SAMN11633049
MS19018_TACCTGCAGTCATGCT,0.40459883,8.02483,type B pancreatic cell,SAMN11633049
MS19020_Islet59_CTGAGGCCACAAATGA,4.166147,4.880731,type B pancreatic cell,SAMN11633049
MS19021_Islet59_AGACCCGTCTTAATCC,2.0022151,8.517472,type B pancreatic cell,SAMN11633049
MS19018_TTGAACGGTCAACCAT,0.3568074,4.6175857,type B pancreatic cell,SAMN11633049
MS19020_Islet59_CCACACTTCGCTAAAC,4.8403654,15.888108,pancreatic A cell,SAMN11633049
MS19021_Islet59_TCTCAGCAGCAGCCCT,1.7119714,17.140625,pancreatic A cell,SAMN11633049
MS19018_CATGGATGTCTGATAC,3.746408,16.818087,pancreatic A cell,SAMN11633049
MS19018_ATGGGTTCACTGTCGG,2.5176015,16.06093,pancreatic A cell,SAMN11633049
MS19021_Islet59_CCTCAGTCATTCTGTT,3.4818761,6.863669,type B pancreatic cell,SAMN11633049
MS19020_Islet59_GTTCCGTTCTAGAGCT,0.36851534,7.495282,type B pancreatic cell,SAMN11633049
MS19018_AAACGAAGTGGCTTGC,2.3456414,7.772668,type B pancreatic cell,SAMN11633049
MS19018_AGCCACGCACTTCAGA,9.746483,8.697994,pancreatic PP cell,SAMN11633049
MS19020_Islet59_TCCACCAAGGGACCAT,-0.56383896,-6.493498,pancreatic ductal cell,SAMN11633049
MS19021_Islet59_CTTGATTAGAGCCATG,0.9331512,5.949259,type B pancreatic cell,SAMN11633049
MS19018_TTGTTGTTCGGTGAAG,1.267787,19.897415,pancreatic A cell,SAMN11633049
MS19020_Islet59_AGTCATGTCGGTCAGC,-0.3357907,5.573419,type B pancreatic cell,SAMN11633049
MS19018_GCTTTCGCAGGTGTTT,2.316209,8.401777,type B pancreatic cell,SAMN11633049
MS19020_Islet59_CATCCACAGCAGCCCT,-1.5522376,7.0698714,type B pancreatic cell,SAMN11633049
MS19020_Islet59_ATCCCTGTCGACCTAA,-2.483982,8.4090805,type B pancreatic cell,SAMN11633049
MS19021_Islet59_TCTATACCAGAAATTG,0.37875366,2.1367126,type B pancreatic cell,SAMN11633049
MS19021_Islet59_TGCATCCTCAGAATAG,14.843766,1.9297434,endothelial cell,SAMN11633049
MS19021_Islet59_TTGAACGTCGATACAC,0.07129407,6.2988353,type B pancreatic cell,SAMN11633049
MS19020_Islet59_TAGACTGCATGACAGG,-1.3765728,6.4881,type B pancreatic cell,SAMN11633049
MS19018_TCGAACAAGCGATTCT,1.9423528,17.985027,pancreatic A cell,SAMN11633049
MS19018_TTTGGTTTCGTAACAC,12.572293,-2.2011943,pancreatic stellate cell,SAMN11633049
MS19018_TCTCAGCCATCGATAC,2.1480207,20.880539,pancreatic A cell,SAMN11633049
MS19018_TCCTCCCCAACCGGAA,2.2961237,5.756693,type B pancreatic cell,SAMN11633049
MS19021_Islet59_TTGGGTAGTCCAAGAG,0.35198632,6.2411447,type B pancreatic cell,SAMN11633049
MS19018_ATCCACCTCTGTCAGA,3.5500627,7.5311136,type B pancreatic cell,SAMN11633049
MS19020_Islet59_CTACGGGAGGTCATCT,1.8455043,-5.4958525,pancreatic ductal cell,SAMN11633049
MS19018_TGCGGCATCCCGAACG,-4.929369,-4.2409806,pancreatic acinar cell,SAMN11633049
MS19021_Islet59_GGAGATGCAGATCATC,-1.7764848,7.5984874,type B pancreatic cell,SAMN11633049
MS19018_GCTCAAAGTGCCTTTC,3.6118577,-4.6997814,pancreatic ductal cell,SAMN11633049
MS19018_GAGTCATCAGCATTGT,-0.815148,7.851392,type B pancreatic cell,SAMN11633049
MS19018_GATGCTACACTCTGCT,3.0505083,6.7568245,type B pancreatic cell,SAMN11633049
MS19018_GTTGTCCCAATTGTGC,-2.5632143,7.5949726,type B pancreatic cell,SAMN11633049
MS19020_Islet59_CAACAGTGTGAGTCAG,0.0413142,5.1741724,type B pancreatic cell,SAMN11633049
MS19018_ACCCTCAAGAAGTCCG,2.955141,6.6114297,type B pancreatic cell,SAMN11633049
MS19018_CCTCACACACGGGCTT,14.8337555,1.9987019,endothelial cell,SAMN11633049
MS19020_Islet59_GGGTATTAGTAGTGCG,1.3433121,20.596928,pancreatic A cell,SAMN11633049
MS19021_Islet59_CTCACTGAGAGTCTTC,-0.6621093,-6.4117727,pancreatic ductal cell,SAMN11633049
MS19018_ATGGTTGAGAGCCATG,0.063553214,6.8191094,type B pancreatic cell,SAMN11633049
MS19021_Islet59_ACCTGTCAGATACTGA,12.33808,0.23671682,pancreatic stellate cell,SAMN11633049
MS19018_TCATGCCCAGCGTTTA,-0.06582879,3.0625494,type B pancreatic cell,SAMN11633049
MS19020_Islet59_GGTAGAGAGCGAGGAG,-3.3971498,-3.455074,pancreatic acinar cell,SAMN11633049
MS19018_AAGTCGTGTATCCCTC,0.08651753,3.1579123,type B pancreatic cell,SAMN11633049
MS19020_Islet59_GGGAAGTTCGGCTGGT,2.2048862,-6.356718,pancreatic ductal cell,SAMN11633049
MS19018_GTGGAGACAGTGACCC,0.1816049,5.253089,type B pancreatic cell,SAMN11633049
MS19018_GATGACTAGCGGTAAC,-4.5684257,-3.2950103,pancreatic acinar cell,SAMN11633049
MS19018_TGCTGAAGTCGCCACA,2.4427757,-6.3611226,pancreatic ductal cell,SAMN11633049
MS19021_Islet59_GTCTTTACACATTACG,0.8903918,-5.5540767,pancreatic ductal cell,SAMN11633049
MS19018_TCGACGGGTTCTCACC,3.2872138,19.278913,pancreatic A cell,SAMN11633049
MS19021_Islet59_GGGTCACAGCTGCCTG,0.8329169,6.053975,type B pancreatic cell,SAMN11633049
MS19018_AACAGGGCATACATCG,14.7769,2.143538,endothelial cell,SAMN11633049
MS19021_Islet59_CTTCTCTAGAGCATCG,1.4553283,4.565732,type B pancreatic cell,SAMN11633049
MS19018_AGATGCTAGGCACAAC,0.22978956,9.496902,type B pancreatic cell,SAMN11633049
MS19018_CGGGTGTCAGTCAACT,12.100911,-2.00625,pancreatic stellate cell,SAMN11633049
MS19021_Islet59_TCACTATGTGGAGGTT,2.4503634,20.624039,pancreatic A cell,SAMN11633049
MS19020_Islet59_TTGTTCACAGTCTACA,1.4870615,4.227199,type B pancreatic cell,SAMN11633049
MS19020_Islet59_AGAACCTGTTGGCCGT,-3.758801,3.685092,pancreatic D cell,SAMN11633049
MS19018_CAGATTGTCTTCTAAC,3.4020073,17.26729,pancreatic A cell,SAMN11633049
MS19018_GGGAGATAGATCCCGC,13.240718,-2.1329412,pancreatic stellate cell,SAMN11633049
MS19020_Islet59_CGCGTGACAACTCGTA,-0.12949443,2.2786214,type B pancreatic cell,SAMN11633049
MS19020_Islet59_TATTGCTGTCTTCAAG,0.9442032,17.760492,pancreatic A cell,SAMN11633049
MS19021_Islet59_CTCCTTTCAGGTACGA,3.2396555,-5.755375,pancreatic ductal cell,SAMN11633049
MS19018_GTAGAAAAGCCGGAAT,0.50137055,7.5350223,type B pancreatic cell,SAMN11633049
MS19021_Islet59_CACGTTCAGGGAGTGG,4.808747,18.952126,pancreatic A cell,SAMN11633049
MS19020_Islet59_AGGAGGTGTGTTACTG,3.3952448,19.53824,pancreatic A cell,SAMN11633049
MS19020_Islet59_GAGGGATGTGACCTGC,1.6924884,17.889677,pancreatic A cell,SAMN11633049
MS19021_Islet59_ACGTACAAGTCGAAAT,-4.3768287,-3.660742,pancreatic acinar cell,SAMN11633049
MS19020_Islet59_ATTTACCAGACGCTCC,0.21238938,-3.7697513,pancreatic ductal cell,SAMN11633049
MS19021_Islet59_CATGCCTCACCAGACC,2.1022243,5.643899,type B pancreatic cell,SAMN11633049
MS19018_TTCTCTCGTTAAGAAC,-2.9706137,-4.203646,pancreatic acinar cell,SAMN11633049
MS19018_TCCAGAAAGGACTAAT,4.651589,21.455427,pancreatic A cell,SAMN11633049
MS19021_Islet59_TCATATCGTGGGCTTC,2.5465662,16.198042,pancreatic A cell,SAMN11633049
MS19021_Islet59_TACTGCCAGCTCTGTA,-0.16874108,6.9460516,type B pancreatic cell,SAMN11633049
MS19018_CTACATTTCCTACACC,1.852513,20.682013,pancreatic A cell,SAMN11633049
MS19018_CAATCGATCCTTCTTC,-0.3344152,4.7229433,type B pancreatic cell,SAMN11633049
MS19021_Islet59_TCCGGGAAGCGTTCAT,2.382976,19.243917,pancreatic A cell,SAMN11633049
MS19018_AGTAGCTAGTGATGGC,4.09542,6.927427,type B pancreatic cell,SAMN11633049
MS19021_Islet59_TTACCGCTCTCATTAC,0.86892533,3.5475404,type B pancreatic cell,SAMN11633049
MS19020_Islet59_ATTTCACGTTACACAC,1.3315356,3.1000488,type B pancreatic cell,SAMN11633049
MS19020_Islet59_GTCTAGAGTGATGGCA,2.2740157,-5.842417,pancreatic ductal cell,SAMN11633049
MS19018_GAAGGACCAGTGTATC,2.6334777,-5.997762,pancreatic ductal cell,SAMN11633049
MS19021_Islet59_GAGAGGTTCCAAGCTA,10.176909,7.9256916,pancreatic PP cell,SAMN11633049
MS19021_Islet59_TCGCTTGTCTGGGCCA,3.5936792,21.129099,pancreatic A cell,SAMN11633049
MS19018_GTGTCCTAGGGACTGT,-1.0896854,4.142037,type B pancreatic cell,SAMN11633049
MS19018_AACCACAGTTAAGGAT,2.3796537,19.910664,pancreatic A cell,SAMN11633049
MS19021_Islet59_CGCCAGATCATGAGTC,-0.96017474,6.466881,type B pancreatic cell,SAMN11633049
MS19020_Islet59_AACAAGATCAGACCGC,-4.6200867,-3.7757044,pancreatic acinar cell,SAMN11633049
MS19018_CATTCTACATTGAAAG,-0.1878311,2.9282389,type B pancreatic cell,SAMN11633049
MS19018_ACATCCCCATCGTGGC,-0.20862933,5.0602727,type B pancreatic cell,SAMN11633049
MS19021_Islet59_TCCACCATCCATAGGT,2.7694292,18.217659,pancreatic A cell,SAMN11633049
MS19022_TTCCTCTAGAGTGAAG,2.309659,-4.5106263,pancreatic ductal cell,SAMN11864195
MS19022_CAGCACGCATAATCGC,0.7299145,3.3902194,type B pancreatic cell,SAMN11864195
MS19022_TCTCAGCGTCCCTAAA,1.8009541,4.1179466,type B pancreatic cell,SAMN11864195
MS19022_CGTTCTGTCATTGCTT,1.090269,3.2626357,type B pancreatic cell,SAMN11864195
MS19022_AGACACTTCCGATCGG,1.8471972,-5.836569,pancreatic ductal cell,SAMN11864195
MS19022_CGTCAAAGTTCGGTTA,1.6645699,-4.8025236,pancreatic ductal cell,SAMN11864195
MS19022_AGGACTTCATAACAGA,0.75241953,20.065426,pancreatic A cell,SAMN11864195
MS19022_AGCGATTGTACCGTCG,-0.8251798,4.9277368,type B pancreatic cell,SAMN11864195
MS19022_CACTGAATCGCTAAAC,0.672551,7.975742,type B pancreatic cell,SAMN11864195
MS19022_TCATTACGTAGCTGTT,1.0141368,7.4634943,type B pancreatic cell,SAMN11864195
MS19022_TCCTAATAGGAGGCAG,0.9876412,3.392115,type B pancreatic cell,SAMN11864195
MS19022_TCACTCGCAATAACGA,-5.4250426,-1.8444868,pancreatic acinar cell,SAMN11864195
MS19022_CATAGACGTGCTCTTC,3.8322244,18.165546,pancreatic A cell,SAMN11864195
MS19022_ACTGCAATCACTCACC,-4.992547,-2.5138557,pancreatic acinar cell,SAMN11864195
MS19022_AGTACTGGTCGGAAAC,2.616089,19.928968,pancreatic A cell,SAMN11864195
MS19022_GCAGTTAGTATGCGTT,3.883537,6.6701603,type B pancreatic cell,SAMN11864195
MS19022_CGAGGCTAGAAATCCA,-0.76922095,2.7867477,type B pancreatic cell,SAMN11864195
MS19022_GACTTCCAGCTGAAAT,-0.073857866,6.893723,type B pancreatic cell,SAMN11864195
MS19022_CCCATTGCATTGCCGG,-0.16623631,5.5791626,type B pancreatic cell,SAMN11864195
MS19022_CCTAACCGTCGAAGCA,-0.922868,6.0787907,type B pancreatic cell,SAMN11864195
MS19022_GTTCTATAGCCTTTCC,-0.69899905,4.122552,type B pancreatic cell,SAMN11864195
MS19022_AGGCCACTCTTTGCTA,1.7484334,7.698648,type B pancreatic cell,SAMN11864195
MS19022_ATTCCCGTCGTTACCC,-1.2580427,7.077409,type B pancreatic cell,SAMN11864195
MS19022_GGGTCTGAGATTACCC,0.53306246,8.777765,type B pancreatic cell,SAMN11864195
MS19022_AAGTTCGCACCTATCC,3.62389,18.643034,pancreatic A cell,SAMN11864195
MS19022_GAGACTTGTATACAGA,1.3660908,-5.2167172,pancreatic ductal cell,SAMN11864195
MS19022_TCCTTTCTCTTTGGAG,2.4386117,20.437801,pancreatic A cell,SAMN11864195
MS19022_TTGTTGTTCGACGCGT,-0.0767238,8.103834,type B pancreatic cell,SAMN11864195
MS19022_GGTGTCGCACCTGTCT,2.6527114,3.7186375,type B pancreatic cell,SAMN11864195
MS19022_TGTCCTGTCCACTTTA,11.734515,-2.292318,pancreatic stellate cell,SAMN11864195
MS19022_GAGACCCGTAACACCT,3.7352939,5.038659,type B pancreatic cell,SAMN11864195
MS19022_CCTAAGAAGGGCAAGG,1.2002441,8.796102,type B pancreatic cell,SAMN11864195
MS19022_TTGTTGTGTCACGTGC,-0.14535871,-5.20914,pancreatic ductal cell,SAMN11864195
MS19022_CAGTTCCGTCGGAAAC,2.5565276,4.113563,type B pancreatic cell,SAMN11864195
MS19022_AGGCATTAGACTCATC,1.0246636,4.024477,type B pancreatic cell,SAMN11864195
MS19022_CCGCAAGCATCGGAGA,4.229757,15.561663,pancreatic A cell,SAMN11864195
MS19022_ATGGGTTTCGAGAATA,0.98448306,3.8496292,type B pancreatic cell,SAMN11864195
MS19022_CGTGCTTGTAGACAGC,0.3707626,18.945919,pancreatic A cell,SAMN11864195
MS19022_CTCAAGAGTTTGACAC,1.3199229,-6.0370784,pancreatic ductal cell,SAMN11864195
MS19022_TAAGTCGTCAGGACGA,2.5005233,19.358524,pancreatic A cell,SAMN11864195
MS19022_TGATGCAGTCTAGTGT,-0.733144,-5.633847,pancreatic A cell,SAMN11864195
MS19022_GACACGCCAAGACTGG,-0.37343118,2.6580164,type B pancreatic cell,SAMN11864195
MS19022_CCCTCTCTCGACGACC,4.841832,18.685818,pancreatic A cell,SAMN11864195
MS19022_TGAGCGCGTTAGGGTG,3.739821,21.08787,pancreatic A cell,SAMN11864195
MS19022_ACTTATCCATCTGGGC,0.011778013,-3.4728947,pancreatic ductal cell,SAMN11864195
MS19022_GGTTAACTCACCTGTC,4.303158,18.20828,pancreatic A cell,SAMN11864195
MS19022_GTCTCACCACTCCACT,-0.088348806,4.9014335,type B pancreatic cell,SAMN11864195
MS19022_TAAGTCGAGTCACTGT,2.3723025,7.8071446,type B pancreatic cell,SAMN11864195
MS19022_TCCGGGACACAATGTC,-0.11013386,5.5118284,type B pancreatic cell,SAMN11864195
MS19022_ATCCTATCAGCAATTC,-0.2564761,-3.7319326,pancreatic ductal cell,SAMN11864195
MS19022_TGTCCTGTCTCGCTTG,3.823688,15.733655,pancreatic A cell,SAMN11864195
MS19022_GCTACAACAGTCTCTC,0.4945114,-5.5311065,pancreatic ductal cell,SAMN11864195
MS19022_CGAGAAGTCATTACTC,2.445398,5.139624,type B pancreatic cell,SAMN11864195
MS19022_TCAAGTGCACTAAACC,-0.77187455,2.644029,type B pancreatic cell,SAMN11864195
MS19022_CTCGAGGAGGTTACAA,1.4142271,8.645062,type B pancreatic cell,SAMN11864195
MS19022_CCTTCAGAGGAAAGTG,0.21005778,1.8837669,type B pancreatic cell,SAMN11864195
MS19022_TGTAACGGTTTGACAC,0.9973451,2.387166,type B pancreatic cell,SAMN11864195
MS19022_TCATGCCGTGTCCGGT,3.082033,4.5946927,type B pancreatic cell,SAMN11864195
MS19022_TCAATCTTCTTCTGTA,-0.01938862,17.82957,pancreatic A cell,SAMN11864195
MS19022_TCTGCCAAGTGGCCTC,3.5535676,19.593168,pancreatic A cell,SAMN11864195
MS19022_CGATGGCAGATGACAT,1.4890606,4.3352647,type B pancreatic cell,SAMN11864195
MS19022_GCAGCTGCAAGCTGTT,3.6715956,4.343411,type B pancreatic cell,SAMN11864195
MS19022_TGTTGAGAGCAGAAAG,0.9509432,4.710405,type B pancreatic cell,SAMN11864195
MS19022_GTTGTGATCGAGAACG,1.2513646,-6.548694,pancreatic ductal cell,SAMN11864195
MS19022_GACTGATCACCTGATA,3.1836832,18.526457,pancreatic A cell,SAMN11864195
MS19022_AGGGCCTAGTTGGCTT,0.8746005,8.2266865,type B pancreatic cell,SAMN11864195
MS19022_TGCAGATCACAAGCTT,-0.16519558,9.320013,type B pancreatic cell,SAMN11864195
MS19022_TCGCTCAGTTGCACGC,-5.5161695,2.9656343,pancreatic D cell,SAMN11864195
MS19022_TCTTGCGCACCATTCC,-4.9341993,3.806386,pancreatic D cell,SAMN11864195
MS19022_CTACCCACAAGTGCTT,2.2745705,3.746305,type B pancreatic cell,SAMN11864195
MS19022_TGAGCATCATTAGGCT,3.6168706,5.8239055,type B pancreatic cell,SAMN11864195
MS19022_GGGACTCCAATGTTGC,0.9757504,-6.320825,pancreatic ductal cell,SAMN11864195
MS19022_AGATAGAAGCTCCCTT,1.5570958,3.4444356,type B pancreatic cell,SAMN11864195
MS19022_AGGGCTCCAATGAACA,2.5486503,19.842373,pancreatic A cell,SAMN11864195
MS19022_TCATTCAAGTCTGCGC,2.4598505,18.340878,pancreatic A cell,SAMN11864195
MS19022_GAGTCTAGTACCTGTA,-10.55534,-1.0348163,leukocyte,SAMN11864195
MS19022_TGAGCGCAGTCTAACC,0.29166085,3.0855083,type B pancreatic cell,SAMN11864195
MS19022_GTCAAACAGTCAGCCC,1.0726771,-5.441642,pancreatic ductal cell,SAMN11864195
MS19022_AGAGAGCAGCCATCCG,-1.2639618,-6.7648134,pancreatic ductal cell,SAMN11864195
MS19022_TACTTGTTCGACTCCT,2.6196773,3.6499877,type B pancreatic cell,SAMN11864195
MS19022_ACTATGGCATAACTCG,1.8560493,4.349452,type B pancreatic cell,SAMN11864195
MS19022_CCTCACAGTGTGCTTA,0.13666667,5.386689,type B pancreatic cell,SAMN11864195
MS19022_AAAGGTACAGACGATG,2.4428685,5.066066,type B pancreatic cell,SAMN11864195
MS19022_TTCGGTCTCCTTGACC,0.8823884,4.8899918,type B pancreatic cell,SAMN11864195
MS19022_TAGGTTGAGCGAGGAG,1.2255511,8.294248,type B pancreatic cell,SAMN11864195
MS19022_CATGGATAGAAATCCA,1.8377815,5.9262843,type B pancreatic cell,SAMN11864195
MS19022_AGGACTTTCATGCTAG,2.6836371,-4.6005926,pancreatic ductal cell,SAMN11864195
MS19022_TTGATGGGTCCACATA,4.27413,5.0537033,type B pancreatic cell,SAMN11864195
MS19022_GTCTCACAGGTCGACA,1.4397681,2.5502064,type B pancreatic cell,SAMN11864195
MS19022_TACTTCAAGAGGCGTT,1.2028983,5.7356153,type B pancreatic cell,SAMN11864195
MS19022_GTCAAGTTCGGTCGGT,2.7224817,2.7153695,type B pancreatic cell,SAMN11864195
MS19022_CCACAAACAACACAGG,0.30868113,3.6232736,type B pancreatic cell,SAMN11864195
MS19022_CCGGACAGTGCGACAA,-3.7567492,4.1169024,pancreatic D cell,SAMN11864195
MS19022_TGATGGTTCACCCTGT,-0.68755096,-6.96281,pancreatic ductal cell,SAMN11864195
MS19022_ATTGGGTAGTCTGCAT,4.15806,4.791774,type B pancreatic cell,SAMN11864195
MS19022_TCACGGGGTAGAATGT,1.0941408,-5.1661787,pancreatic ductal cell,SAMN11864195
MS19022_ATGAGTCAGCTGAAAT,1.472792,7.7728314,type B pancreatic cell,SAMN11864195
MS19022_ACGGGTCGTAACATAG,4.2483935,6.2795067,type B pancreatic cell,SAMN11864195
MS19022_GGTAATCTCAGTGGGA,1.3666077,7.6975684,type B pancreatic cell,SAMN11864195
MS19022_AGATCGTAGTAAACAC,-0.73816,3.153422,type B pancreatic cell,SAMN11864195
MS19022_CAAGGGATCGTCCTCA,-0.071607456,7.421649,type B pancreatic cell,SAMN11864195
MS19022_GTCTCACCAAATTAGG,2.239072,16.156622,pancreatic A cell,SAMN11864195
MS19022_AACAAGATCCCGTTGT,0.7075376,4.876931,type B pancreatic cell,SAMN11864195
MS19022_CATACCCTCAATCGGT,1.9357762,16.371096,pancreatic A cell,SAMN11864195
MS19022_CGATGGCAGGCTGAAC,1.5124694,-5.560323,pancreatic ductal cell,SAMN11864195
MS19022_AGTAACCCAAGGTACG,1.67236,5.157167,type B pancreatic cell,SAMN11864195
MS19022_TGCATCCTCGACACTA,-0.16557258,5.5311656,type B pancreatic cell,SAMN11864195
MS19022_TTGTGGACAGAATCGG,-1.3703431,-5.88413,pancreatic ductal cell,SAMN11864195
MS19022_TAACCAGTCCTCGATC,-0.9113785,-6.74812,pancreatic ductal cell,SAMN11864195
MS19022_TATTTCGAGGTAGGCT,3.0130696,7.7423897,type B pancreatic cell,SAMN11864195
MS19022_AGGTCATTCGCAGTGC,-0.9849981,5.1610665,type B pancreatic cell,SAMN11864195
MS19022_TAACCAGAGCTAATGA,1.7091038,6.718954,type B pancreatic cell,SAMN11864195
MS19022_TTCCTAAGTCGTGGAA,2.2987747,-4.232593,pancreatic ductal cell,SAMN11864195
MS19022_AATCGACCACTCTCGT,1.2071799,17.516182,pancreatic A cell,SAMN11864195
MS19022_CGAGTGCAGGTGAGCT,2.800283,18.974997,pancreatic A cell,SAMN11864195
MS19022_CATTGTTTCCCATTCG,0.94262934,19.904528,pancreatic A cell,SAMN11864195
MS19022_CATCCGTCAGCTATTG,1.5661815,-5.759379,pancreatic ductal cell,SAMN11864195
MS19022_CTGTGGGCAGTCAGTT,-0.4234903,5.8220143,type B pancreatic cell,SAMN11864195
MS19022_CCTGTTGGTAGGAAAG,3.8168,6.847247,type B pancreatic cell,SAMN11864195
MS19022_TTATTGCGTAGACGGT,0.173081,7.4915996,type B pancreatic cell,SAMN11864195
MS19022_ACGGTTATCGAGAACG,3.238083,5.993658,type B pancreatic cell,SAMN11864195
MS19022_ATCGTCCCAATAGGGC,-3.875973,4.260338,pancreatic D cell,SAMN11864195
MS19022_GAAACCTGTTCCTAAG,3.3243802,18.512585,pancreatic A cell,SAMN11864195
MS19022_CTATCCGTCAGTGTCA,-1.0404563,-6.912188,pancreatic ductal cell,SAMN11864195
MS19022_TATTGCTCATCCGTGG,-5.1270742,4.2008934,pancreatic D cell,SAMN11864195
MS19022_AAAGTCCTCCAGCAAT,3.2516193,6.9255543,type B pancreatic cell,SAMN11864195
MS19022_AGGATCTAGATCGCTT,2.048772,7.5676455,type B pancreatic cell,SAMN11864195
MS19022_GTTACCCGTGGCCTCA,3.6568723,6.2344003,type B pancreatic cell,SAMN11864195
MS19022_ATTTCACTCGGTGAAG,-0.5185729,2.5222018,type B pancreatic cell,SAMN11864195
MS19022_GGAATGGAGCCATCCG,2.5125191,20.277851,pancreatic A cell,SAMN11864195
MS19022_TCGGGTGTCAGCGCGT,-0.53264236,4.2736506,type B pancreatic cell,SAMN11864195
MS19022_ACGGGTCTCACTCGAA,1.2215639,19.94434,pancreatic A cell,SAMN11864195
MS19022_AACACACGTCTTGTCC,0.77093846,2.5502636,type B pancreatic cell,SAMN11864195
MS19022_CAAGCTACACGACGCT,0.254957,5.5429206,type B pancreatic cell,SAMN11864195
MS19022_TACTGCCTCATCGTAG,2.2401,20.576162,pancreatic A cell,SAMN11864195
MS19022_TCACGGGAGCCTGAGA,1.6116219,5.0211983,type B pancreatic cell,SAMN11864195
MS19022_AGACACTGTCGGATTT,3.5825386,17.40683,pancreatic A cell,SAMN11864195
MS19022_AGAGCAGAGCATTGAA,3.6394062,20.644127,pancreatic A cell,SAMN11864195
MS19022_ATCGGCGCACTACCGG,2.1154702,6.678941,type B pancreatic cell,SAMN11864195
MS19022_TAAGCCAAGCGACATG,-10.97354,-0.899931,leukocyte,SAMN11864195
MS19022_GTGGTTAGTCTAACTG,1.6179376,3.9378996,type B pancreatic cell,SAMN11864195
MS19022_CACAGATAGTCCTACA,-0.78274,2.834353,type B pancreatic cell,SAMN11864195
MS19022_CCTCTCCCATGGCCAC,-0.6836911,4.7980723,type B pancreatic cell,SAMN11864195
MS19022_CTCATTACACATGTTG,-4.505363,-2.7156441,pancreatic acinar cell,SAMN11864195
MS19022_CGGGTCAGTAGGCAAC,1.9247526,8.516781,type B pancreatic cell,SAMN11864195
MS19022_CATGCTCAGCCGATAG,1.0476712,20.120762,pancreatic A cell,SAMN11864195
MS19022_CAGGTATAGGAACGAA,3.1942523,20.787415,pancreatic A cell,SAMN11864195
MS19022_CTGCTCACACAGTGAG,2.0953236,18.90775,pancreatic A cell,SAMN11864195
MS19022_CATGAGTGTACCCGCA,-0.0017173294,3.093167,type B pancreatic cell,SAMN11864195
MS19022_GAATCGTGTAATGCTC,-5.280021,4.1394377,pancreatic D cell,SAMN11864195
MS19022_CATGCTCTCCCTCGTA,4.685564,17.709309,pancreatic A cell,SAMN11864195
MS19022_AGACCATGTGTCGCTG,1.8729587,17.668736,pancreatic A cell,SAMN11864195
MS19022_CCGCAAGCATATAGCC,0.9324603,20.14002,pancreatic A cell,SAMN11864195
MS19022_AGCATCATCAAGAAAC,0.06909389,-7.015644,pancreatic ductal cell,SAMN11864195
MS19022_ATGTCTTAGTTCATCG,2.127355,4.206989,type B pancreatic cell,SAMN11864195
MS19022_GACCCAGTCCACAAGT,0.67448986,6.677806,type B pancreatic cell,SAMN11864195
MS19022_TGGGAGATCGAGTGAG,0.039743017,4.992502,type B pancreatic cell,SAMN11864195
MS19022_CATTGAGCACGCTGTG,0.44516325,4.702499,type B pancreatic cell,SAMN11864195
MS19022_GACCAATGTTGTGTAC,2.496303,18.97877,pancreatic A cell,SAMN11864195
MS19022_AGGGTCCAGACATAAC,1.1946712,2.867201,type B pancreatic cell,SAMN11864195
MS19022_CGGGACTGTCCACAGC,3.6731145,17.861525,pancreatic A cell,SAMN11864195
MS19022_TGGCGTGTCGTACACA,-1.0888964,9.131635,type B pancreatic cell,SAMN11864195
MS19022_CGCATAATCCCATAGA,-5.481922,3.5835152,pancreatic D cell,SAMN11864195
MS19022_GGGAAGTCAAACCGGA,2.188683,19.738045,pancreatic A cell,SAMN11864195
MS19022_CCTAACCTCCTTATGT,3.375836,18.276766,pancreatic A cell,SAMN11864195
MS19022_ATGAAAGGTCATCACA,2.9489543,21.266844,pancreatic A cell,SAMN11864195
MS19022_ATCCCTGCAGCAAGAC,-1.5409096,-5.8659472,pancreatic ductal cell,SAMN11864195
MS19022_TGCTTGCCAACGGCTC,1.6266503,19.80721,pancreatic A cell,SAMN11864195
MS19022_CCAATTTGTAGTCACT,0.84399587,-5.415057,pancreatic ductal cell,SAMN11864195
MS19022_CCACACTAGCTCATAC,-3.979813,3.215871,pancreatic D cell,SAMN11864195
MS19022_GGACGTCTCCCGTGAG,3.0089633,5.738736,type B pancreatic cell,SAMN11864195
MS19022_TGGAGAGAGACTACGG,-5.1620994,2.547843,pancreatic D cell,SAMN11864195
MS19022_ACCTGTCGTGTTCATG,3.2700498,20.12872,pancreatic A cell,SAMN11864195
MS19022_CGAGTGCGTTCGGTTA,1.6448413,8.284058,type B pancreatic cell,SAMN11864195
MS19022_TACAACGCAATGAACA,1.8468041,20.679688,pancreatic A cell,SAMN11864195
MS19022_AAAGGATCAGTTTGGT,2.7957613,19.173822,pancreatic A cell,SAMN11864195
MS19022_GCCATGGAGGTTCATC,2.1417427,6.2677417,type B pancreatic cell,SAMN11864195
MS19022_CTGCCTATCATGGGAG,2.715689,18.431206,pancreatic A cell,SAMN11864195
MS19022_AGGTAGGCAGCGATTT,2.3127682,3.0700498,type B pancreatic cell,SAMN11864195
MS19022_AACGGGAAGAAGCCTG,1.0002911,4.0447197,type B pancreatic cell,SAMN11864195
MS19022_TCTGCCAAGCTGGCTC,-4.767612,3.1669583,pancreatic D cell,SAMN11864195
MS19022_TCTCTGGAGGCACCAA,3.6242042,15.831773,pancreatic A cell,SAMN11864195
MS19022_CAACCTCGTGTGTCCG,3.3671925,21.866697,pancreatic A cell,SAMN11864195
MS19022_CCCATTGGTAAGGCTG,2.9100075,16.649464,pancreatic A cell,SAMN11864195
MS19022_GAGACCCGTCATGACT,0.3433769,8.91472,type B pancreatic cell,SAMN11864195
MS19022_ACTGATGGTTATGGTC,-0.62939465,3.7716534,type B pancreatic cell,SAMN11864195
MS19022_CATTGAGGTCCATCTC,1.46773,6.6007843,type B pancreatic cell,SAMN11864195
MS19022_AACCTTTAGGTAGCCA,3.5964665,7.0847964,type B pancreatic cell,SAMN11864195
MS19022_AGCTTCCGTGATACTC,-4.991297,3.3802328,pancreatic D cell,SAMN11864195
MS19022_CCTAACCTCACCTCAC,3.8102965,18.453178,pancreatic A cell,SAMN11864195
MS19022_CTAACTTAGTGATGGC,3.1599824,-5.2389617,pancreatic ductal cell,SAMN11864195
MS19022_GTGAGGATCATGCGGC,2.125468,-5.0321336,pancreatic ductal cell,SAMN11864195
MS19022_TATTCCAAGTTTGTCG,1.1806623,4.1298504,type B pancreatic cell,SAMN11864195
MS19022_GTCTGTCCAACATACC,3.262235,6.3528514,type B pancreatic cell,SAMN11864195
MS19022_TTGAGTGCAGTATGAA,1.6272043,5.550921,type B pancreatic cell,SAMN11864195
MS19022_TACTTCAAGCTACAAA,0.9763863,19.364742,pancreatic A cell,SAMN11864195
MS19022_ATAGACCTCGACCACG,-0.37815937,-7.0614085,pancreatic ductal cell,SAMN11864195
MS19022_TCACTCGTCTAGGAAA,2.8539827,8.522597,type B pancreatic cell,SAMN11864195
MS19022_CGTCAAACACGCTGTG,4.619491,19.159946,pancreatic A cell,SAMN11864195
MS19022_TTGTTCAGTATTTCCT,4.2969294,16.932463,pancreatic A cell,SAMN11864195
MS19022_TGTCCTGGTATGACAA,-1.2365794,9.304116,type B pancreatic cell,SAMN11864195
MS19022_AGCGCTGCAACGGCCT,-0.07715224,7.5555253,type B pancreatic cell,SAMN11864195
MS19022_GAGAAATCAGCGTGCT,1.1212671,3.92779,type B pancreatic cell,SAMN11864195
MS19022_AGAGCAGTCGCCGTGA,3.2653244,3.7228684,type B pancreatic cell,SAMN11864195
MS19022_GTCACTCAGTTTGCTG,-2.7726698,3.5323913,pancreatic D cell,SAMN11864195
MS19022_ACTTCCGCAGGAGGAG,3.5514512,19.640253,pancreatic A cell,SAMN11864195
MS19022_CGGCAGTTCGGATAAA,-1.0709103,-7.0160437,pancreatic ductal cell,SAMN11864195
MS19022_GTGCACGTCGTAGAGG,2.0081549,19.678001,pancreatic A cell,SAMN11864195
MS19022_GTGCACGTCGTTACCC,1.1300728,5.6265287,type B pancreatic cell,SAMN11864195
MS19022_TGAGGTTCAGAGGGTT,2.9530003,16.76781,pancreatic A cell,SAMN11864195
MS19022_CGCGTGATCTGAGAGG,0.6426821,7.3081355,type B pancreatic cell,SAMN11864195
MS19022_GGTTAACCACCCTGTT,1.2571634,3.2388997,type B pancreatic cell,SAMN11864195
MS19022_GGTTAACTCTACTATC,2.4334977,19.780739,pancreatic A cell,SAMN11864195
MS19022_GAACTGTCATGACAAA,-5.3511496,2.5781398,pancreatic D cell,SAMN11864195
MS19022_AATCGACGTGATTAGA,0.61580116,5.905145,type B pancreatic cell,SAMN11864195
MS19022_TCAAGACAGAGGTTAT,0.53080773,4.20447,type B pancreatic cell,SAMN11864195
MS19022_GATTTCTGTCTTCCGT,2.0240154,-5.746007,pancreatic ductal cell,SAMN11864195
MS19022_TTTCAGTTCGAGTCTA,0.86658025,6.871382,type B pancreatic cell,SAMN11864195
MS19022_CAGCACGCACACCTAA,0.7657041,7.036728,type B pancreatic cell,SAMN11864195
MS19022_GTAGAAAAGAGCTTTC,-4.2628827,3.4860308,pancreatic D cell,SAMN11864195
MS19022_AGATCGTGTCACTACA,-0.2399716,3.5973039,type B pancreatic cell,SAMN11864195
MS19022_GTAACACTCGTAGGGA,2.9939675,7.1948466,type B pancreatic cell,SAMN11864195
MS19022_ATGGGAGAGGCTCAAG,2.3528395,6.4363112,type B pancreatic cell,SAMN11864195
MS19022_CGCATAAAGCACACAG,-0.68976027,8.330909,type B pancreatic cell,SAMN11864195
MS19022_TCCTTTCGTCACTCAA,2.1534033,19.116459,pancreatic A cell,SAMN11864195
MS19022_AGATGCTCAAGGCAAC,-5.0538797,3.8978162,pancreatic D cell,SAMN11864195
MS19022_AGGTTACCATCTGCGG,2.6865366,7.96825,type B pancreatic cell,SAMN11864195
MS19022_CAACGATCACGGTGCT,1.8860216,2.3083315,type B pancreatic cell,SAMN11864195
MS19022_CGTTGGGCACCCTCTA,4.8233113,15.650959,pancreatic A cell,SAMN11864195
MS19022_ACCAAACTCTGAGAGG,-5.1858068,4.774418,pancreatic D cell,SAMN11864195
MS19022_AGACTCAAGTCATTGC,-3.5999537,4.851256,pancreatic D cell,SAMN11864195
MS19022_TTACGCCGTCGATTCA,5.2529864,17.313517,pancreatic A cell,SAMN11864195
MS19022_CTACCCAGTACCATAC,0.18817364,3.6154532,type B pancreatic cell,SAMN11864195
MS19022_CATGGTAGTTGTACGT,0.09222658,18.139765,pancreatic A cell,SAMN11864195
MS19022_TTGTTCAGTCGAGCTC,1.1005912,8.252366,type B pancreatic cell,SAMN11864195
MS19022_TGAGCGCAGCGTCTCG,-0.5632996,-6.2338705,pancreatic ductal cell,SAMN11864195
MS19022_ATACTTCCAGTTTGGT,2.4420962,6.887646,type B pancreatic cell,SAMN11864195
MS19022_AGTGATCAGGCACTCC,0.2858501,3.7173417,type B pancreatic cell,SAMN11864195
MS19022_TATGTTCCAACCAATC,-5.6285133,3.0227895,pancreatic D cell,SAMN11864195
MS19022_GTTTGGAGTATGGGAC,1.6213051,18.731926,pancreatic A cell,SAMN11864195
MS19022_TTCCTTCTCTATCGCC,3.6353998,18.725595,pancreatic A cell,SAMN11864195
MS19022_TAACGACAGCAGGCTA,-0.74711,-5.7220955,pancreatic ductal cell,SAMN11864195
MS19022_TCACACCAGGTTCTAC,0.29402038,7.695389,type B pancreatic cell,SAMN11864195
MS19022_ACATCGAGTACAGCGA,-3.7394705,-2.6930714,pancreatic acinar cell,SAMN11864195
MS19022_GTTACGAAGTTGAAGT,1.6231828,9.077114,type B pancreatic cell,SAMN11864195
MS19022_TAACGACGTCAAAGCG,3.8927882,6.2545013,type B pancreatic cell,SAMN11864195
MS19022_AGTGATCCACTAGGTT,0.8119007,7.413161,type B pancreatic cell,SAMN11864195
MS19022_CGCCAGAAGAATAACC,0.046508845,8.807534,type B pancreatic cell,SAMN11864195
MS19022_CTCAGTCGTTGCTCGG,2.5275943,4.3629923,type B pancreatic cell,SAMN11864195
MS19022_CAGCAATAGACGGATC,-0.42989367,3.287422,type B pancreatic cell,SAMN11864195
MS19022_ATCATTCAGAGGCCAT,3.3980706,18.242151,pancreatic A cell,SAMN11864195
MS19022_ACTCTCGGTCATCCCT,-1.5011411,-5.8112345,pancreatic ductal cell,SAMN11864195
MS19022_AAGTGAATCGCTAGCG,2.7225177,5.6001425,type B pancreatic cell,SAMN11864195
MS19022_GTCAGCGTCTCTATAC,1.579576,3.3269691,type B pancreatic cell,SAMN11864195
MS19022_GGGCTCACAAGTGGGT,2.5674608,5.892294,type B pancreatic cell,SAMN11864195
MS19022_TTTGACTTCCTACAAG,-0.78616637,3.7295,type B pancreatic cell,SAMN11864195
MS19022_CTCAGGGTCTTCGACC,0.25813162,7.118778,type B pancreatic cell,SAMN11864195
MS19022_TGCAGATAGAGTGACC,0.8684739,6.930467,type B pancreatic cell,SAMN11864195
MS19022_GCGTGCACAAGCGCTC,-1.0559953,-5.1543136,pancreatic ductal cell,SAMN11864195
MS19022_TTGCCTGGTTGCGTAT,2.22784,4.3083835,type B pancreatic cell,SAMN11864195
MS19022_AATTCCTTCAGGGATG,1.3335067,19.985235,pancreatic A cell,SAMN11864195
MS19022_AGCGCCAGTTTCGGCG,2.2867339,6.602639,type B pancreatic cell,SAMN11864195
MS19022_AGGATAATCACGACTA,13.419732,2.9966998,endothelial cell,SAMN11864195
MS19022_GGTGATTTCACCCTCA,11.283394,0.54891336,pancreatic stellate cell,SAMN11864195
MS19022_GACTGATGTGGATCGA,0.6707807,5.568093,type B pancreatic cell,SAMN11864195
MS19022_GGAGATGAGTATTGCC,0.82132936,2.4030292,type B pancreatic cell,SAMN11864195
MS19022_GCACTAATCATTGAGC,-1.510836,7.582819,type B pancreatic cell,SAMN11864195
MS19022_AACCAACGTATGCGTT,1.0379165,4.785506,type B pancreatic cell,SAMN11864195
MS19022_ATCCGTCTCTGGGCCA,2.924129,7.711319,type B pancreatic cell,SAMN11864195
MS19022_TAAGTCGCAGGGTCTC,-1.1897025,4.7723284,type B pancreatic cell,SAMN11864195
MS19022_ACTGCAAGTCGTTATG,-0.25997227,3.6945589,type B pancreatic cell,SAMN11864195
MS19022_AGGTCATTCCCAGGAC,-1.5977249,-5.8419333,pancreatic ductal cell,SAMN11864195
MS19022_GCGGATCAGCGATCGA,-0.092611894,-3.5102239,pancreatic ductal cell,SAMN11864195
MS19022_GTAGCTATCCTCTTTC,1.261727,-5.7466745,pancreatic ductal cell,SAMN11864195
MS19022_TATATCCTCATCGCAA,0.6660374,3.3979795,type B pancreatic cell,SAMN11864195
MS19022_GACCTTCTCGTTCATT,3.151105,6.5297294,type B pancreatic cell,SAMN11864195
MS19022_ATTCTACAGCTCCACG,0.07527336,8.255507,type B pancreatic cell,SAMN11864195
MS19022_CATGGATTCGTCGGGT,-0.45346567,4.0079417,type B pancreatic cell,SAMN11864195
MS19022_TTGGGATCAAGTGATA,-0.53322816,-4.1994634,pancreatic ductal cell,SAMN11864195
MS19022_TTACGTTCAGAAGTTA,1.6743698,3.570365,type B pancreatic cell,SAMN11864195
MS19022_TCCCAGTCAAGATGTA,0.044921026,-4.6766424,pancreatic ductal cell,SAMN11864195
MS19022_CAGCGTGTCCCTCGTA,2.5671453,6.274623,type B pancreatic cell,SAMN11864195
MS19022_TTGTGGAAGTGAGGTC,-0.983614,8.07244,type B pancreatic cell,SAMN11864195
MS19022_AGTACCAGTCCGGATC,0.62749296,4.597127,type B pancreatic cell,SAMN11864195
MS19022_TATCTTGCAGAGGCAT,-0.6115273,-6.4654064,pancreatic ductal cell,SAMN11864195
MS19022_CTTTCGGGTCGCACAC,1.9104029,8.222549,type B pancreatic cell,SAMN11864195
MS19022_AGAAGTATCAAGAATG,0.7320799,-5.923193,pancreatic ductal cell,SAMN11864195
MS19022_GGAATGGCAACACACT,1.7001338,20.131187,pancreatic A cell,SAMN11864195
MS19022_TTCCACGAGTCAGAGC,2.2835724,-5.7157307,pancreatic ductal cell,SAMN11864195
MS19022_CAACCTCCAGCTGTGC,4.0474777,4.7038593,type B pancreatic cell,SAMN11864195
MS19022_CATACAGTCCAAGCCG,2.3035052,19.295013,pancreatic A cell,SAMN11864195
MS19022_TGTAACGAGGAACTCG,2.8131433,7.712617,type B pancreatic cell,SAMN11864195
MS19022_CCCAACTAGTGATAAC,3.7158535,5.9751697,type B pancreatic cell,SAMN11864195
MS19022_CTGCCTAGTAGGTAGC,-0.3269604,-5.956303,pancreatic ductal cell,SAMN11864195
MS19022_CTTGAGATCCCAGCGA,0.7714428,17.135246,pancreatic A cell,SAMN11864195
MS19022_AAATGGAAGTCACTCA,-2.520244,8.523374,type B pancreatic cell,SAMN11864195
MS19022_TCATGAGCAGTTGGTT,1.1858896,5.894061,type B pancreatic cell,SAMN11864195
MS19022_GTGTTCCAGACCTTTG,3.739771,16.06104,pancreatic A cell,SAMN11864195
MS19022_GTTACGACAATTTCTC,2.4308312,2.528219,type B pancreatic cell,SAMN11864195
MS19022_GACTCTCTCGCAGATT,-4.4866786,3.5565321,pancreatic D cell,SAMN11864195
MS19022_CTGCCATTCCCGATCT,-0.52267754,4.875469,type B pancreatic cell,SAMN11864195
MS19022_GAGACCCTCCTCACGT,-5.3024254,2.1876051,pancreatic D cell,SAMN11864195
MS19022_TACGCTCCAGATCCTA,2.8759043,19.628235,pancreatic A cell,SAMN11864195
MS19022_GGTGAAGCAGCTGGTC,-0.09250651,-3.461031,pancreatic ductal cell,SAMN11864195
MS19022_CTGCGAGAGCGCACAA,2.0629754,-5.4935794,pancreatic ductal cell,SAMN11864195
MS19022_GGTGAAGCAGCAGATG,3.7120278,18.150173,pancreatic A cell,SAMN11864195
MS19022_AGGATCTGTCACTAGT,-0.06591705,1.9095725,type B pancreatic cell,SAMN11864195
MS19022_GCTCAAATCTTTCCGG,4.188184,6.2262588,type B pancreatic cell,SAMN11864195
MS19022_CACTAAGCACTTGGCG,4.508486,14.932089,type B pancreatic cell,SAMN11864195
MS19022_TGCACGGGTTGGGACA,-0.24203297,4.682076,type B pancreatic cell,SAMN11864195
MS19022_TGGAGGATCGTGACTA,-0.3356314,3.0203865,type B pancreatic cell,SAMN11864195
MS19022_CTCAGGGCAGTTCTAG,3.2463725,19.744864,pancreatic A cell,SAMN11864195
MS19022_GTCGAATCATTAGGAA,4.8067913,16.1927,pancreatic A cell,SAMN11864195
MS19022_TCCTGCACAGGCCTGT,2.3046114,6.561335,type B pancreatic cell,SAMN11864195
MS19022_GCCCAGAGTAGCCCTG,1.6139238,18.347803,pancreatic A cell,SAMN11864195
MS19022_CTGGACGAGGTATAGT,3.366644,6.3695116,type B pancreatic cell,SAMN11864195
MS19022_ACGTAACTCAGGAAGC,3.3614051,17.865608,pancreatic A cell,SAMN11864195
MS19022_TCATGAGGTCTTCCGT,2.6882012,5.532838,type B pancreatic cell,SAMN11864195
MS19022_CTCTCGATCTATCCAT,2.793118,5.5303764,type B pancreatic cell,SAMN11864195
MS19022_CCTCAACCACGTTGGC,2.757145,18.013172,pancreatic A cell,SAMN11864195
MS19022_CTGTGGGCATCCCACT,0.6426965,4.3774185,type B pancreatic cell,SAMN11864195
MS19022_ATGTCTTCATTGAGCT,-3.6688063,5.0411453,pancreatic D cell,SAMN11864195
MS19022_ATAGACCTCTGCATAG,-0.090357125,-3.7451541,pancreatic ductal cell,SAMN11864195
MS19022_AGGAATATCACTGAAC,0.68936855,6.3599186,type B pancreatic cell,SAMN11864195
MS19022_CTGTACCTCCGTGGGT,0.34514147,-4.458285,pancreatic ductal cell,SAMN11864195
MS19022_CCTACGTCATGAGATA,1.8582884,2.748337,type B pancreatic cell,SAMN11864195
MS19022_GGGACTCGTACTGACT,2.2794075,4.6294026,type B pancreatic cell,SAMN11864195
MS19022_CCCTCTCCAGTTGTCA,3.3130405,3.9458559,type B pancreatic cell,SAMN11864195
MS19022_GAGTGAGTCAGTGCGC,0.9688283,18.037943,pancreatic A cell,SAMN11864195
MS19022_CTAGACATCAAACGAA,2.0312414,4.459106,type B pancreatic cell,SAMN11864195
MS19022_GTCGTTCTCGTGGGAA,-4.6106744,4.4590554,pancreatic D cell,SAMN11864195
MS19022_TGCGGCACAGCACCCA,-4.3546276,5.241036,pancreatic D cell,SAMN11864195
MS19022_CCCTAACGTACCATAC,2.2927754,17.673616,pancreatic A cell,SAMN11864195
MS19022_GCCCAGAAGACATCCT,2.7303264,17.774986,pancreatic A cell,SAMN11864195
MS19022_GCTGCAGCAAACGGCA,3.1050608,17.08665,pancreatic A cell,SAMN11864195
MS19022_CATTCTAAGCACCAGA,-5.5284734,3.3193817,pancreatic D cell,SAMN11864195
MS19022_CTGTGGGCAGCTGGTC,1.7342914,3.8718889,type B pancreatic cell,SAMN11864195
MS19022_TCCACGTCAAGCTCTA,2.195982,3.584592,type B pancreatic cell,SAMN11864195
MS19022_GTAACCACATTAGGCT,3.1776307,17.003208,pancreatic A cell,SAMN11864195
MS19022_CATGGTACAAGACTGG,3.8072143,16.610485,pancreatic A cell,SAMN11864195
MS19022_CATCCCATCTGGCCGA,0.29940212,-5.7733784,pancreatic ductal cell,SAMN11864195
MS19022_CTGCCTATCCTCTAAT,1.9529341,3.2415,type B pancreatic cell,SAMN11864195
MS19022_TTTGACTTCATGAGGG,-0.15006705,3.0314186,type B pancreatic cell,SAMN11864195
MS19022_ACTTTGTTCTAGTTCT,1.7543694,16.86853,pancreatic A cell,SAMN11864195
MS19022_GACTTCCAGATCGGTG,1.0353504,4.4137616,type B pancreatic cell,SAMN11864195
MS19022_GCAGGCTCACGCGCTA,1.8433415,19.61262,pancreatic A cell,SAMN11864195
MS19022_TGCGACGCAGGGAATC,0.1088975,2.8418226,type B pancreatic cell,SAMN11864195
MS19022_TATTGGGAGAAGCGAA,0.5716133,3.403018,type B pancreatic cell,SAMN11864195
MS19022_ATCCATTTCTTAGTTC,0.5452324,7.6834526,type B pancreatic cell,SAMN11864195
MS19022_GGTTAACGTATACCCA,3.6590555,6.050665,type B pancreatic cell,SAMN11864195
MS19022_CATACCCGTGGCAACA,1.2539059,19.108162,pancreatic A cell,SAMN11864195
MS19022_CTGTGAATCCTAACAG,5.2536497,18.638613,pancreatic A cell,SAMN11864195
MS19022_CTAGGTAAGGTTTACC,4.262501,7.1508245,type B pancreatic cell,SAMN11864195
MS19022_CTCCTCCTCCAGTGCG,-4.704043,4.596924,type B pancreatic cell,SAMN11864195
MS19022_TTTGTTGAGGGCAACT,4.190992,7.0571327,type B pancreatic cell,SAMN11864195
MS19022_AATAGAGTCAGAGCGA,-1.1662892,-6.72891,pancreatic ductal cell,SAMN11864195
MS19022_CATTTCACACTTCTCG,0.90655863,18.12332,pancreatic A cell,SAMN11864195
MS19022_TTCTGTAGTCAGCGTC,0.79251575,20.632,pancreatic A cell,SAMN11864195
MS19022_GGCAGTCTCGAGAATA,1.7547847,-5.7835937,pancreatic ductal cell,SAMN11864195
MS19022_AGTTAGCCATGACTAC,3.8200724,20.292498,pancreatic A cell,SAMN11864195
MS19022_TGTGCGGCATGCGGTC,2.0038197,17.675573,pancreatic A cell,SAMN11864195
MS19022_ACCATTTGTTATTCTC,0.41382766,5.738782,type B pancreatic cell,SAMN11864195
MS19022_CTTCTCTCACGGAAGT,0.9495763,7.317385,type B pancreatic cell,SAMN11864195
MS19022_CGGAACCAGAAGCCAC,3.8224235,4.617108,type B pancreatic cell,SAMN11864195
MS19022_GTCAAACAGGCCATAG,1.422683,3.5363426,type B pancreatic cell,SAMN11864195
MS19022_GTAAGTCTCCGGACGT,2.6306512,8.230272,type B pancreatic cell,SAMN11864195
MS19022_GGGATCCTCCAAGCAT,-0.8144649,-6.673607,pancreatic ductal cell,SAMN11864195
MS19022_CTCCACATCTGATTCT,1.3952181,3.5555143,type B pancreatic cell,SAMN11864195
MS19022_GAGACCCGTGCCGTTG,-2.16903,5.7091913,type B pancreatic cell,SAMN11864195
MS19022_CTGTAGAAGCGTCTGC,4.1024413,5.161881,type B pancreatic cell,SAMN11864195
MS19022_TTACGCCAGGATTCCT,-4.697128,4.239742,pancreatic D cell,SAMN11864195
MS19022_CTGGTCTGTTGGCCGT,-0.74116117,5.7303247,type B pancreatic cell,SAMN11864195
MS19022_GTCAAGTAGAGTGAAG,1.0352691,4.739052,type B pancreatic cell,SAMN11864195
MS19022_GCGTTTCGTCTCAGGC,2.8507166,19.598886,pancreatic A cell,SAMN11864195
MS19022_GGTAATCAGCTAGCCC,0.36411992,3.3061264,type B pancreatic cell,SAMN11864195
MS19022_GTAGAGGCAACTGAAA,3.1731365,7.445437,type B pancreatic cell,SAMN11864195
MS19022_GCATTAGGTCAAGGCA,1.2167282,6.894765,type B pancreatic cell,SAMN11864195
MS19022_ATCTTCAGTAGCCAGA,-1.0694375,8.061414,type B pancreatic cell,SAMN11864195
MS19022_AGGTGTTAGTATGTAG,0.82592344,19.032036,pancreatic A cell,SAMN11864195
MS19022_TATACCTCATGATCTG,2.0937407,-5.95908,pancreatic ductal cell,SAMN11864195
MS19022_ATGGAGGGTACCTAAC,-1.3912344,5.7132583,type B pancreatic cell,SAMN11864195
MS19022_TTACGTTTCTACTTCA,3.6588767,4.5364685,type B pancreatic cell,SAMN11864195
MS19022_AAGGTAACACCAAAGG,-0.7189268,8.032444,type B pancreatic cell,SAMN11864195
MS19022_TCCGTGTGTTCAGCGC,0.05001854,3.0935974,type B pancreatic cell,SAMN11864195
MS19022_GGGCTCAGTGCGGATA,-4.7711525,3.6028364,pancreatic D cell,SAMN11864195
MS19022_CTGTGGGAGTAATACG,3.9448352,4.8713264,type B pancreatic cell,SAMN11864195
MS19022_GCCATGGTCTCCTGAC,3.265421,18.672518,pancreatic A cell,SAMN11864195
MS19022_TGGCGTGTCGAGTACT,-0.33084145,7.6863203,type B pancreatic cell,SAMN11864195
MS19022_TGCTCGTTCTTCTTCC,-0.4103186,7.9555845,type B pancreatic cell,SAMN11864195
MS19022_GAGATGGGTCATAGTC,3.8922145,19.600935,pancreatic A cell,SAMN11864195
MS19022_TAGGTTGAGCATGTTC,-0.25256988,3.003529,type B pancreatic cell,SAMN11864195
MS19022_GAAGGGTCACTGGATT,2.7758818,20.375086,pancreatic A cell,SAMN11864195
MS19022_GAAGGGTGTGAATTGA,12.618967,0.80091697,pancreatic stellate cell,SAMN11864195
MS19022_TCCTCCCGTCCTACGG,-0.2964392,4.4846334,type B pancreatic cell,SAMN11864195
MS19022_CTAGACACATCGATAC,2.6954427,4.829608,type B pancreatic cell,SAMN11864195
MS19022_GGTAATCTCACGTCCT,-4.7590275,4.616278,pancreatic D cell,SAMN11864195
MS19022_TACGCTCAGAGCATTA,11.2830925,0.6655551,pancreatic stellate cell,SAMN11864195
MS19022_AGTAGCTAGCAGGCTA,1.1830935,-6.358131,pancreatic ductal cell,SAMN11864195
MS19022_ACGATCAGTCAAACGG,2.5108845,18.753143,pancreatic A cell,SAMN11864195
MS19022_TCTCCGATCCATCAGA,1.4119534,20.94208,pancreatic A cell,SAMN11864195
MS19022_CCTCCAATCTGTAAGC,2.965792,20.091963,pancreatic A cell,SAMN11864195
MS19022_AGACCCGTCTGATGGT,3.2264168,4.6902676,type B pancreatic cell,SAMN11864195
MS19022_CGTTAGATCACTCACC,0.6855158,-4.74785,pancreatic ductal cell,SAMN11864195
MS19022_CATACTTCATCAGCGC,0.3643131,5.1321354,type B pancreatic cell,SAMN11864195
MS19022_CGAAGGAGTGTTCCAA,4.245235,5.3795347,type B pancreatic cell,SAMN11864195
MS19022_AGGTTACAGGCTCAAG,1.2499405,18.954216,pancreatic A cell,SAMN11864195
MS19022_CTCCTTTGTAGCTGAG,1.1408501,17.37053,pancreatic A cell,SAMN11864195
MS19022_GTAGATCGTAGTCTGT,3.2060845,19.928823,pancreatic A cell,SAMN11864195
MS19022_CGCATAACAAACAGGC,0.06326749,-5.7752733,pancreatic acinar cell,SAMN11864195
MS19022_GTTGTGAAGGACTGGT,-0.6885412,-6.867309,pancreatic ductal cell,SAMN11864195
MS19022_GCTACAATCATCGTAG,-1.4338267,7.3742194,type B pancreatic cell,SAMN11864195
MS19022_GTCTCACCAATCAGCT,-1.6829664,-5.7620015,pancreatic ductal cell,SAMN11864195
MS19022_GATTCGACAGCTGTCG,2.5630305,-5.15067,pancreatic ductal cell,SAMN11864195
MS19022_TCACATTAGAGGATCC,2.3912027,6.2523074,type B pancreatic cell,SAMN11864195
MS19022_TTGATGGTCCATACTT,2.4511986,19.83476,pancreatic A cell,SAMN11864195
MS19022_ATCACGACAAATGAGT,-4.781773,4.8047476,pancreatic D cell,SAMN11864195
MS19022_AAGAACACACGGTGCT,2.4284046,3.2462459,type B pancreatic cell,SAMN11864195
MS19022_CGTGCTTTCACTGTTT,0.5473554,3.9859557,type B pancreatic cell,SAMN11864195
MS19022_GAAGGGTAGCTAGCCC,2.0150373,8.404654,type B pancreatic cell,SAMN11864195
MS19022_TTCCACGCAGGATCTT,-1.1965041,6.62382,type B pancreatic cell,SAMN11864195
MS19022_CGTAATGTCCACACAA,-2.0372834,4.2445884,pancreatic D cell,SAMN11864195
MS19022_GTGCTTCCACGACAAG,4.8427224,15.176583,pancreatic A cell,SAMN11864195
MS19022_CAACCAACAAGGCAAC,0.40382555,3.4695737,type B pancreatic cell,SAMN11864195
MS19022_TCGATTTGTAGCTGAG,2.5463254,4.621325,type B pancreatic cell,SAMN11864195
MS19022_GAGGGTAAGACGGTTG,-0.35983673,-4.6617723,pancreatic ductal cell,SAMN11864195
MS19022_CCTCTCCTCAAGGTGG,-0.568202,2.8625274,type B pancreatic cell,SAMN11864195
MS19022_GATTTCTCACGGTCTG,2.9868622,7.940284,type B pancreatic cell,SAMN11864195
MS19022_TCGCAGGGTATTAAGG,0.78796136,8.609159,type B pancreatic cell,SAMN11864195
MS19022_TACTTGTCATGGGTTT,1.668272,3.7140038,type B pancreatic cell,SAMN11864195
MS19022_TGACAGTTCAGAGCGA,4.3155446,18.700699,pancreatic A cell,SAMN11864195
MS19022_CTACATTAGAGTGGCT,0.8820602,4.8565474,type B pancreatic cell,SAMN11864195
MS19022_TTTACCACATCGCCTT,-0.30667713,4.406758,type B pancreatic cell,SAMN11864195
MS19022_TCAGTTTGTATGAGCG,2.9663584,20.163,pancreatic A cell,SAMN11864195
MS19022_AACGGGATCCTACAAG,4.5167575,16.441828,pancreatic A cell,SAMN11864195
MS19022_AGTAACCAGAAATTCG,-1.6619908,-5.6156225,pancreatic ductal cell,SAMN11864195
MS19022_GACCGTGTCAGTGATC,-5.4051356,4.213018,pancreatic D cell,SAMN11864195
MS19022_AATGGCTAGTATGATG,0.6863142,-5.966466,pancreatic ductal cell,SAMN11864195
MS19022_CTAAGTGGTATGGTTC,2.8046882,4.188812,type B pancreatic cell,SAMN11864195
MS19022_TAGTGCATCAATCCGA,-0.052130174,-3.4810407,pancreatic ductal cell,SAMN11864195
MS19022_ACGATGTGTCCACTTC,-1.4369856,-5.996869,pancreatic ductal cell,SAMN11864195
MS19022_GTAGATCGTCTTACTT,2.9852564,17.8646,pancreatic A cell,SAMN11864195
MS19022_ACATGCACAAGCTGCC,-4.4727883,4.6694956,pancreatic D cell,SAMN11864195
MS19022_TGCAGATTCCTATTGT,1.3273556,18.064798,pancreatic A cell,SAMN11864195
MS19022_CATTTCACAAGCGGAT,-0.82533085,-6.4140625,pancreatic ductal cell,SAMN11864195
MS19022_TCACATTCAAGGCTTT,1.2603683,-6.3165407,pancreatic ductal cell,SAMN11864195
MS19022_GAGTTACAGTCGCCCA,0.6799318,7.3735223,type B pancreatic cell,SAMN11864195
MS19022_CGGGCATAGCACCAGA,-0.039384753,-3.4216585,pancreatic ductal cell,SAMN11864195
MS19022_TCTCTGGAGACTTCGT,1.8045741,-6.3095965,pancreatic ductal cell,SAMN11864195
MS19022_ACTGATGTCGCTGTCT,-5.5314317,-2.3659608,pancreatic acinar cell,SAMN11864195
MS19022_CCTCATGCACACCTTC,-0.25159425,3.2091835,type B pancreatic cell,SAMN11864195
MS19022_TCAATTCCAGTGACCC,4.4566483,16.084185,pancreatic A cell,SAMN11864195
MS19022_TGCATGAGTCTTTATC,4.6742244,15.576154,pancreatic A cell,SAMN11864195
MS19022_TTCTTCCCAGCATCTA,3.9178045,6.9639697,type B pancreatic cell,SAMN11864195
MS19022_TGAGCATAGGCTCTCG,4.86354,18.284246,pancreatic A cell,SAMN11864195
MS19022_CTGTACCCATCGGATT,-1.3525523,-6.912972,pancreatic ductal cell,SAMN11864195
MS19022_TTTCACATCTCCGAAA,4.6785965,18.710192,pancreatic A cell,SAMN11864195
MS19022_GAGGCCTTCTGGGATT,4.26739,17.14096,pancreatic A cell,SAMN11864195
MS19022_GGAAGTGCAATGACCT,2.160875,20.390593,pancreatic A cell,SAMN11864195
MS19022_TGTACAGTCCATTTGT,1.2372879,7.945047,type B pancreatic cell,SAMN11864195
MS19022_TAGTGCAAGCAGCAGT,-0.20264123,4.5464807,type B pancreatic cell,SAMN11864195
MS19022_AGTAGCTTCCACACCT,1.9039223,4.3730392,type B pancreatic cell,SAMN11864195
MS19022_CATGCCTAGGAATTAC,0.6228644,3.0009854,type B pancreatic cell,SAMN11864195
MS19022_CCATAAGCATGACGTT,2.640742,4.163726,type B pancreatic cell,SAMN11864195
MS19022_TAGGGTTCACATCCCT,2.5651097,20.95495,pancreatic A cell,SAMN11864195
MS19022_CATTGAGTCCTGTAGA,2.7359679,3.106414,type B pancreatic cell,SAMN11864195
MS19022_ATCCACCGTGCGGTAA,2.9389985,8.033892,type B pancreatic cell,SAMN11864195
MS19022_TCTCACGCAAGATGGC,3.0424042,5.630655,type B pancreatic cell,SAMN11864195
MS19022_GGGAGTATCTATCGCC,-0.41582137,5.6156554,type B pancreatic cell,SAMN11864195
MS19022_ACTTAGGCAATTGCAC,3.2490883,6.0046616,type B pancreatic cell,SAMN11864195
MS19022_CGCCATTTCATGGAGG,1.6808974,18.255438,pancreatic A cell,SAMN11864195
MS19022_ATGCGATGTAATTGGA,-1.916573,4.072106,type B pancreatic cell,SAMN11864195
MS19022_GTTGCTCGTTAGTCGT,0.96401286,-5.4649806,pancreatic ductal cell,SAMN11864195
MS19022_AGCGCCATCTTCTAAC,0.36811787,6.8054132,type B pancreatic cell,SAMN11864195
MS19022_ATGAGTCGTCTTACAG,5.402491,16.188341,pancreatic A cell,SAMN11864195
MS19022_CCGGTGATCGTACACA,1.0553275,7.6127787,type B pancreatic cell,SAMN11864195
MS19022_AGCTCAAAGTCAGCGA,-0.8874918,-5.263096,pancreatic ductal cell,SAMN11864195
MS19022_CGCCAGACACCAGCCA,4.2201066,6.968922,type B pancreatic cell,SAMN11864195
MS19022_CAGCAATAGCGATCGA,-0.9173883,4.818033,type B pancreatic cell,SAMN11864195
MS19022_GGGTTTAAGTCATGCT,-0.34792823,3.2866266,type B pancreatic cell,SAMN11864195
MS19022_AATGCCATCACCATAG,3.1914737,18.531086,pancreatic A cell,SAMN11864195
MS19022_CAGTTCCAGATGCTGG,3.7703078,17.414875,pancreatic A cell,SAMN11864195
MS19022_ACCACAAAGCATGCGA,-0.89476043,7.063541,type B pancreatic cell,SAMN11864195
MS19022_CTTCTAAAGACGCTCC,3.372692,18.019781,pancreatic A cell,SAMN11864195
MS19022_CTCAGGGTCGGTCATA,3.0163598,18.13747,pancreatic A cell,SAMN11864195
MS19022_CAGGGCTTCCTAACAG,-0.0422953,3.0239494,type B pancreatic cell,SAMN11864195
MS19022_ACATCGAGTTAGTTCG,-4.147339,-3.1113734,pancreatic acinar cell,SAMN11864195
MS19022_GGATCTACAACTGCCG,4.9493737,17.167007,pancreatic A cell,SAMN11864195
MS19022_CCTCAGTCAACTTCTT,4.0652776,4.612528,type B pancreatic cell,SAMN11864195
MS19022_TGATGGTGTCGTTCAA,-4.4403853,3.106159,pancreatic D cell,SAMN11864195
MS19022_CAACGATCAAGGTTGG,-1.6985791,-5.978636,pancreatic ductal cell,SAMN11864195
MS19022_TTTACTGTCGGCCAAC,-4.957779,3.656203,pancreatic D cell,SAMN11864195
MS19022_ACGGTTAGTGCCCTTT,2.886782,21.900127,pancreatic A cell,SAMN11864195
MS19022_ATGATCGAGTTGTCAC,-1.2868423,6.734505,type B pancreatic cell,SAMN11864195
MS19022_AGGTCATCAATAAGGT,2.1208644,7.8359265,type B pancreatic cell,SAMN11864195
MS19022_GGAGGATGTATCGTGT,1.9037087,7.920492,type B pancreatic cell,SAMN11864195
MS19022_AGTACCACATACCATG,-0.1881616,5.8714414,type B pancreatic cell,SAMN11864195
MS19022_AGGGCCTTCTCTCGAC,2.065276,8.215101,type B pancreatic cell,SAMN11864195
MS19022_ACGGTCGTCGTCAAAC,-4.5685325,4.5562525,pancreatic D cell,SAMN11864195
MS19022_GGTGTCGTCGGCTCTT,2.3532264,7.0875835,type B pancreatic cell,SAMN11864195
MS19022_ACCGTTCGTTAGAAGT,1.3265837,6.265142,type B pancreatic cell,SAMN11864195
MS19032_CAAAGAAAGCTCCGAC,1.949473,17.58249,pancreatic A cell,SAMN12500521
MS19032_GCACGTGTCTGGCCTT,0.8570954,9.1377125,type B pancreatic cell,SAMN12500521
MS19032_CCTCTAGTCCTCTCGA,2.6875305,17.618923,pancreatic A cell,SAMN12500521
MS19032_GGAGGATGTTCGTAAC,2.6151946,20.051132,pancreatic A cell,SAMN12500521
MS19032_CAATACGTCTGGGTCG,0.11098391,5.9048657,type B pancreatic cell,SAMN12500521
MS19032_TAGACTGGTAGGGTAC,3.3952472,16.417871,pancreatic A cell,SAMN12500521
MS19032_TAATCTCGTCGTTGCG,3.3405082,6.497764,type B pancreatic cell,SAMN12500521
MS19032_GTTGTGAGTCGTCAGC,1.5583609,17.035675,pancreatic A cell,SAMN12500521
MS19032_CACTGGGGTGGATCAG,1.1540233,17.56836,pancreatic A cell,SAMN12500521
MS19032_TCCGAAAAGAGTATAC,0.40222347,3.7322495,type B pancreatic cell,SAMN12500521
MS19032_CCTTTGGCACATGGTT,1.3831831,2.6445687,type B pancreatic cell,SAMN12500521
MS19032_AACCAACAGCCTAACT,2.4240792,16.398571,pancreatic A cell,SAMN12500521
MS19032_TCAAGTGGTCCTCCAT,2.4626527,17.867252,pancreatic A cell,SAMN12500521
MS19032_AAAGGTAAGACGAAGA,13.337656,2.3397896,endothelial cell,SAMN12500521
MS19032_GGTAACTCATAAGCAA,3.0645287,5.773943,type B pancreatic cell,SAMN12500521
MS19032_GACCCAGGTATGGTTC,4.1029086,4.347463,type B pancreatic cell,SAMN12500521
MS19032_TAAGCCATCATCCCGT,0.4677514,4.76816,type B pancreatic cell,SAMN12500521
MS19032_CCGATGGGTTCCGCAG,3.3216784,16.574234,pancreatic A cell,SAMN12500521
MS19032_CTGCTCACACAAATGA,-4.515196,5.01226,pancreatic D cell,SAMN12500521
MS19032_TCGGGTGCAGCTTTGA,5.393588,16.629469,pancreatic A cell,SAMN12500521
MS19032_CCTCACATCTGGGAGA,0.09305988,8.281751,type B pancreatic cell,SAMN12500521
MS19032_CTGAGGCCATGAATCC,4.086467,16.680817,pancreatic A cell,SAMN12500521
MS19032_ATCAGGTGTTCACCGG,3.6045237,18.164162,pancreatic A cell,SAMN12500521
MS19032_TTGCTGCTCCGATCGG,-5.277815,4.748287,pancreatic D cell,SAMN12500521
MS19032_ATGGGAGAGAATTGCA,12.282537,-1.6191732,pancreatic stellate cell,SAMN12500521
MS19032_TATCCTAGTCCGGACT,1.8807008,21.191978,pancreatic A cell,SAMN12500521
MS19032_TGATGGTAGAGCAGTC,-0.26491165,5.6847734,type B pancreatic cell,SAMN12500521
MS19032_TAGACTGCAACTGCCG,2.5568368,18.159456,pancreatic A cell,SAMN12500521
MS19032_AGAGCCCAGGCCACTC,2.5601208,19.983519,pancreatic A cell,SAMN12500521
MS19032_CATTGTTGTTGCGTAT,-5.68489,3.86248,pancreatic D cell,SAMN12500521
MS19032_ATTCACTGTAGGACTG,6.108535,16.047916,pancreatic A cell,SAMN12500521
MS19032_CCTGTTGGTCATACCA,5.6768627,16.157892,pancreatic A cell,SAMN12500521
MS19032_AGCTCAAGTAGAGACC,0.2609702,3.45135,type B pancreatic cell,SAMN12500521
MS19032_TGGTTAGAGCCGATCC,-0.6556372,7.4220533,type B pancreatic cell,SAMN12500521
MS19032_AGAGCCCCATACTGAC,2.5562735,21.007881,pancreatic A cell,SAMN12500521
MS19032_CAGATTGGTCGTACAT,1.3094393,18.937868,pancreatic A cell,SAMN12500521
MS19032_GTCTGTCCACAACGCC,-2.7685056,4.920741,type B pancreatic cell,SAMN12500521
MS19032_CCCAACTAGTCTGCAT,-0.631326,9.200649,type B pancreatic cell,SAMN12500521
MS19032_CCGCAAGCAGCAAGAC,-2.5812557,7.1001277,type B pancreatic cell,SAMN12500521
MS19032_CGTGCTTGTGGATACG,-4.5660706,2.7873247,pancreatic D cell,SAMN12500521
MS19032_TGAGCGCGTGAATGTA,1.1374284,18.984667,pancreatic A cell,SAMN12500521
MS19032_TGAGGGAGTACGTGAG,0.55300874,6.6393323,type B pancreatic cell,SAMN12500521
MS19032_TGACAGTGTATGTCAC,2.133405,6.0311337,type B pancreatic cell,SAMN12500521
MS19032_TTCACCGCAATCTGCA,-0.4544236,3.4298005,type B pancreatic cell,SAMN12500521
MS19032_AGGCCACCAACGATCT,4.048322,17.234089,pancreatic A cell,SAMN12500521
MS19032_AATTTCCAGGTTAGTA,1.8887913,16.793753,pancreatic A cell,SAMN12500521
MS19032_ACCATTTAGACTTAAG,6.0620685,15.949614,pancreatic A cell,SAMN12500521
MS19032_CCGGTGAGTTCCAGGC,-5.1316395,4.813724,pancreatic D cell,SAMN12500521
MS19032_GGTGTTAAGTGAGGTC,2.6855426,18.008286,pancreatic A cell,SAMN12500521
MS19032_GTCATCCGTTTGGGTT,3.6836054,16.92504,pancreatic A cell,SAMN12500521
MS19032_TGACCCTGTTCCTAGA,0.61536974,7.911501,type B pancreatic cell,SAMN12500521
MS19032_TCATGCCCACTCTAGA,0.3585934,18.084806,pancreatic A cell,SAMN12500521
MS19032_GCAGCTGGTGACTGAG,1.087816,20.05097,pancreatic A cell,SAMN12500521
MS19032_GGGACTCGTCTAACGT,2.3315818,19.635773,pancreatic A cell,SAMN12500521
MS19032_GTAATCGTCATAGGCT,2.8441696,17.495224,pancreatic A cell,SAMN12500521
MS19032_GATTCGAAGATAGCTA,0.3609273,-6.68264,pancreatic ductal cell,SAMN12500521
MS19032_GCACATATCTTTGCGC,0.5250727,6.1022944,type B pancreatic cell,SAMN12500521
MS19032_AGTTCCCAGAGAGCAA,2.1577618,-6.317332,pancreatic ductal cell,SAMN12500521
MS19032_GGAGGTACAATAGTAG,4.3823285,20.189148,pancreatic A cell,SAMN12500521
MS19032_TAAGCACCACTGAGTT,0.4951203,6.3706293,type B pancreatic cell,SAMN12500521
MS19032_GACATCAGTGTGTTTG,-3.035291,6.2890663,type B pancreatic cell,SAMN12500521
MS19032_ATTATCCCACACCTAA,1.3750294,19.815876,pancreatic A cell,SAMN12500521
MS19032_GCAGCTGCAACACAGG,0.29862303,3.857236,type B pancreatic cell,SAMN12500521
MS19032_TTTGGTTCACCAAAGG,-0.6840233,8.963437,type B pancreatic cell,SAMN12500521
MS19032_TGCATCCTCCTGTTGC,3.9948192,20.612753,pancreatic A cell,SAMN12500521
MS19032_CGGCAGTAGGTACATA,3.9731982,19.511082,pancreatic A cell,SAMN12500521
MS19032_GTAGATCAGCCATTTG,2.100329,16.732134,pancreatic A cell,SAMN12500521
MS19032_ACTTTGTAGCCGGATA,-1.3615769,-6.677734,pancreatic ductal cell,SAMN12500521
MS19032_GTTGTAGCACGACGAA,-0.06994832,5.897572,type B pancreatic cell,SAMN12500521
MS19032_CATTTCACAAATGGAT,3.1651332,4.699515,type B pancreatic cell,SAMN12500521
MS19032_GGTGAAGCAACTACGT,1.9985398,7.0042634,type B pancreatic cell,SAMN12500521
MS19032_GTAGGTTCACCCAATA,3.0947511,18.0629,pancreatic A cell,SAMN12500521
MS19032_GTTGTGATCAGCTGAT,5.629042,15.707901,pancreatic A cell,SAMN12500521
MS19032_CTCATCGAGGTTCTTG,2.2535336,20.492302,pancreatic A cell,SAMN12500521
MS19032_GGGATGACAGGCTCTG,1.8579901,17.698,pancreatic A cell,SAMN12500521
MS19032_AGTTAGCTCAAGAAAC,1.0357972,3.0736563,type B pancreatic cell,SAMN12500521
MS19032_AGTTAGCCACATTCGA,0.47911075,5.3856225,type B pancreatic cell,SAMN12500521
MS19032_ACTATTCTCGTCCATC,4.591205,15.405569,pancreatic A cell,SAMN12500521
MS19032_GATTGGTAGATCGGTG,3.0909154,18.425318,pancreatic A cell,SAMN12500521
MS19032_TCCATCGGTAACACGG,12.494831,1.1801271,pancreatic stellate cell,SAMN12500521
MS19032_TCATGGACAATACAGA,1.024853,6.8676577,type B pancreatic cell,SAMN12500521
MS19032_TTAGGCAAGTAAGAGG,2.0770397,18.611912,pancreatic A cell,SAMN12500521
MS19032_TTGGGATCAGAGTGAC,2.3475313,2.5414937,type B pancreatic cell,SAMN12500521
MS19032_TCGCTTGGTGACAGCA,3.063086,8.417876,type B pancreatic cell,SAMN12500521
MS19032_GAAGGGTTCACACCCT,0.71068716,19.201109,pancreatic A cell,SAMN12500521
MS19032_GTGCGTGAGAAACCCG,0.14522873,5.9306984,type B pancreatic cell,SAMN12500521
MS19032_GATCCCTTCTGCCTCA,0.7824703,19.352057,pancreatic A cell,SAMN12500521
MS19032_GCGTGCATCGTCGACG,6.4021907,15.764325,pancreatic A cell,SAMN12500521
MS19032_AACGAAATCCGGCTTT,1.6952322,4.75676,type B pancreatic cell,SAMN12500521
MS19032_TAGGTTGGTATCGTGT,2.2532537,3.0454457,type B pancreatic cell,SAMN12500521
MS19032_ACCCTTGCAGGCTACC,0.2007805,18.673605,pancreatic A cell,SAMN12500521
MS19032_TGGTTAGAGATGTAGT,2.0188355,17.501497,pancreatic A cell,SAMN12500521
MS19032_CTTGATTTCTGAGGCC,-0.8072676,7.5527706,type B pancreatic cell,SAMN12500521
MS19032_TGCGATAAGAAGATCT,4.213145,6.18754,type B pancreatic cell,SAMN12500521
MS19032_AGACCCGGTGTTTGCA,2.4404335,19.97398,pancreatic A cell,SAMN12500521
MS19032_ACAGAAAGTTACGTAC,3.0577884,3.259123,type B pancreatic cell,SAMN12500521
MS19032_GTGAGTTCAGCACAAG,-0.59044415,7.2820992,type B pancreatic cell,SAMN12500521
MS19032_GCACGGTTCGAATGCT,3.9004135,4.5643044,type B pancreatic cell,SAMN12500521
MS19032_AACAAAGCAAAGACTA,1.5808568,19.611845,pancreatic A cell,SAMN12500521
MS19032_TCATGGAGTCCGGACT,1.5321777,-5.8481483,pancreatic ductal cell,SAMN12500521
MS19032_TCGTCCACAGAGCGTA,-0.2889254,2.6752274,type B pancreatic cell,SAMN12500521
MS19032_TTGGTTTGTGTCCGGT,0.31751135,7.2329016,type B pancreatic cell,SAMN12500521
MS19032_CGCGTGAGTGTCATGT,2.2282395,17.486609,pancreatic A cell,SAMN12500521
MS19032_ATGAAAGAGAGGATGA,5.5879455,17.303888,pancreatic A cell,SAMN12500521
MS19032_TCAATTCTCGTGCGAC,2.3254008,18.808363,pancreatic A cell,SAMN12500521
MS19032_ACCCTCATCTTCGTGC,-0.10633824,7.4708924,type B pancreatic cell,SAMN12500521
MS19032_GAGTCATGTTGGGAAC,4.070249,17.420286,pancreatic A cell,SAMN12500521
MS19032_CTCAGAACATTGACAC,2.6658072,17.076368,pancreatic A cell,SAMN12500521
MS19032_TATCCTAGTCCATACA,1.1935395,-6.513563,pancreatic ductal cell,SAMN12500521
MS19032_CCACGTTGTCCGATCG,2.2833912,17.088873,pancreatic A cell,SAMN12500521
MS19032_TTTGATCGTTCGTACA,2.3350966,5.876567,type B pancreatic cell,SAMN12500521
MS19032_GATCATGAGTAAGAGG,1.2137305,19.899355,pancreatic A cell,SAMN12500521
MS19032_GTTAGACCACGCGGTT,12.205573,-1.6564877,pancreatic stellate cell,SAMN12500521
MS19032_CTCCCAACAACAGATA,-5.127864,2.9667957,pancreatic D cell,SAMN12500521
MS19032_ACCACAACAGGAGACT,1.119475,19.897427,pancreatic A cell,SAMN12500521
MS19032_GAGTTACTCAACTGGT,1.7300423,19.960028,pancreatic A cell,SAMN12500521
MS19032_TTTACGTGTGCACATT,2.7743502,16.810032,pancreatic A cell,SAMN12500521
MS19032_TCCTCGAGTGAGTTGG,1.9648345,20.808529,pancreatic A cell,SAMN12500521
MS19032_AGCTTCCCATACAGCT,4.1895823,6.789912,type B pancreatic cell,SAMN12500521
MS19032_GGTCACGTCTCATGCC,2.509884,18.518307,pancreatic A cell,SAMN12500521
MS19032_GATTGGTTCCACGAAT,2.1576872,5.6870394,type B pancreatic cell,SAMN12500521
MS19032_TTGCCTGGTTCTTGTT,1.6830108,6.772393,type B pancreatic cell,SAMN12500521
MS19032_CATTCATTCCTCTAGC,2.3246362,18.98004,pancreatic A cell,SAMN12500521
MS19032_ATATCCTCACCCAACG,-0.12340976,6.7485924,type B pancreatic cell,SAMN12500521
MS19032_GCTTTCGGTATGCGGA,0.55444944,4.9252596,type B pancreatic cell,SAMN12500521
MS19032_CAGCAGCGTATTGCCA,5.3348184,17.464064,pancreatic A cell,SAMN12500521
MS19032_TCAATTCTCACGGTCG,-0.43863368,4.7956986,type B pancreatic cell,SAMN12500521
MS19032_TCAGTGACACCCTCTA,2.109398,18.468245,pancreatic A cell,SAMN12500521
MS19032_AGACTCACACGGTCTG,-4.3032928,3.7813535,pancreatic D cell,SAMN12500521
MS19032_CAAGCTATCATACGAC,-0.7002749,8.962387,type B pancreatic cell,SAMN12500521
MS19032_CAAGGGACATCGAGCC,0.51528925,9.515677,type B pancreatic cell,SAMN12500521
MS19032_TATTGCTAGCCAGTAG,4.1981997,16.98135,pancreatic A cell,SAMN12500521
MS19032_TGTACAGTCTGCTTTA,3.7559237,16.358715,pancreatic A cell,SAMN12500521
MS19032_AATTCCTCACGACGTC,2.6670518,18.699759,pancreatic A cell,SAMN12500521
MS19032_CAGTGCGTCACCGGTG,3.2558336,6.008056,type B pancreatic cell,SAMN12500521
MS19032_CAGGTATAGTTAGTGA,2.4765048,20.336864,pancreatic A cell,SAMN12500521
MS19032_AGGTCTACAATACCTG,2.037568,16.387514,pancreatic A cell,SAMN12500521
MS19032_AGGAATACAGGGCTTC,2.4584436,20.304983,pancreatic A cell,SAMN12500521
MS19032_TCTGCCATCATGCTAG,3.781587,5.827747,type B pancreatic cell,SAMN12500521
MS19032_TGTTCATTCGTCCTTG,0.0069106445,-7.126658,pancreatic ductal cell,SAMN12500521
MS19032_ATTACCTGTTGACTAC,0.9349131,5.4459405,type B pancreatic cell,SAMN12500521
MS19032_GGGACTCGTGTGACCC,3.9780676,17.060875,pancreatic A cell,SAMN12500521
MS19032_GTTCGCTTCCCAGCGA,3.8832672,4.7519937,type B pancreatic cell,SAMN12500521
MS19032_GGCTTGGGTGGGTATG,2.8814833,7.284601,type B pancreatic cell,SAMN12500521
MS19032_AGGACTTAGAACCGCA,4.481873,17.519234,pancreatic A cell,SAMN12500521
MS19032_TGAACGTCACCCTTAC,-0.568371,2.496556,type B pancreatic cell,SAMN12500521
MS19032_GGAGGTACAAATACGA,1.155813,18.12303,pancreatic A cell,SAMN12500521
MS19032_AAAGGATCATCACAGT,0.47197008,3.9576232,type B pancreatic cell,SAMN12500521
MS19032_ATCACGAAGTACTGTC,3.6964166,16.867222,pancreatic A cell,SAMN12500521
MS19032_GCTGGGTTCTAGGCAT,2.3807771,19.726255,pancreatic A cell,SAMN12500521
MS19032_AGCCAGCTCGTGGTAT,1.9268004,19.51688,pancreatic A cell,SAMN12500521
MS19032_AGTGTTGAGGACGGAG,3.057217,6.72825,type B pancreatic cell,SAMN12500521
MS19032_TCGTGGGAGCACGATG,4.4393845,15.532636,pancreatic A cell,SAMN12500521
MS19032_AAGAACATCACTACGA,3.3399289,17.128366,pancreatic A cell,SAMN12500521
MS19032_CCTACGTTCCATTCAT,4.883799,19.042326,pancreatic A cell,SAMN12500521
MS19032_TCGGGTGGTTGGGACA,2.3129287,5.89494,type B pancreatic cell,SAMN12500521
MS19032_ATTGTTCTCTATCCAT,1.9679,21.182821,pancreatic A cell,SAMN12500521
MS19032_AGCCAATGTGTTCCTC,3.9372125,17.957174,pancreatic A cell,SAMN12500521
MS19032_CAACAACAGCGTCTGC,3.9162734,4.7679043,type B pancreatic cell,SAMN12500521
MS19032_CTACAGACACCCATAA,3.3149066,17.848827,pancreatic A cell,SAMN12500521
MS19032_ACTGATGAGGGAGGAC,2.6311738,17.281713,pancreatic A cell,SAMN12500521
MS19032_CATAAGCCAAGGCTTT,0.26090124,7.482849,type B pancreatic cell,SAMN12500521
MS19032_TCATCATCAGCATTGT,-1.7118742,6.0516734,type B pancreatic cell,SAMN12500521
MS19032_CGAAGTTCAAAGGCTG,3.368494,4.4178147,type B pancreatic cell,SAMN12500521
MS19032_TGGCGTGGTATCAAGA,1.9059427,16.588453,pancreatic A cell,SAMN12500521
MS19032_CTCAATTAGCGTATGG,3.1303463,4.593326,type B pancreatic cell,SAMN12500521
MS19032_TATCTTGGTATTGGCT,-0.47653726,7.103616,type B pancreatic cell,SAMN12500521
MS19032_CGAGTTAGTCCTGTTC,-4.356536,4.186368,pancreatic D cell,SAMN12500521
MS19032_CTGAGGCAGAGCTGCA,3.3878896,20.721354,pancreatic A cell,SAMN12500521
MS19032_CGAGGAATCCACAGCG,2.675808,16.766836,pancreatic A cell,SAMN12500521
MS19032_TGGATGTTCAGTGTGT,2.0268633,21.858555,pancreatic A cell,SAMN12500521
MS19032_GCTCAAACATAGCACT,0.13165899,9.053748,type B pancreatic cell,SAMN12500521
MS19032_GGTGAAGTCGAGTCTA,3.0722852,20.221392,pancreatic A cell,SAMN12500521
MS19032_CACGAATCACCCGTAG,2.4081502,19.003761,pancreatic A cell,SAMN12500521
MS19032_GTGAGGAGTATGCTAC,2.5451407,18.21357,pancreatic A cell,SAMN12500521
MS19032_TTGGGCGCACTAGTAC,1.6718256,2.651741,type B pancreatic cell,SAMN12500521
MS19032_TCTTGCGAGGTGATAT,6.708016,17.605688,pancreatic A cell,SAMN12500521
MS19032_TCCTAATGTTCTTGCC,1.6507213,-6.292957,pancreatic ductal cell,SAMN12500521
MS19032_TGTAGACAGGGTAGCT,2.6828616,16.788939,pancreatic A cell,SAMN12500521
MS19032_GCATTAGTCCTCTCTT,-0.0010063255,3.321569,type B pancreatic cell,SAMN12500521
MS19032_GAATCACCAGGCACAA,3.2457175,15.432531,pancreatic A cell,SAMN12500521
MS19032_CTTTCAAAGCTCCGAC,2.4415426,6.3604217,type B pancreatic cell,SAMN12500521
MS19032_AGAAGTACAAATACGA,2.6278906,16.713308,pancreatic A cell,SAMN12500521
MS19032_GTAGGAGTCTCCATAT,3.2967927,19.73496,pancreatic A cell,SAMN12500521
MS19032_ACGCACGGTTTGATCG,1.8049836,5.161855,type B pancreatic cell,SAMN12500521
MS19032_CAATTTCGTCGCACGT,5.266207,17.053984,pancreatic A cell,SAMN12500521
MS19032_TCTGCCAGTTGTCTAG,-0.6247808,8.7016325,type B pancreatic cell,SAMN12500521
MS19032_GTGCAGCTCGAGAAAT,4.027039,16.323954,pancreatic A cell,SAMN12500521
MS19032_AACCCAACATTGTCGA,-5.144137,-2.3084495,pancreatic acinar cell,SAMN12500521
MS19032_CTCGAGGAGGTTCTAC,3.0848358,6.2378626,type B pancreatic cell,SAMN12500521
MS19032_TGTAACGAGTAGTCTC,0.9117503,5.3304286,type B pancreatic cell,SAMN12500521
MS19032_CCGATGGGTTCCTACC,2.3899229,4.707613,type B pancreatic cell,SAMN12500521
MS19032_TCCACGTTCGGCTTCT,-0.89511,5.358772,type B pancreatic cell,SAMN12500521
MS19032_TCTCTGGGTGCCGTTG,1.9774116,18.693293,pancreatic A cell,SAMN12500521
MS19032_ACAAAGACACGTATAC,2.0524096,2.7734716,type B pancreatic cell,SAMN12500521
MS19032_CTAGACAAGAGCCATG,5.488517,15.780538,pancreatic A cell,SAMN12500521
MS19032_AACCATGCAAGAGGTC,4.710269,18.998077,pancreatic A cell,SAMN12500521
MS19032_AAGTACCTCACTTGGA,-5.7465315,-2.9449475,pancreatic acinar cell,SAMN12500521
MS19032_TTACGTTTCGTCAAAC,0.89339423,7.1638103,type B pancreatic cell,SAMN12500521
MS19032_AGCCAATGTTAGTTCG,3.482851,19.668072,pancreatic A cell,SAMN12500521
MS19032_CGGGACTCACACCGCA,3.6489224,17.539604,pancreatic A cell,SAMN12500521
MS19032_ACTGATGTCTCTGAGA,3.415563,3.9421058,type B pancreatic cell,SAMN12500521
MS19032_AGTGATCTCTGCGATA,4.748103,19.188635,pancreatic A cell,SAMN12500521
MS19032_TTCACGCTCTCTGCTG,3.239636,4.0809503,type B pancreatic cell,SAMN12500521
MS19032_AAATGGACACTCCTTG,1.8259612,19.585598,pancreatic A cell,SAMN12500521
MS19032_AGCATCAGTCCAGGTC,4.4310975,15.303537,pancreatic A cell,SAMN12500521
MS19032_GAGAGGTAGCATCGAG,3.5354536,4.9089546,type B pancreatic cell,SAMN12500521
MS19032_GGTGAAGCACCCTTAC,2.9408627,14.900908,type B pancreatic cell,SAMN12500521
MS19032_AAACGAATCCCTTCCC,-0.33219776,-3.85851,pancreatic ductal cell,SAMN12500521
MS19032_GTGTGGCCAAACGTGG,3.82711,5.825103,type B pancreatic cell,SAMN12500521
MS19032_CTACATTCACAATCTG,-0.30735767,4.1715307,type B pancreatic cell,SAMN12500521
MS19032_AGCCACGCATAAGCGG,4.3074155,15.761792,pancreatic A cell,SAMN12500521
MS19032_TCTCACGTCGGTCGAC,4.2145925,16.059952,pancreatic A cell,SAMN12500521
MS19032_AATGGCTAGGGCTAAC,1.1875923,7.1937056,type B pancreatic cell,SAMN12500521
MS19032_TCGACGGTCCTCACGT,4.1324534,5.4087853,type B pancreatic cell,SAMN12500521
MS19032_TGTACAGCAGCAGTGA,4.291006,5.43708,type B pancreatic cell,SAMN12500521
MS19032_CTATCTAAGGGACTGT,2.9462194,18.181446,pancreatic A cell,SAMN12500521
MS19032_TATCGCCCACACTTAG,2.8065243,18.310032,pancreatic A cell,SAMN12500521
MS19032_AGTGCCGCATACAGCT,0.40480906,-5.053037,pancreatic ductal cell,SAMN12500521
MS19032_GGCGTCAGTGGGCTTC,1.5656501,19.843668,pancreatic A cell,SAMN12500521
MS19032_TGATTTCTCCATTGGA,-4.663249,3.4575253,pancreatic D cell,SAMN12500521
MS19032_CCAAGCGCAACACAGG,-1.2800504,-4.665764,pancreatic acinar cell,SAMN12500521
MS19032_CTGGCAGGTAATCAGA,-3.5444882,-2.5475886,pancreatic acinar cell,SAMN12500521
MS19032_GTAGAAAAGCCTGGAA,0.5833653,8.415704,type B pancreatic cell,SAMN12500521
MS19032_AAAGGTAAGGCCATAG,3.4925752,5.8891506,type B pancreatic cell,SAMN12500521
MS19032_GCCCGAATCTTGGATG,0.30150458,8.181737,type B pancreatic cell,SAMN12500521
MS19032_GTAGTACCAACAGATA,3.7226758,5.353449,type B pancreatic cell,SAMN12500521
MS19032_ACTCCCAGTTATGACC,3.6468675,4.7951355,type B pancreatic cell,SAMN12500521
MS19032_TATCAGGCAGAGTTCT,-2.0706763,8.220338,type B pancreatic cell,SAMN12500521
MS19032_CCTTTGGAGTACAGAT,-3.2795112,4.7581058,type B pancreatic cell,SAMN12500521
MS19032_GGATGTTGTGTTACAC,0.25981596,6.0469756,type B pancreatic cell,SAMN12500521
MS19032_AAGCCATGTAGAGATT,13.132878,-1.130034,pancreatic stellate cell,SAMN12500521
MS19032_ATTATCCCAAAGCAAT,2.3783975,20.802362,pancreatic A cell,SAMN12500521
MS19032_AGGATCTAGGCTTAGG,0.3390363,5.587612,type B pancreatic cell,SAMN12500521
MS19032_GCTGCAGTCATACGGT,-0.99959844,7.925073,type B pancreatic cell,SAMN12500521
MS19032_TTGCTGCGTGCATCTA,0.18314408,7.60629,type B pancreatic cell,SAMN12500521
MS19032_AATTTCCCAATCGTCA,3.4909456,18.159967,pancreatic A cell,SAMN12500521
MS19032_GTCTCACTCAAACTGC,1.9394165,19.390934,pancreatic A cell,SAMN12500521
MS19032_AAGAACAAGATACGAT,-4.4102125,3.5466049,pancreatic D cell,SAMN12500521
MS19032_TCATGGACAGGTGTTT,2.0259411,6.9966893,type B pancreatic cell,SAMN12500521
MS19032_TCGCAGGGTGATATAG,5.109795,16.530096,pancreatic A cell,SAMN12500521
MS19032_GGTAGAGTCGTGCATA,0.017771143,6.915335,type B pancreatic cell,SAMN12500521
MS19032_TCGCACTAGCGGGTAT,0.60934097,4.4795322,type B pancreatic cell,SAMN12500521
MS19032_CGTGATAAGTGTAGTA,-0.48791513,2.4924579,type B pancreatic cell,SAMN12500521
MS19032_AGAGAATTCTCGCGTT,0.108007886,4.423131,type B pancreatic cell,SAMN12500521
MS19032_AGGTTACAGTGTTGAA,-0.97138184,3.3749664,type B pancreatic cell,SAMN12500521
MS19032_ACGGTCGGTAGACGGT,-0.45524517,-6.668792,pancreatic ductal cell,SAMN12500521
MS19032_CTGGCAGAGTTGCTCA,2.4584308,18.765427,pancreatic A cell,SAMN12500521
MS19032_AGTCAACCAGTCAACT,4.593021,17.10396,pancreatic A cell,SAMN12500521
MS19032_TACCGAACACGTCTCT,2.3250859,18.309053,pancreatic A cell,SAMN12500521
MS19032_TGCGGGTGTGTGAATA,-0.24574879,5.3814344,type B pancreatic cell,SAMN12500521
MS19032_TCGGTCTCAATTTCCT,3.6597922,16.489561,pancreatic A cell,SAMN12500521
MS19032_AGGCTGCGTACCTAGT,1.847082,16.95283,pancreatic A cell,SAMN12500521
MS19032_ACGGTCGAGGGCAGTT,1.5192281,6.553827,type B pancreatic cell,SAMN12500521
MS19032_ATCGCCTAGTCAGCCC,3.0378158,21.324253,pancreatic A cell,SAMN12500521
MS19032_ACTTTGTCATGGCCAC,1.549899,4.750077,type B pancreatic cell,SAMN12500521
MS19032_CTTAGGATCTAGGCCG,2.5598302,18.426277,pancreatic A cell,SAMN12500521
MS19032_GTTATGGCATGCCGAC,-2.177997,8.94389,type B pancreatic cell,SAMN12500521
MS19032_GGTGTCGTCCTTTGAT,3.6470616,16.671602,pancreatic A cell,SAMN12500521
MS19032_GAATCACGTATCAGCT,3.1564443,20.453724,pancreatic A cell,SAMN12500521
MS19032_CTCGAGGCAATGTTGC,4.8599863,20.468407,pancreatic A cell,SAMN12500521
MS19032_TGCGGCATCTATCGGA,3.288296,19.751616,pancreatic A cell,SAMN12500521
MS19032_GGAATGGTCGAAGAAT,4.425302,4.7883463,type B pancreatic cell,SAMN12500521
MS19032_TGCGATAGTACAGAAT,3.0535033,7.3781834,type B pancreatic cell,SAMN12500521
MS19032_ACTCTCGGTTGCAAGG,3.8314443,19.303387,pancreatic A cell,SAMN12500521
MS19032_TCGATTTCAAATGGTA,-1.5847645,-5.7852015,pancreatic ductal cell,SAMN12500521
MS19032_CAGCAATCATGACTCA,2.0041144,4.61756,type B pancreatic cell,SAMN12500521
MS19032_CAAGAGGCACGTACAT,1.0841807,-5.938839,pancreatic ductal cell,SAMN12500521
MS19032_CACGAATTCTAGTGAC,2.7481184,19.687609,pancreatic A cell,SAMN12500521
MS19032_CATCGTCCACGGGCTT,4.4001765,15.949599,pancreatic A cell,SAMN12500521
MS19032_CCAATTTAGTGCTCGC,5.21627,15.411245,pancreatic A cell,SAMN12500521
MS19032_ATCGTGATCGTGGGAA,2.1412687,17.624651,pancreatic A cell,SAMN12500521
MS19032_CCTCTCCTCTATACTC,3.541729,21.022198,pancreatic A cell,SAMN12500521
MS19032_CGCCATTTCTGCTAGA,1.8871772,4.6874924,type B pancreatic cell,SAMN12500521
MS19032_GATGTTGAGCACCGTC,1.3864698,7.989935,type B pancreatic cell,SAMN12500521
MS19032_ACAGGGAGTACGGCAA,2.0306659,5.4062357,type B pancreatic cell,SAMN12500521
MS19032_ATTCCTATCCGATGTA,2.444667,17.602703,pancreatic A cell,SAMN12500521
MS19032_CTTCAATGTCAGATTC,2.6257443,2.525676,type B pancreatic cell,SAMN12500521
MS19032_TCGTAGAAGGGACTGT,1.0027417,19.641455,pancreatic A cell,SAMN12500521
MS19032_CAGCGTGGTGTATTGC,3.215678,21.584158,pancreatic A cell,SAMN12500521
MS19032_CACCGTTTCCGTTGAA,1.2292014,4.3218675,type B pancreatic cell,SAMN12500521
MS19032_TCGACGGTCTCCTACG,2.6533813,20.29308,pancreatic A cell,SAMN12500521
MS19032_ATCGATGCAACTGAAA,1.5251725,5.368306,type B pancreatic cell,SAMN12500521
MS19032_GAGTTTGCATATTCGG,5.010915,16.82414,pancreatic A cell,SAMN12500521
MS19032_ACCTGAATCCATTGTT,0.050473675,8.505479,type B pancreatic cell,SAMN12500521
MS19032_ACACCAAAGTGGCCTC,5.0656734,15.399782,pancreatic A cell,SAMN12500521
MS19032_TGGTTAGCAGTAACGG,4.407892,17.338356,pancreatic A cell,SAMN12500521
MS19032_GTATTGGAGCCAGAGT,1.8702842,19.352072,pancreatic A cell,SAMN12500521
MS19032_TGATGCATCTTGGTCC,2.2099802,21.810358,pancreatic A cell,SAMN12500521
MS19032_CACGTTCAGGACAGTC,14.234964,2.901685,endothelial cell,SAMN12500521
MS19032_TGGAACTGTACGAGCA,3.650157,6.2235017,type B pancreatic cell,SAMN12500521
MS19032_TTACTGTAGAACGCGT,2.4430299,20.305565,pancreatic A cell,SAMN12500521
MS19032_GTTGTAGCAAGGAGTC,2.6737146,6.950947,type B pancreatic cell,SAMN12500521
MS19032_GCACATATCATTCCTA,2.3332868,19.319668,pancreatic A cell,SAMN12500521
MS19032_GACTTCCTCGGTTGTA,0.63154286,19.068237,pancreatic A cell,SAMN12500521
MS19032_GGACGTCCAGCGTATT,1.6722071,19.77782,pancreatic A cell,SAMN12500521
MS19032_ACCTGAAAGGACTATA,3.062879,4.0739036,type B pancreatic cell,SAMN12500521
MS19032_CAGGGCTTCCTCGCAT,1.6255022,19.635382,pancreatic A cell,SAMN12500521
MS19032_GCTTGGGAGAAGTGTT,-1.2195294,8.372114,type B pancreatic cell,SAMN12500521
MS19032_CACTGTCTCCTCACCA,-0.99245685,7.6152134,type B pancreatic cell,SAMN12500521
MS19032_TACCCACGTAGCGTCC,1.8733449,6.2239995,type B pancreatic cell,SAMN12500521
MS19032_TTGAGTGTCTGTACAG,12.0392065,-1.6530256,pancreatic stellate cell,SAMN12500521
MS19032_GTAGATCAGACATATG,3.5789022,4.492543,type B pancreatic cell,SAMN12500521
MS19032_AGCGATTGTCCAGGTC,0.16460882,19.046679,pancreatic A cell,SAMN12500521
MS19032_TCAGTTTCAAATGGCG,3.8767145,17.84668,pancreatic A cell,SAMN12500521
MS19032_GCAACCGGTGGGTTGA,0.14979926,8.493417,type B pancreatic cell,SAMN12500521
MS19032_GTTAGACCAAAGAGTT,-5.032485,3.6040711,pancreatic D cell,SAMN12500521
MS19032_ACCTACCAGGTCGACA,0.27167186,5.9153132,type B pancreatic cell,SAMN12500521
MS19032_AGCCAGCAGTAAACTG,1.9794761,19.956247,pancreatic A cell,SAMN12500521
MS19032_GAGACCCGTGGGAGAG,1.0408248,2.708373,type B pancreatic cell,SAMN12500521
MS19032_TAGTGCACATTAAGCC,12.537506,0.1690363,pancreatic stellate cell,SAMN12500521
MS19032_ACTCTCGCATCCGATA,3.1367526,15.989577,pancreatic A cell,SAMN12500521
MS19032_GATCCCTGTTTCACTT,0.5202783,7.8444653,type B pancreatic cell,SAMN12500521
MS19032_TCATATCCACTGTGTA,2.0433483,19.827219,pancreatic A cell,SAMN12500521
MS19032_TATTTCGGTATCGTTG,2.4539099,3.4574232,type B pancreatic cell,SAMN12500521
MS19032_TGCGGGTGTACGCTTA,0.56652373,5.4409833,type B pancreatic cell,SAMN12500521
MS19032_AGGATCTTCAAACCTG,-4.1966934,4.1600056,pancreatic D cell,SAMN12500521
MS19032_CAAGGGAAGCGGATCA,2.6996322,16.290339,pancreatic A cell,SAMN12500521
MS19032_TCACACCTCAAAGCCT,2.3606384,19.21873,pancreatic A cell,SAMN12500521
MS19032_CATTCCGTCCGGCAAC,2.1540368,19.760881,pancreatic A cell,SAMN12500521
MS19032_GGCTTGGGTGGTTTGT,-2.5562851,7.8379874,type B pancreatic cell,SAMN12500521
MS19032_TTTCAGTAGAGGGTCT,1.1425515,4.8224187,type B pancreatic cell,SAMN12500521
MS19032_TTTGGTTAGCCTGTCG,2.041661,18.5858,pancreatic A cell,SAMN12500521
MS19032_TACAGGTCACATAACC,1.3342469,18.718401,pancreatic A cell,SAMN12500521
MS19032_AGCGCCACAGTCTGGC,1.8313876,16.6494,pancreatic A cell,SAMN12500521
MS19032_TCCACGTGTAATACCC,3.952219,5.8241787,type B pancreatic cell,SAMN12500521
MS19032_CTGGACGCAGCTATTG,5.8880754,15.648566,pancreatic A cell,SAMN12500521
MS19032_TTGGGATCAGACTCTA,0.14676075,17.858803,pancreatic A cell,SAMN12500521
MS19032_TACATTCCAGCGGTTC,4.9365478,18.554636,pancreatic A cell,SAMN12500521
MS19032_GCGTTTCCACACTGGC,-5.625918,2.6200488,pancreatic D cell,SAMN12500521
MS19032_CTAAGTGGTAGCGTCC,0.09657379,6.2165327,type B pancreatic cell,SAMN12500521
MS19032_TGTGCGGTCGAGAGCA,3.1625206,19.543442,pancreatic A cell,SAMN12500521
MS19032_TGAATCGTCCACTTCG,1.1543036,19.086828,pancreatic A cell,SAMN12500521
MS19032_GGATCTAGTCTTCGAA,0.95415646,20.608122,pancreatic A cell,SAMN12500521
MS19032_AGCATCAAGAGTCCGA,3.4623094,6.8519354,type B pancreatic cell,SAMN12500521
MS19032_ATGCATGCACACCAGC,1.6566719,19.651968,pancreatic A cell,SAMN12500521
MS19032_GAGTGAGCAGTCGTTA,4.27474,16.63573,pancreatic A cell,SAMN12500521
MS19032_GGTGGCTAGAGGATCC,2.835432,7.418029,type B pancreatic cell,SAMN12500521
MS19032_GGGAGTAGTACAGTTC,-4.536602,3.1850934,pancreatic D cell,SAMN12500521
MS19032_AGACTCACAGCGTTTA,-1.0432515,5.439673,type B pancreatic cell,SAMN12500521
MS19032_AGGTCATGTGGCATCC,1.0911531,17.478825,pancreatic A cell,SAMN12500521
MS19032_AGCATCATCGTTGTGA,2.628121,18.39793,pancreatic A cell,SAMN12500521
MS19032_ACTTTCATCAACGAGG,1.9107864,19.434286,pancreatic A cell,SAMN12500521
MS19032_GATAGCTGTCGAAGCA,3.7165027,17.029202,pancreatic A cell,SAMN12500521
MS19032_CCTTCAGGTGCGGTAA,1.9312522,20.080294,pancreatic A cell,SAMN12500521
MS19032_TCTTTGACAACATCGT,3.007343,4.2653246,type B pancreatic cell,SAMN12500521
MS19032_AGCTCAATCAACGAGG,1.5033485,17.270784,pancreatic A cell,SAMN12500521
MS19032_AAAGGATCAACCGCTG,4.222219,16.91286,pancreatic A cell,SAMN12500521
MS19032_GCACGTGCATTCACAG,1.4352982,17.343658,pancreatic A cell,SAMN12500521
MS19032_TCAGCAACAGGTAGTG,2.5426574,16.62015,pancreatic A cell,SAMN12500521
MS19032_GTTGCTCAGCGGATCA,2.2067544,5.408284,type B pancreatic cell,SAMN12500521
MS19032_TTCGCTGTCCCATAAG,1.4625906,19.455564,pancreatic A cell,SAMN12500521
MS19032_AGAGAGCAGAGCAGCT,-0.35529092,8.128223,type B pancreatic cell,SAMN12500521
MS19032_GGGTTATTCGATACTG,0.49672276,4.491783,type B pancreatic cell,SAMN12500521
MS19032_ACAAAGAAGACGAAGA,0.8620246,7.5668783,type B pancreatic cell,SAMN12500521
MS19032_TAGTGCACACTCATAG,4.2702827,15.442617,pancreatic A cell,SAMN12500521
MS19032_CCACCATCAGTTAGGG,-4.6479244,2.9265964,pancreatic D cell,SAMN12500521
MS19032_GTGGGAACAGGTGTGA,2.1168115,18.8791,pancreatic A cell,SAMN12500521
MS19032_TTGATGGCATACTGTG,0.9881973,8.323199,type B pancreatic cell,SAMN12500521
MS19032_CCGTGAGAGTACCGGA,3.4714863,19.92269,pancreatic A cell,SAMN12500521
MS19032_CGTAAGTGTTGAATCC,3.1401768,17.421186,pancreatic A cell,SAMN12500521
MS19032_ATGCGATTCTACTCAT,1.3667699,5.0386596,type B pancreatic cell,SAMN12500521
MS19032_TGTGTGACATACTGTG,-0.09678656,8.562246,type B pancreatic cell,SAMN12500521
MS19032_AAGCGTTCATCCGAGC,-0.16898385,4.2125196,type B pancreatic cell,SAMN12500521
MS19032_GCCAACGAGCAGGCTA,3.4719326,6.011757,type B pancreatic cell,SAMN12500521
MS19032_GACACGCGTGAGACGT,1.822844,8.364948,type B pancreatic cell,SAMN12500521
MS19032_TTAGTCTAGCAACAAT,3.1836035,16.70235,pancreatic A cell,SAMN12500521
MS19032_TCTCACGGTCACGCTG,0.54913336,8.590352,type B pancreatic cell,SAMN12500521
MS19032_CATACAGTCATTCTTG,3.3982894,4.473651,type B pancreatic cell,SAMN12500521
MS19032_GATTCTTGTCATCCGG,-0.27887663,4.720659,type B pancreatic cell,SAMN12500521
MS19032_TGGGAAGAGTAAATGC,3.771106,5.3229423,type B pancreatic cell,SAMN12500521
MS19032_CAGCCAGGTCGCACAC,0.7456919,18.613733,pancreatic A cell,SAMN12500521
MS19032_GGAGGTATCTCAGTCC,1.9329432,17.057253,pancreatic A cell,SAMN12500521
MS19032_GCCATTCAGTTTGTCG,0.25769144,4.2501526,type B pancreatic cell,SAMN12500521
MS19032_AGATCGTTCGTAGTCA,5.2438474,19.243114,pancreatic A cell,SAMN12500521
MS19032_GCGGAAATCCTGGTCT,3.812021,17.853224,pancreatic A cell,SAMN12500521
MS19032_ATGGGTTGTTCGGGTC,2.0963619,4.9357553,type B pancreatic cell,SAMN12500521
MS19032_TCTATACCACAGCCTG,2.5799003,3.4509869,type B pancreatic cell,SAMN12500521
MS19032_TGAGCATGTGGTCTAT,6.3586555,17.950323,pancreatic A cell,SAMN12500521
MS19032_GTCAAGTTCGATTCCC,1.1149179,18.523561,pancreatic A cell,SAMN12500521
MS19032_CATGCGGTCATTGCTT,2.3170176,17.16541,pancreatic A cell,SAMN12500521
MS19032_CGAAGTTTCTATGCCC,0.6482396,6.0340567,type B pancreatic cell,SAMN12500521
MS19032_TGCGGGTTCTTCACGC,0.28491598,17.849598,pancreatic A cell,SAMN12500521
MS19032_AGACAAAGTAGTGTGG,4.4121113,19.785524,pancreatic A cell,SAMN12500521
MS19032_GTTACGAAGTTACTCG,4.2534995,5.4173346,type B pancreatic cell,SAMN12500521
MS19032_CTGATCCGTTCTTAGG,-0.3677193,3.1630738,type B pancreatic cell,SAMN12500521
MS19032_GAAGGACGTTGTGTTG,3.654363,5.1654677,type B pancreatic cell,SAMN12500521
MS19032_CATTTCAGTGTTGAGG,1.6026329,8.087295,type B pancreatic cell,SAMN12500521
MS19032_TCTCAGCAGATCCCAT,3.2829854,7.3463984,type B pancreatic cell,SAMN12500521
MS19032_ACAAAGAAGAGGACTC,-1.4673796,6.823704,type B pancreatic cell,SAMN12500521
MS19032_ATGGGAGTCAATGTCG,1.1436924,-5.8228054,pancreatic ductal cell,SAMN12500521
MS19032_TTCTCTCTCAGCGCGT,-4.2630925,4.2300344,pancreatic D cell,SAMN12500521
MS19032_ATGCCTCCACAGTCCG,2.4987218,7.1712046,type B pancreatic cell,SAMN12500521
MS19032_TAGTGCATCTCATAGG,2.921591,7.402112,type B pancreatic cell,SAMN12500521
MS19032_GTAGAGGAGCTTCATG,2.4022665,6.17687,type B pancreatic cell,SAMN12500521
MS19032_GATGATCTCGCGCTGA,2.1194901,4.3536005,type B pancreatic cell,SAMN12500521
MS19032_CGCCATTTCCACTGGG,-1.7032875,6.8147426,type B pancreatic cell,SAMN12500521
MS19032_GTGATGTAGAATACAC,1.3173075,18.882273,pancreatic A cell,SAMN12500521
MS19032_TCACTATAGGTCATAA,2.1607304,17.091108,pancreatic A cell,SAMN12500521
MS19032_TTGCATTGTCTCTCCA,3.6950192,21.627586,pancreatic A cell,SAMN12500521
MS19032_CCCTCAAGTTCCGTTC,1.2830229,8.576736,type B pancreatic cell,SAMN12500521
MS19032_CGAGAAGTCTCTGAGA,6.1130514,15.761657,pancreatic A cell,SAMN12500521
MS19032_AAGGAATGTGCGTCGT,-0.39084378,2.9165957,type B pancreatic cell,SAMN12500521
MS19032_GTATTGGTCAATGCAC,2.1138911,3.3992367,type B pancreatic cell,SAMN12500521
MS19032_TCCTGCAAGAGAGTTT,-0.7227719,7.905239,type B pancreatic cell,SAMN12500521
MS19032_GATAGCTGTTCTCGTC,3.961948,20.398155,pancreatic A cell,SAMN12500521
MS19032_GTCTGTCAGGCTATCT,-0.15039302,7.5131617,type B pancreatic cell,SAMN12500521
MS19032_TGAGACTCACTGTCGG,1.8870238,17.399652,pancreatic A cell,SAMN12500521
MS19032_AGACACTTCGTAGTGT,-4.782558,3.6349626,pancreatic D cell,SAMN12500521
MS19032_AAGGAATTCCCGAAAT,0.451356,7.167575,type B pancreatic cell,SAMN12500521
MS19032_TTTGGAGTCAGCTCTC,-0.7132944,4.1396203,type B pancreatic cell,SAMN12500521
MS19032_TGACGCGGTGGGACAT,2.37732,17.982758,pancreatic A cell,SAMN12500521
MS19032_ACCCAAAAGTGATTCC,-0.6835667,8.498243,type B pancreatic cell,SAMN12500521
MS19032_TGATGCAGTGGGTATG,0.81659675,4.4806914,type B pancreatic cell,SAMN12500521
MS19032_TAGCACACAAGGCCTC,3.8240032,5.887005,type B pancreatic cell,SAMN12500521
MS19032_TGGGCGTGTACAGAGC,2.1950972,19.479937,pancreatic A cell,SAMN12500521
MS19032_TCCTCTTAGAACGCGT,2.0752633,5.565505,type B pancreatic cell,SAMN12500521
MS19032_CTGGTCTTCGCAGATT,4.188851,16.13812,pancreatic A cell,SAMN12500521
MS19032_GAACACTGTGTCTCCT,-1.1882262,5.2142797,type B pancreatic cell,SAMN12500521
MS19032_GATCATGCAATAAGGT,4.376082,5.070559,type B pancreatic cell,SAMN12500521
MS19032_TCATTTGTCACTTGGA,1.9788641,16.674627,pancreatic A cell,SAMN12500521
MS19032_TCCGATCTCCCAAGTA,0.19136441,3.9982107,type B pancreatic cell,SAMN12500521
MS19032_GTGTTAGGTACTGCGC,1.2946625,4.2999825,type B pancreatic cell,SAMN12500521
MS19032_CCCTAACTCAGCACCG,3.0252304,16.975456,pancreatic A cell,SAMN12500521
MS19032_TTTGACTGTCCAAAGG,-4.224317,3.9085186,pancreatic D cell,SAMN12500521
MS19032_AGGCCACTCGGCATAT,-0.35054445,3.221721,type B pancreatic cell,SAMN12500521
MS19032_AGTCAACCAGTGTACT,2.61602,18.758455,pancreatic A cell,SAMN12500521
MS19032_AACCTTTAGGACAGTC,3.4196084,6.093673,type B pancreatic cell,SAMN12500521
MS19032_AACACACAGGGTTAAT,1.8594191,4.6046133,type B pancreatic cell,SAMN12500521
MS19032_AGACCATAGCTATCTG,3.2825975,6.6605673,type B pancreatic cell,SAMN12500521
MS19032_GAGGCAATCTCACGAA,0.28710052,4.362236,type B pancreatic cell,SAMN12500521
MS19032_AGAGAGCAGTGTCATC,4.3004165,15.905802,pancreatic A cell,SAMN12500521
MS19032_TGGAGGACAAGAGAGA,12.923663,-0.47015142,pancreatic stellate cell,SAMN12500521
MS19032_CTCACTGGTAGGCAAC,5.6507564,16.216125,pancreatic A cell,SAMN12500521
MS19032_GAAGGGTCAGAAATTG,4.8640594,15.515532,pancreatic A cell,SAMN12500521
MS19032_AGAGAGCTCTCTTGCG,2.9426572,4.5150785,type B pancreatic cell,SAMN12500521
MS19032_AAACGAAAGTATCCTG,1.3715427,19.988272,pancreatic A cell,SAMN12500521
MS19032_TGGGCTGTCATTTGCT,3.7300649,20.853241,pancreatic A cell,SAMN12500521
MS19032_TCGTCCAGTCTTTCAT,3.042586,18.861385,pancreatic A cell,SAMN12500521
MS19032_TTCGCTGGTCTGCGCA,0.26882565,4.60732,type B pancreatic cell,SAMN12500521
MS19032_GTCGTTCCAAGTGATA,1.4614651,8.345537,type B pancreatic cell,SAMN12500521
MS19032_AGACAGGTCCTGTAAG,1.6859305,5.1391153,type B pancreatic cell,SAMN12500521
MS19032_TCGCTCAAGATGAACT,13.255474,-0.9488238,pancreatic stellate cell,SAMN12500521
MS19032_CAACAACCAGTTCTAG,2.1271996,7.853764,type B pancreatic cell,SAMN12500521
MS19032_TTCCTCTTCCACGGGT,3.6324122,18.131931,pancreatic A cell,SAMN12500521
MS19032_AATTTCCCACTCAAGT,-0.23312119,6.34463,type B pancreatic cell,SAMN12500521
MS19032_GTCTACCTCCGAACGC,4.7298584,15.544763,pancreatic A cell,SAMN12500521
MS19032_GCTTGGGGTTCGGCTG,-0.04889543,6.8255787,type B pancreatic cell,SAMN12500521
MS19032_TATTGCTAGGACAGCT,0.48473802,-6.457572,pancreatic ductal cell,SAMN12500521
MS19032_ATCCACCCACAGTATC,0.819526,20.277706,pancreatic A cell,SAMN12500521
MS19032_AGGTGTTCAAGTGCAG,-3.862098,4.60248,type B pancreatic cell,SAMN12500521
MS19032_CTGATCCCACCAGCGT,3.9873343,18.044342,pancreatic A cell,SAMN12500521
MS19032_CTCCAACTCATTATCC,1.922892,19.936798,pancreatic A cell,SAMN12500521
MS19032_CAGCCAGGTGGTTTAC,1.31069,5.335346,type B pancreatic cell,SAMN12500521
MS19032_GGACGTCGTGAGGCAT,-0.45434386,8.538681,type B pancreatic cell,SAMN12500521
MS19032_AAAGAACAGGTACAGC,3.3987455,16.958147,pancreatic A cell,SAMN12500521
MS19032_AGACAAAAGGAGAGGC,1.0925902,4.0866823,type B pancreatic cell,SAMN12500521
MS19032_ATGCGATCAGAACTCT,-0.23058623,6.472287,type B pancreatic cell,SAMN12500521
MS19032_ACCAACAAGACGGATC,5.9389334,16.264025,pancreatic A cell,SAMN12500521
MS19032_CTGTATTAGTTGCCTA,2.0397284,17.438091,pancreatic A cell,SAMN12500521
MS19032_TATACCTAGCACTCAT,2.2917352,5.187926,type B pancreatic cell,SAMN12500521
MS19032_GCTACCTAGAGCAACC,2.0377057,19.356277,pancreatic A cell,SAMN12500521
MS19032_GGAGATGTCGGCTTGG,-1.0379562,6.7002645,type B pancreatic cell,SAMN12500521
MS19032_CTCCACATCTATGTGG,2.1519117,20.248196,pancreatic A cell,SAMN12500521
MS19032_GAATAGAAGTATGCAA,2.4363441,2.4582162,type B pancreatic cell,SAMN12500521
MS19032_CAGCACGTCGGTGAAG,4.405313,19.251179,pancreatic A cell,SAMN12500521
MS19032_AGGACGAGTTCTTAGG,-0.49894667,-6.8389125,pancreatic ductal cell,SAMN12500521
MS19032_GTAATGCTCATCTGTT,3.8938425,5.1325016,type B pancreatic cell,SAMN12500521
MS19032_ACTTAGGTCGCTAAAC,4.3130426,17.456923,pancreatic A cell,SAMN12500521
MS19032_CTCATGCAGAGGTTAT,4.618991,17.225355,pancreatic A cell,SAMN12500521
MS19032_GGGCGTTCAATCGAAA,-1.390265,7.4298086,type B pancreatic cell,SAMN12500521
MS19032_TGAGCGCAGGGAGGCA,3.3692768,18.973635,pancreatic A cell,SAMN12500521
MS19032_TGAGGGAGTTTGGGAG,-0.33396494,5.807521,type B pancreatic cell,SAMN12500521
MS19032_GCATCTCGTGTGTGGA,3.1127596,16.978624,pancreatic A cell,SAMN12500521
MS19032_GTGTTAGCACAAATCC,2.546127,17.127132,pancreatic A cell,SAMN12500521
MS19032_TCTCTGGTCAAGATAG,0.67665666,-4.7166276,pancreatic ductal cell,SAMN12500521
MS19032_GCGGAAACAGGGCTTC,0.7271651,3.6869488,type B pancreatic cell,SAMN12500521
MS19032_TTGACCCGTCACAATC,2.5007665,7.6428223,type B pancreatic cell,SAMN12500521
MS19032_TGAGGAGCACTTGTCC,-4.4999475,4.055263,pancreatic D cell,SAMN12500521
MS19032_AGTTCCCTCTCCTGCA,0.93159175,6.2956367,type B pancreatic cell,SAMN12500521
MS19032_CACTAAGAGGTCCCGT,3.529073,18.548038,pancreatic A cell,SAMN12500521
MS19032_CATTCTAGTTGTACGT,-2.0034027,8.220333,type B pancreatic cell,SAMN12500521
MS19032_GTAGTACTCCATTTGT,4.7384305,15.41613,pancreatic A cell,SAMN12500521
MS19032_TTCAGGACAGAATGTA,2.13476,3.1281893,type B pancreatic cell,SAMN12500521
MS19032_TTTCGATTCTTCTGGC,1.3845999,4.3515167,type B pancreatic cell,SAMN12500521
MS19032_CCTCAACGTTACCTGA,1.3548766,16.871847,pancreatic A cell,SAMN12500521
MS19032_CGTAGTAAGACTTAAG,-1.7849491,8.609855,type B pancreatic cell,SAMN12500521
MS19032_CATCCGTAGCTGTACT,1.5489475,18.992085,pancreatic A cell,SAMN12500521
MS19032_TATTTCGTCGGCACTG,-1.2879001,7.5945897,type B pancreatic cell,SAMN12500521
MS19032_CATAAGCTCGCGTCGA,5.3955526,17.70639,pancreatic A cell,SAMN12500521
MS19032_ACAACCAAGTCATCGT,-4.075251,3.7930553,pancreatic D cell,SAMN12500521
MS19032_TTCTGTATCCTTGGAA,2.8843749,17.309189,pancreatic A cell,SAMN12500521
MS19032_GGTAGAGTCAGAACCT,2.8043184,21.242586,pancreatic A cell,SAMN12500521
MS19032_GGTAACTCAGGCAATG,3.8174815,5.632418,type B pancreatic cell,SAMN12500521
MS19032_CTAACCCGTTACGTAC,-3.0593266,5.426524,type B pancreatic cell,SAMN12500521
MS19032_TCGGATACAAAGGGTC,0.85084885,4.251627,type B pancreatic cell,SAMN12500521
MS19032_TAAGCCACAGCTACTA,-2.3675187,8.155703,type B pancreatic cell,SAMN12500521
MS19032_ATGTCTTAGGGTATAT,3.808524,15.711272,pancreatic A cell,SAMN12500521
MS19032_GATCACACATAGGAGC,0.27950084,19.054832,pancreatic A cell,SAMN12500521
MS19032_TTACCATGTATCAGGG,3.4894032,4.714798,type B pancreatic cell,SAMN12500521
MS19038_CCTCAACAGATTACCC,1.6805025,5.161003,type B pancreatic cell,SAMN12673306
MS19038_GAGACCCAGGTGCCTC,4.326003,5.711818,type B pancreatic cell,SAMN12673306
MS19038_TGTCAGATCACTTATC,3.3591068,19.579088,pancreatic A cell,SAMN12673306
MS19038_ACTGTGATCCAGTGCG,11.75149,0.18547033,pancreatic stellate cell,SAMN12673306
MS19038_GGGCTACTCATTTCCA,5.9179606,18.128126,pancreatic A cell,SAMN12673306
MS19038_CATAAGCTCACCACAA,12.92477,-0.4297553,pancreatic stellate cell,SAMN12673306
MS19038_CTAACCCCAGGTTTAC,5.147472,19.402597,pancreatic A cell,SAMN12673306
MS19038_GCACGGTGTGCCTTTC,11.697621,0.3582317,pancreatic stellate cell,SAMN12673306
MS19038_TGGAGGAGTCTAACGT,-4.670381,5.1627955,type B pancreatic cell,SAMN12673306
MS19038_TCGCACTCACGCGTGT,10.342955,8.500691,pancreatic PP cell,SAMN12673306
MS19038_CAACAACGTCATACCA,-0.46035692,5.653157,type B pancreatic cell,SAMN12673306
MS19038_GGGTATTAGTCCCTAA,13.77914,2.1155157,endothelial cell,SAMN12673306
MS19038_ATAGGCTTCCTGGCTT,2.8873224,21.926197,pancreatic A cell,SAMN12673306
MS19038_CATTCCGCAACGATTC,2.1248806,18.037199,pancreatic A cell,SAMN12673306
MS19038_GGGATCCTCGTTGTGA,12.291516,-0.82801706,pancreatic stellate cell,SAMN12673306
MS19038_CGAGAAGCAGGTTCAT,0.572912,3.695169,type B pancreatic cell,SAMN12673306
MS19038_TGACAGTGTTCGGGTC,12.576499,0.22879142,pancreatic stellate cell,SAMN12673306
MS19038_GGGTGAACAGGTGTTT,1.458065,9.2437935,type B pancreatic cell,SAMN12673306
MS19038_ATTTCTGAGCAGTAAT,11.691843,-0.6279209,pancreatic stellate cell,SAMN12673306
MS19038_CGGACACAGACTACGG,4.335651,5.691154,type B pancreatic cell,SAMN12673306
MS19038_TGGTACACACAATCTG,2.6313133,19.659939,pancreatic A cell,SAMN12673306
MS19038_ACATTTCAGTTCGCAT,-1.9046569,9.324806,type B pancreatic cell,SAMN12673306
MS19038_TTTACGTAGTGCTAGG,11.533325,-0.8350979,pancreatic stellate cell,SAMN12673306
MS19038_ACCCAAATCGCGGACT,4.3199563,16.509323,pancreatic A cell,SAMN12673306
MS19038_TGAGACTAGTAGACCG,4.4143577,17.704283,pancreatic A cell,SAMN12673306
MS19038_AGGTCATCAGACAAAT,9.778516,8.584225,pancreatic PP cell,SAMN12673306
MS19038_CTACCCACAGAGGAAA,0.6448473,5.1804576,type B pancreatic cell,SAMN12673306
MS19038_AGTCTCCTCCCTTGGT,3.0168235,20.450865,pancreatic A cell,SAMN12673306
MS19038_TCACAAGGTCGATTAC,1.0364033,18.838865,pancreatic A cell,SAMN12673306
MS19038_ATGAAAGGTCCCTGTT,3.9062705,-4.839464,pancreatic ductal cell,SAMN12673306
MS19038_CCTCTAGAGCCGATCC,-4.1452823,-4.3396974,pancreatic acinar cell,SAMN12673306
MS19038_CAACGATAGGGCCAAT,0.21676207,8.277672,type B pancreatic cell,SAMN12673306
MS19038_TGGTTAGTCCCATAAG,1.575428,19.942179,pancreatic A cell,SAMN12673306
MS19038_CACGTGGCAGGACTAG,-0.0057688737,3.595994,type B pancreatic cell,SAMN12673306
MS19038_TAAGCCAGTGTCTTCC,5.154139,16.718681,pancreatic A cell,SAMN12673306
MS19038_AGGTAGGCAGGACAGT,13.406311,-1.2133731,pancreatic stellate cell,SAMN12673306
MS19038_TACGTCCGTTTGCAGT,-1.2711742,6.474246,type B pancreatic cell,SAMN12673306
MS19038_TCACATTGTTAGAAAC,2.5716574,5.839464,type B pancreatic cell,SAMN12673306
MS19038_TCCTCTTGTGACACAG,1.7407464,17.283585,pancreatic A cell,SAMN12673306
MS19038_CTGCCTATCATGCCGG,3.3686748,-4.6863356,pancreatic ductal cell,SAMN12673306
MS19038_TCCGAAAGTCCCACGA,1.5763193,20.567568,pancreatic A cell,SAMN12673306
MS19038_TGCAGTATCTACTCAT,1.7481371,8.930365,type B pancreatic cell,SAMN12673306
MS19038_GCGGAAAAGCATCTTG,10.16801,8.689038,pancreatic PP cell,SAMN12673306
MS19038_GTGTCCTAGTCGCGAA,1.7734923,6.192043,type B pancreatic cell,SAMN12673306
MS19038_AGAAATGTCCTTGAAG,3.4101486,17.74197,pancreatic A cell,SAMN12673306
MS19038_TCAGGGCGTCTTTATC,12.163217,-1.9346361,pancreatic stellate cell,SAMN12673306
MS19038_TGTTCTAAGGCCTTGC,2.240865,4.1724944,type B pancreatic cell,SAMN12673306
MS19038_TTATTGCCAGGCATGA,3.7592857,16.963526,pancreatic A cell,SAMN12673306
MS19038_CAGATTGAGATCGACG,2.0763254,-5.5988836,pancreatic ductal cell,SAMN12673306
MS19038_TATCTGTAGACTCAAA,14.103277,3.153912,endothelial cell,SAMN12673306
MS19038_AATTCCTTCCGCGATG,2.1964104,6.3537445,type B pancreatic cell,SAMN12673306
MS19038_AATAGAGTCTACGGGC,11.60404,-0.4714054,pancreatic stellate cell,SAMN12673306
MS19038_CAACGATAGGTCGACA,-1.3468246,6.60629,type B pancreatic cell,SAMN12673306
MS19038_CCCGAAGTCAACTTTC,11.238621,-0.3239701,pancreatic stellate cell,SAMN12673306
MS19038_GCGTGCAGTAGTGATA,2.6165369,20.133,pancreatic A cell,SAMN12673306
MS19038_TTCACGCGTCAACGCC,1.5976458,18.94362,pancreatic A cell,SAMN12673306
MS19038_TGATGCAGTTTCGACA,6.7985835,16.700142,pancreatic A cell,SAMN12673306
MS19038_GTAGATCCAATAGGAT,4.4514074,17.25077,pancreatic PP cell,SAMN12673306
MS19038_TGTTCTAAGGCTCCCA,1.3668514,-5.7667823,pancreatic ductal cell,SAMN12673306
MS19038_CATCGCTTCCACCCTA,2.870137,16.786488,pancreatic A cell,SAMN12673306
MS19038_ACATTTCCATCCAATG,1.3558013,6.6159534,type B pancreatic cell,SAMN12673306
MS19038_TCGGGCAGTATGCGTT,2.8995354,20.437788,pancreatic A cell,SAMN12673306
MS19038_GGTGGCTAGAATAACC,-0.73509043,6.687285,type B pancreatic cell,SAMN12673306
MS19038_ACATCCCGTCATGACT,0.61948633,5.9702477,type B pancreatic cell,SAMN12673306
MS19038_TTGGATGTCTTAGCTT,3.8943787,16.741932,pancreatic A cell,SAMN12673306
MS19038_AACCATGCAAAGCACG,11.451734,-0.01779317,pancreatic stellate cell,SAMN12673306
MS19038_GTCCTCAAGCATGCAG,1.3014172,18.518818,pancreatic A cell,SAMN12673306
MS19038_TGCGGCATCTTCCACG,9.895808,8.760693,pancreatic PP cell,SAMN12673306
MS19038_ATCTCTAAGCATTGAA,12.3220415,-0.8914992,pancreatic stellate cell,SAMN12673306
MS19038_TCCCACACAACGGGTA,1.7382971,18.712086,pancreatic A cell,SAMN12673306
MS19038_TCAGTGATCAAGAAAC,11.811182,-0.56047016,pancreatic stellate cell,SAMN12673306
MS19038_CAACAGTGTCGGTGAA,0.31407073,19.135134,pancreatic A cell,SAMN12673306
MS19038_GTCTACCTCCATAGAC,-0.7383,9.801832,type B pancreatic cell,SAMN12673306
MS19038_CAATCGATCAATGTCG,12.965622,-1.0177127,pancreatic stellate cell,SAMN12673306
MS19038_GACACGCTCATCCTAT,12.795984,-1.5678214,pancreatic stellate cell,SAMN12673306
MS19038_GTTTGGAGTCTGTGGC,-5.1423182,2.678314,pancreatic D cell,SAMN12673306
MS19038_CTGTCGTAGATCGGTG,14.02558,2.8773189,endothelial cell,SAMN12673306
MS19038_CATCGTCTCCCACAGG,2.0699034,20.531597,pancreatic A cell,SAMN12673306
MS19038_ATCACGAGTGTGGACA,11.55612,-0.47317645,pancreatic stellate cell,SAMN12673306
MS19038_GTCACGGCAGGTGAGT,12.907597,-2.2210512,pancreatic stellate cell,SAMN12673306
MS19038_TTAGGGTTCCTCAGAA,3.5363345,17.226046,pancreatic A cell,SAMN12673306
MS19038_GTCGTAATCATGAGAA,-2.749497,-3.944368,pancreatic acinar cell,SAMN12673306
MS19038_TACTTGTCATCCAACA,2.5751877,19.547853,pancreatic A cell,SAMN12673306
MS19038_TACACCCCACTTTATC,-2.5584357,8.011146,pancreatic D cell,SAMN12673306
MS19038_AGGGAGTCATTCCTCG,11.453126,-1.2696738,pancreatic stellate cell,SAMN12673306
MS19038_GCCAGGTAGCGAATGC,1.5977329,18.647284,pancreatic A cell,SAMN12673306
MS19038_TCGGTCTCACCTGCAG,2.597855,6.2938366,type B pancreatic cell,SAMN12673306
MS19038_ACGATCAGTTGATGTC,1.2311972,8.776164,type B pancreatic cell,SAMN12673306
MS19038_GTAGTACAGCCTCTGG,4.7609663,16.529367,pancreatic A cell,SAMN12673306
MS19038_TTACGTTGTAGCACGA,4.725623,15.511403,pancreatic A cell,SAMN12673306
MS19038_AGTGCCGTCACGAGGA,3.4092348,17.905046,pancreatic A cell,SAMN12673306
MS19038_CTCCCTCGTACCCGAC,-2.4893472,-4.037619,pancreatic acinar cell,SAMN12673306
MS19038_TCCACGTCACTCAGAT,5.3535323,16.880627,pancreatic A cell,SAMN12673306
MS19038_TGAATCGAGAGCACTG,13.96205,2.8214114,endothelial cell,SAMN12673306
MS19038_TCCTTCTCAGGTTCAT,-1.2991338,8.885758,type B pancreatic cell,SAMN12673306
MS19038_TTGTGGACAGCAGAAC,3.7992225,19.522936,pancreatic A cell,SAMN12673306
MS19038_TCGGGACCACAGTCCG,-2.7479403,3.9761903,type B pancreatic cell,SAMN12673306
MS19038_TCAAGTGAGTTCTACG,1.3110052,21.20066,pancreatic A cell,SAMN12673306
MS19038_AGTCACAAGTAAAGCT,13.0465355,-1.493232,pancreatic stellate cell,SAMN12673306
MS19038_AGCTTCCTCGACTCCT,4.457326,17.080936,pancreatic A cell,SAMN12673306
MS19038_TTACGCCTCCGGACGT,4.536713,19.556747,pancreatic A cell,SAMN12673306
MS19038_GTCAAACAGTAATCCC,-2.8821318,8.215695,type B pancreatic cell,SAMN12673306
MS19038_ATTACTCGTGGACAGT,6.2040668,16.044754,pancreatic A cell,SAMN12673306
MS19038_TTCACGCGTATCGTTG,12.60591,-2.5214424,pancreatic stellate cell,SAMN12673306
MS19038_TCCACGTGTTCGAAGG,0.019648017,7.6640377,type B pancreatic cell,SAMN12673306
MS19038_CATAGACCAGATACCT,14.22672,2.5075555,endothelial cell,SAMN12673306
MS19038_TCATGTTTCATTGCCC,13.231049,-1.7102457,pancreatic stellate cell,SAMN12673306
MS19038_TCAGTGAGTATCAAGA,4.0080347,16.646563,pancreatic A cell,SAMN12673306
MS19038_TGTTACTCACGATTCA,4.4532447,17.327286,pancreatic A cell,SAMN12673306
MS19038_TTTGGTTCATGTTCAG,12.751279,-1.6637661,pancreatic stellate cell,SAMN12673306
MS19038_CACTTCGGTACTGCCG,4.0398917,18.050673,pancreatic A cell,SAMN12673306
MS19038_TTCCTCTGTGTTCATG,2.6248195,15.670126,pancreatic A cell,SAMN12673306
MS19038_TTAGGCAAGTTTCTTC,2.96037,-5.042281,pancreatic ductal cell,SAMN12673306
MS19038_GACTATGTCGAATCCA,12.599266,0.066467896,pancreatic stellate cell,SAMN12673306
MS19038_CTGGTCTAGGATTACA,12.6528425,-1.7139068,pancreatic stellate cell,SAMN12673306
MS19038_TGTTACTGTATCAGCT,3.51934,21.289864,pancreatic A cell,SAMN12673306
MS19038_CTACCTGGTGGACTGA,2.2096121,20.230536,pancreatic A cell,SAMN12673306
MS19038_TCGTAGATCGGAGATG,1.602478,7.3993344,type B pancreatic cell,SAMN12673306
MS19038_GAGGGATTCTATCGGA,12.600673,-1.8177335,pancreatic stellate cell,SAMN12673306
MS19038_CGCATAACAACGTAAA,1.3157133,19.208351,pancreatic A cell,SAMN12673306
MS19038_CGCCATTCAACGACAG,1.6387585,18.943134,pancreatic PP cell,SAMN12673306
MS19038_CTACATTTCCATTCGC,-3.818077,4.1833267,pancreatic D cell,SAMN12673306
MS19038_GTGCAGCGTCTCAGGC,10.750524,8.5526085,pancreatic PP cell,SAMN12673306
MS19038_TATCTGTTCGCGTGAC,0.6963667,5.193012,type B pancreatic cell,SAMN12673306
MS19038_CCGTAGGTCGTTCAGA,12.902432,-0.42861542,pancreatic stellate cell,SAMN12673306
MS19038_TAAGTCGAGACAGTCG,-5.3947964,4.6306396,pancreatic D cell,SAMN12673306
MS19038_TGGTTAGGTATCAGGG,5.1318803,16.744175,pancreatic A cell,SAMN12673306
MS19038_ATTTCACCACAGCTGC,10.845258,8.808825,pancreatic PP cell,SAMN12673306
MS19038_CTCCACACAGCCTACG,13.74004,2.3312864,endothelial cell,SAMN12673306
MS19038_TTTCATGTCCATTTCA,-10.649266,-0.8503134,leukocyte,SAMN12673306
MS19038_AAAGTGATCCTCTCTT,13.995969,2.9863346,endothelial cell,SAMN12673306
MS19038_CCGGTAGCAGTCTTCC,4.299945,5.369489,type B pancreatic cell,SAMN12673306
MS19038_TCATGAGCAGGTCTCG,12.62243,-0.8271874,pancreatic stellate cell,SAMN12673306
MS19038_ATGTCTTCAGACAAAT,2.2382193,19.847534,pancreatic A cell,SAMN12673306
MS19038_AGACCCGCACGTCGGT,13.057862,-0.81668824,pancreatic stellate cell,SAMN12673306
MS19038_ATCCTATCATACTGAC,-3.7035503,-3.9179664,pancreatic acinar cell,SAMN12673306
MS19038_GTGCTTCAGTACGAGC,1.4987618,17.928331,pancreatic A cell,SAMN12673306
MS19038_TCCCATGCACCTGCGA,4.5455546,17.94169,pancreatic A cell,SAMN12673306
MS19038_CTGTACCAGGGCTTCC,-3.6438732,5.447302,type B pancreatic cell,SAMN12673306
MS19038_GAAGGACCATGAAGGC,12.862218,-0.9410632,pancreatic stellate cell,SAMN12673306
MS19038_AGCCAGCAGTAAGACT,-5.154918,2.7471242,pancreatic D cell,SAMN12673306
MS19038_TGACTCCTCAGCTTGA,2.241975,6.487275,type B pancreatic cell,SAMN12673306
MS19038_GTAACACAGGTCATCT,2.8927143,7.4823546,type B pancreatic cell,SAMN12673306
MS19038_CGAAGTTCACTAGGCC,3.3078775,20.429647,pancreatic A cell,SAMN12673306
MS19038_TGCGGCAGTTTGGAGG,1.9182413,8.006053,type B pancreatic cell,SAMN12673306
MS19038_GAGCCTGCAGGACGAT,3.4503977,18.457672,pancreatic A cell,SAMN12673306
MS19038_ATCCGTCAGTGAGCCA,9.914968,8.785079,pancreatic PP cell,SAMN12673306
MS19038_TGTAACGCAGCTGTCG,14.021866,2.2290728,endothelial cell,SAMN12673306
MS19038_TCAATTCTCACAACCA,12.517926,-2.0497415,pancreatic stellate cell,SAMN12673306
MS19038_CTTACCGTCGATTGAC,-0.6298958,8.847024,type B pancreatic cell,SAMN12673306
MS19038_GTTCGCTCATTAAAGG,9.866072,8.594505,pancreatic PP cell,SAMN12673306
MS19038_CTCACTGCAGTCTTCC,3.6333163,18.020647,pancreatic A cell,SAMN12673306
MS19038_TCGACCTAGAGGGTAA,1.8838773,-4.839665,pancreatic ductal cell,SAMN12673306
MS19038_ACCAAACAGTTGGGAC,0.9689809,8.824099,type B pancreatic cell,SAMN12673306
MS19038_TACACCCAGTAGATCA,10.516709,8.131625,pancreatic PP cell,SAMN12673306
MS19038_AGCCAGCTCAACTGAC,0.28171495,9.106038,type B pancreatic cell,SAMN12673306
MS19038_GGGACTCGTATCGAAA,1.8893719,19.767946,pancreatic A cell,SAMN12673306
MS19038_CTCCCAAAGACGACGT,9.88497,8.724499,pancreatic PP cell,SAMN12673306
MS19038_GTTTACTCAGGTCCCA,-2.876987,4.9419966,type B pancreatic cell,SAMN12673306
MS19038_CTCAGTCAGCACTGGA,1.352185,4.961125,type B pancreatic cell,SAMN12673306
MS19038_AGGGAGTTCGGTCACG,2.9207597,5.6154466,type B pancreatic cell,SAMN12673306
MS19038_ACTTAGGTCCTCACGT,0.25424224,17.998966,pancreatic A cell,SAMN12673306
MS19038_ATTCATCAGATGCAGC,13.550924,2.6045308,endothelial cell,SAMN12673306
MS19038_GTGCACGAGTCATGCT,13.017972,-1.0295756,pancreatic stellate cell,SAMN12673306
MS19038_AGATCGTTCGCTAGCG,11.499088,-2.0257382,pancreatic stellate cell,SAMN12673306
MS19038_TTACCATAGATGTTGA,4.3861694,16.732115,pancreatic A cell,SAMN12673306
MS19038_GCTGCAGCACTATCCC,0.8365535,17.505291,pancreatic A cell,SAMN12673306
MS19038_GAGGGTATCCCTCGTA,13.163102,-0.99091464,pancreatic stellate cell,SAMN12673306
MS19038_CGAGGCTGTCTGCGCA,4.694428,18.033863,pancreatic A cell,SAMN12673306
MS19038_TTTACGTGTTCTCCTG,1.0403023,18.527836,pancreatic A cell,SAMN12673306
MS19038_TGACAGTCATGAAGCG,4.503992,15.956381,pancreatic A cell,SAMN12673306
MS19038_TCCGAAACACTACCCT,10.460514,9.046771,pancreatic PP cell,SAMN12673306
MS19038_AAGTTCGCAGACACAG,1.5642682,5.3439064,type B pancreatic cell,SAMN12673306
MS19038_TAGAGTCGTGTGTCCG,4.988497,17.936644,pancreatic A cell,SAMN12673306
MS19038_GGCTGTGGTTCAGCTA,1.7959278,-5.3607454,pancreatic ductal cell,SAMN12673306
MS19038_AAAGTCCTCCCATTTA,3.7428176,-4.8118753,pancreatic ductal cell,SAMN12673306
MS19038_CGGAATTGTGAGAACC,1.4100214,19.921953,pancreatic A cell,SAMN12673306
MS19038_TGCTGAAAGCGACCCT,1.8949559,8.866786,type B pancreatic cell,SAMN12673306
MS19038_GGATGTTTCCAGCACG,2.7408483,15.844258,pancreatic A cell,SAMN12673306
MS19038_TATTTCGGTAACCCGC,2.0555189,6.0151505,type B pancreatic cell,SAMN12673306
MS19038_GTACAGTCACCAGCTG,-3.5254414,-4.0138755,pancreatic acinar cell,SAMN12673306
MS19038_CACTTCGAGATCGCTT,4.4642205,17.968126,pancreatic A cell,SAMN12673306
MS19038_AATGACCAGGGATCGT,11.891541,-1.974325,pancreatic stellate cell,SAMN12673306
MS19038_CTTTCGGAGTGGAAGA,-5.438316,3.9975383,pancreatic D cell,SAMN12673306
MS19038_AACCCAAGTGTCTTCC,1.329533,20.391655,pancreatic A cell,SAMN12673306
MS19038_ACGATCATCGATTTCT,-1.4434905,8.118684,type B pancreatic cell,SAMN12673306
MS19038_CCCTCTCAGAGATTCA,1.3885667,9.02632,type B pancreatic cell,SAMN12673306
MS19038_TGGAACTAGCCGGATA,13.66764,2.7337825,endothelial cell,SAMN12673306
MS19038_GTTAGACCAACTGCTA,-1.5966282,9.179029,type B pancreatic cell,SAMN12673306
MS19038_GTGGCGTTCTTAGCCC,-5.5851297,3.8438902,type B pancreatic cell,SAMN12673306
MS19038_CTCAGGGTCGCGTGAC,3.3455417,18.018,pancreatic A cell,SAMN12673306
MS19038_TACAACGCAGTCAACT,11.46922,-1.8827378,pancreatic stellate cell,SAMN12673306
MS19038_TTGTTTGTCCATACAG,-2.346807,8.913246,type B pancreatic cell,SAMN12673306
MS19038_TTTGTTGTCATCGCCT,9.433949,8.593538,type B pancreatic cell,SAMN12673306
MS19038_TCATCCGTCACAGAGG,1.9526457,17.722555,pancreatic A cell,SAMN12673306
MS19038_GTGTGGCAGCGTGCTC,1.7020537,9.006097,type B pancreatic cell,SAMN12673306
MS19038_TGGAACTGTGATCATC,3.0779617,18.698689,pancreatic A cell,SAMN12673306
MS19038_TCCATCGGTTGACTAC,6.2071576,16.30105,pancreatic A cell,SAMN12673306
MS19038_CTAGACAGTGACTCGC,12.827324,-2.4777849,pancreatic stellate cell,SAMN12673306
MS19038_TGAGTCATCTTCTAAC,12.421329,-1.6779275,pancreatic stellate cell,SAMN12673306
MS19038_TTGAACGCAACCGTAT,3.2623825,-4.778513,pancreatic ductal cell,SAMN12673306
MS19038_TTCACGCTCCACGGAC,7.0382543,16.729048,pancreatic A cell,SAMN12673306
MS19038_TAGTGCAGTTCATCTT,0.6445613,-5.772988,pancreatic ductal cell,SAMN12673306
MS19038_ATGAAAGGTACATTGC,1.8855169,5.552299,type B pancreatic cell,SAMN12673306
MS19038_CGAGGAACATCAGCTA,2.3222213,4.899207,type B pancreatic cell,SAMN12673306
MS19038_TGGGAAGTCGACGCGT,11.845552,-1.5716594,pancreatic stellate cell,SAMN12673306
MS19038_TCCTCTTGTCCAGGTC,1.6495596,19.961502,pancreatic A cell,SAMN12673306
MS19038_CATAGACGTAACTGCT,2.4006207,6.386211,type B pancreatic cell,SAMN12673306
MS19038_CAACGGCAGAGGACTC,4.4501815,15.77895,pancreatic A cell,SAMN12673306
MS19038_AGCATCAAGCAATAGT,3.269332,16.903168,pancreatic A cell,SAMN12673306
MS19038_GTTACGACACATGGTT,13.309187,-1.0077716,pancreatic stellate cell,SAMN12673306
MS19038_ATCCGTCTCCCTCATG,-3.9347553,3.8649268,pancreatic D cell,SAMN12673306
MS19038_TCACTCGGTGCGACAA,2.6975067,4.9723816,type B pancreatic cell,SAMN12673306
MS19038_GCATGATTCTGGGAGA,4.3326826,18.295712,pancreatic A cell,SAMN12673306
MS19038_GAGTTGTGTGGCTGCT,3.8782897,7.11232,type B pancreatic cell,SAMN12673306
MS19038_TAACTTCCAGTATGAA,3.1452572,17.482304,pancreatic A cell,SAMN12673306
MS19038_AAGTACCCACCAGGTC,12.748411,-1.4845394,pancreatic stellate cell,SAMN12673306
MS19038_GTTACCCCAGGTCTCG,3.205645,20.527323,pancreatic A cell,SAMN12673306
MS19038_GTAGATCCATAATCCG,1.8549293,18.58817,pancreatic A cell,SAMN12673306
MS19038_TGAGCATAGGAGAATG,2.6829703,19.80865,pancreatic A cell,SAMN12673306
MS19038_ACTGCAAGTTGCCATA,-3.4091022,7.839188,type B pancreatic cell,SAMN12673306
MS19038_GGAATCTGTGATATAG,13.154223,-1.769641,pancreatic stellate cell,SAMN12673306
MS19038_CAATTTCAGGGCTTCC,1.5524437,18.169025,pancreatic A cell,SAMN12673306
MS19038_TTTACGTTCTGGCCGA,-3.9806328,4.016548,pancreatic D cell,SAMN12673306
MS19038_GTACAGTGTGGACCAA,2.7019856,20.275417,pancreatic A cell,SAMN12673306
MS19038_CTGTATTGTGTGTGGA,2.6426475,17.89768,pancreatic A cell,SAMN12673306
MS19038_TTTGGTTAGTCTGTAC,12.061772,-0.9857373,pancreatic stellate cell,SAMN12673306
MS19038_AAAGTGACATAAGATG,-0.4733586,9.590522,type B pancreatic cell,SAMN12673306
MS19038_TAGGTACCAGTTTCGA,3.0767696,-5.4469395,pancreatic ductal cell,SAMN12673306
MS19038_ACAGAAACAGCGAACA,-2.065267,6.4992294,type B pancreatic cell,SAMN12673306
MS19038_CATGGTACATTCAGGT,3.6852152,17.959995,pancreatic A cell,SAMN12673306
MS19038_TGTCCACGTGGACTAG,-1.3261923,-4.929887,pancreatic acinar cell,SAMN12673306
MS19038_AACAAAGCAAAGGCGT,12.4807415,-2.6200643,pancreatic stellate cell,SAMN12673306
MS19038_TCCGAAACACTCGATA,12.048815,-0.7326086,pancreatic stellate cell,SAMN12673306
MS19038_TCTAACTCACTTGGGC,13.319325,-1.1022071,pancreatic stellate cell,SAMN12673306
MS19038_GTGTGGCCACGTGTGC,0.89497095,18.337584,pancreatic A cell,SAMN12673306
MS19038_CAACGGCAGATCCCAT,0.8200812,7.4632735,type B pancreatic cell,SAMN12673306
MS19038_TTTATGCAGTCCCAGC,3.3045814,-5.836137,pancreatic ductal cell,SAMN12673306
MS19038_ATTCCTACACAGACGA,1.4346113,19.376698,pancreatic A cell,SAMN12673306
MS19038_GAAACCTTCGTGGGAA,3.9334931,6.570619,type B pancreatic cell,SAMN12673306
MS19038_GACACGCGTTCATCGA,1.486205,-5.2312903,pancreatic ductal cell,SAMN12673306
MS19038_CATGGTATCAGACCGC,12.192262,0.37988356,pancreatic stellate cell,SAMN12673306
MS19038_CACTAAGTCGAGAAGC,2.607774,19.026642,pancreatic A cell,SAMN12673306
MS19038_CATCAAGAGTCTTGGT,14.062497,3.3196995,endothelial cell,SAMN12673306
MS19038_AAAGGTATCATGAGAA,12.652365,-2.058924,pancreatic stellate cell,SAMN12673306
MS19038_CCCGAAGTCTGCACCT,12.778216,-0.68211496,pancreatic stellate cell,SAMN12673306
MS19038_CAGTTCCGTCATTCCC,12.59489,-2.670261,pancreatic stellate cell,SAMN12673306
MS19038_TCCTCCCCAACTAGAA,9.986631,9.003247,pancreatic PP cell,SAMN12673306
MS19038_CATCCGTAGTAAGAGG,2.3684173,17.838823,pancreatic A cell,SAMN12673306
MS19038_CGTCCATTCCGCAGTG,-10.929537,-1.051666,leukocyte,SAMN12673306
MS19038_TCAGCAAAGATAGCAT,3.178139,20.218052,pancreatic A cell,SAMN12673306
MS19038_TTCATTGAGCTGTTAC,11.70053,-2.2598696,pancreatic stellate cell,SAMN12673306
MS19038_GATTTCTCATAAGCGG,-0.6975675,-5.1205993,pancreatic ductal cell,SAMN12673306
MS19038_AAAGTGAAGGACCCAA,2.5852754,19.59256,pancreatic A cell,SAMN12673306
MS19038_GTGTTAGAGGAACTCG,1.5144216,17.46291,pancreatic A cell,SAMN12673306
MS19038_TTTGACTCATACTTTC,14.007594,2.41209,endothelial cell,SAMN12673306
MS19038_GTTTACTGTCTTGAGT,-0.692173,-4.655957,pancreatic ductal cell,SAMN12673306
MS19038_TGTGATGTCATCACTT,13.112968,-0.83743304,pancreatic stellate cell,SAMN12673306
MS19038_CATTGCCTCGATGGAG,1.5648518,5.602957,type B pancreatic cell,SAMN12673306
MS19038_CTTCCGAGTACAATAG,11.854009,-0.7683051,pancreatic stellate cell,SAMN12673306
MS19038_GTCAGCGTCCGTATAG,5.4199185,18.547155,pancreatic A cell,SAMN12673306
MS19038_TTGAGTGAGGCACCAA,11.275737,-0.71280766,pancreatic stellate cell,SAMN12673306
MS19038_TAGCACATCTTCTCAA,-4.844501,2.8574455,pancreatic D cell,SAMN12673306
MS19038_ACGTTCCCATTCAGGT,2.6464248,19.237473,pancreatic A cell,SAMN12673306
MS19038_GCCAACGCACAATTCG,1.0812408,20.011604,pancreatic A cell,SAMN12673306
MS19038_GCACATAGTATGAGGC,2.9904327,7.6360583,type B pancreatic cell,SAMN12673306
MS19038_GCATCTCAGGCCGCTT,1.9739703,6.2431197,type B pancreatic cell,SAMN12673306
MS19038_ATTCGTTGTTGGGCCT,11.594175,-0.64120436,pancreatic stellate cell,SAMN12673306
MS19038_CTTCAATCACACCTTC,4.202784,18.690432,pancreatic A cell,SAMN12673306
MS19038_GTTCGCTAGGTCATAA,3.404052,18.554264,pancreatic A cell,SAMN12673306
MS19038_GCATTAGCACTCCACT,1.8203137,17.956718,pancreatic A cell,SAMN12673306
MS19038_TCGGTCTCAATTCACG,-3.9564054,-4.2399297,pancreatic acinar cell,SAMN12673306
MS19038_GACCCTTGTCCCGCAA,2.6348076,20.956213,pancreatic A cell,SAMN12673306
MS19038_TGTTCATGTGCCGGTT,4.2551465,20.515387,pancreatic A cell,SAMN12673306
MS19038_TTTACTGCACTACCCT,-0.5599322,7.404003,type B pancreatic cell,SAMN12673306
MS19038_ACGGTCGGTCCGACGT,0.84981596,6.198535,type B pancreatic cell,SAMN12673306
MS19038_CAGCAATAGAGGTATT,5.553912,16.645712,pancreatic A cell,SAMN12673306
MS19038_GTCAAACCACCATTCC,1.1656486,20.347754,pancreatic A cell,SAMN12673306
MS19038_CTGGCAGAGCACTCAT,5.6324625,16.234423,pancreatic A cell,SAMN12673306
MS19038_ACTCCCATCACATCAG,-3.0846362,8.291562,type B pancreatic cell,SAMN12673306
MS19038_TCAGTTTCATGAGATA,0.9736229,7.386886,type B pancreatic cell,SAMN12673306
MS19038_GAAGAATGTCTAGATC,1.9481552,16.915258,pancreatic A cell,SAMN12673306
MS19038_TTGGATGTCGTCGGGT,1.0443907,19.014502,pancreatic A cell,SAMN12673306
MS19038_TATTGGGTCTTGGCTC,2.945414,17.041655,pancreatic A cell,SAMN12673306
MS19038_ACTTTCATCTCTTAAC,-5.2450857,3.6994543,pancreatic D cell,SAMN12673306
MS19038_CTGAATGCACAATCTG,4.6489377,18.358099,pancreatic A cell,SAMN12673306
MS19038_AAACGCTCAGGAACCA,1.1543301,9.102045,type B pancreatic cell,SAMN12673306
MS19038_CTGAGGCGTCGATTTG,1.8182106,7.8437605,type B pancreatic cell,SAMN12673306
MS19038_GGATCTAGTCACTAGT,12.672408,-2.604607,pancreatic stellate cell,SAMN12673306
MS19038_ACGTTCCCAGCGGATA,-1.5692492,-4.5269275,pancreatic ductal cell,SAMN12673306
MS19038_CCTAAGAAGGCTTTCA,3.8165016,-4.8057127,pancreatic ductal cell,SAMN12673306
MS19038_CCAATTTGTCTTTATC,0.73883426,7.4820185,type B pancreatic cell,SAMN12673306
MS19038_CAGCCAGAGGTGCTGA,1.5488808,6.5600467,type B pancreatic cell,SAMN12673306
MS19038_CTCAGAAGTAACAGTA,11.381176,-0.36196354,pancreatic stellate cell,SAMN12673306
MS19038_AGGACTTAGACTCAAA,-4.5562377,3.9535444,pancreatic D cell,SAMN12673306
MS19038_TGCTTCGGTTGCCGCA,12.150093,-1.7709324,pancreatic stellate cell,SAMN12673306
MS19038_TCCTGCATCTGCTAGA,4.1826706,6.752321,type B pancreatic cell,SAMN12673306
MS19038_ATGATCGCAACTCGAT,2.5789523,16.487234,pancreatic A cell,SAMN12673306
MS19038_GGTGGCTGTACTCGAT,1.589808,16.728088,pancreatic A cell,SAMN12673306
MS19038_GCTGCAGTCGTAACTG,4.2891283,16.077,pancreatic A cell,SAMN12673306
MS19038_TGGTACACAGCCGTTG,-1.6513513,-5.624329,pancreatic ductal cell,SAMN12673306
MS19038_GCTACAAAGCGTCTGC,3.1886687,17.185804,pancreatic A cell,SAMN12673306
MS19038_GGTCACGTCGAGAATA,5.605205,18.542192,pancreatic A cell,SAMN12673306
MS19038_CAGGGCTCAACGTTAC,12.086016,0.04422787,pancreatic stellate cell,SAMN12673306
MS19038_TCGCTCATCGCTAGCG,13.705827,2.9558923,endothelial cell,SAMN12673306
MS19038_ACATTTCGTCGCATGC,12.6874695,0.013721594,pancreatic stellate cell,SAMN12673306
MS19038_ATCCACCAGCTCCCTT,1.6384596,-5.455581,pancreatic ductal cell,SAMN12673306
MS19038_GTGCTTCTCACAGAGG,-5.27039,2.4385793,pancreatic D cell,SAMN12673306
MS19038_GAGCTGCCAGCAGACA,4.5517707,17.883003,pancreatic A cell,SAMN12673306
MS19038_AGCATCAAGCCTAGGA,-3.0823963,8.745637,type B pancreatic cell,SAMN12673306
MS19038_GGGACAACAAGCTACT,-2.981418,6.669454,type B pancreatic cell,SAMN12673306
MS19038_AGCGATTTCACAACCA,1.4116117,5.112011,type B pancreatic cell,SAMN12673306
MS19038_GTCAAGTCAGCTAACT,1.8020588,17.632195,pancreatic A cell,SAMN12673306
MS19038_TCTTAGTGTGTCCGGT,11.875181,-2.1238027,pancreatic stellate cell,SAMN12673306
MS19038_CAGATACCAGAGATGC,2.1426756,6.0632076,type B pancreatic cell,SAMN12673306
MS19038_GAATCGTGTACTGGGA,-2.0425818,8.397003,type B pancreatic cell,SAMN12673306
MS19038_AAAGGTATCTCGCGTT,13.797649,2.3840635,endothelial cell,SAMN12673306
MS19038_TTCTCTCAGAAGGCTC,1.7710229,3.9137533,type B pancreatic cell,SAMN12673306
MS19038_GGGTGTCAGATGTAGT,-0.37275484,6.0595913,type B pancreatic cell,SAMN12673306
MS19038_GCAGGCTAGTATGATG,-4.0819774,-4.348028,pancreatic acinar cell,SAMN12673306
MS19038_ATTGTTCCACTGCGAC,-5.440314,2.8024359,pancreatic D cell,SAMN12673306
MS19038_ACTTCCGCAAAGGGTC,4.1733027,5.2140584,type B pancreatic cell,SAMN12673306
MS19038_CTGATCCAGTAGACCG,3.573773,-4.764316,pancreatic ductal cell,SAMN12673306
MS19038_CTGTGGGTCGCTGTCT,-3.5524175,-4.0936804,pancreatic acinar cell,SAMN12673306
MS19038_AGGAAATGTACGATCT,12.362678,0.1485447,pancreatic stellate cell,SAMN12673306
MS19038_AACCTGAAGTAAGCAT,12.592619,0.1284719,pancreatic stellate cell,SAMN12673306
MS19038_GCCAGGTCATCAACCA,10.774668,8.860091,pancreatic PP cell,SAMN12673306
MS19038_TCGTCCACATCCTAAG,3.8233705,19.039143,pancreatic A cell,SAMN12673306
MS19038_CCGGACACAGTCACGC,-3.3073885,3.6057942,pancreatic D cell,SAMN12673306
MS19038_CACGTTCCAAATCCCA,3.3477747,18.492285,pancreatic A cell,SAMN12673306
MS19038_CCGATGGTCGTTAGTG,1.558184,7.6786222,type B pancreatic cell,SAMN12673306
MS19038_CATCCGTAGTATGTAG,10.296535,9.073816,pancreatic PP cell,SAMN12673306
MS19038_TGCGGGTGTGAGAACC,2.7284667,6.499626,type B pancreatic cell,SAMN12673306
MS19038_GGAAGTGTCTCCAAGA,-1.2697083,-5.251035,pancreatic ductal cell,SAMN12673306
MS19038_TCGGGTGGTCCATACA,1.061556,20.56884,pancreatic A cell,SAMN12673306
MS19038_CGCCAGAAGAACTGAT,0.4943172,19.747433,pancreatic A cell,SAMN12673306
MS19038_TGACTCCTCGTTGCCT,10.914556,8.972822,pancreatic PP cell,SAMN12673306
MS19038_GAGACCCTCTCTCAAT,9.9606285,9.073956,pancreatic PP cell,SAMN12673306
MS19038_GTAGATCGTCCTCATC,-5.242632,-3.8387353,pancreatic acinar cell,SAMN12673306
MS19038_GCTCAAACAACAAGTA,12.118907,-2.3994417,pancreatic stellate cell,SAMN12673306
MS19038_CAGTTCCTCTTGGTGA,1.3857306,9.3927,type B pancreatic cell,SAMN12673306
MS19038_CTTTCAATCTAGACCA,0.4413911,7.474153,type B pancreatic cell,SAMN12673306
MS19038_ATAGAGACAGGCGATA,-0.1759176,8.082757,type B pancreatic cell,SAMN12673306
MS19038_TCATTACCATCCTTCG,0.42686254,7.753174,type B pancreatic cell,SAMN12673306
MS19038_AGAGCAGTCAACTTTC,2.5408812,3.339542,type B pancreatic cell,SAMN12673306
MS19038_AAAGTGAGTTACCTGA,3.5861094,17.530428,pancreatic A cell,SAMN12673306
MS19038_TTGGATGAGCTTTCTT,3.3838177,21.377018,pancreatic A cell,SAMN12673306
MS19038_CTCAACCGTTTGACAC,5.66035,16.138235,pancreatic A cell,SAMN12673306
MS19038_CTACAGATCACACCGG,12.847783,-2.447876,pancreatic stellate cell,SAMN12673306
MS19038_CAGCCAGAGCACGTCC,-0.6128817,9.474351,type B pancreatic cell,SAMN12673306
MS19038_TACTGCCCATGGGTCC,3.135227,16.834425,pancreatic A cell,SAMN12673306
MS19038_GCAACATTCACATCAG,12.960269,-0.96800476,pancreatic stellate cell,SAMN12673306
MS19038_TTCCTTCAGAACTTCC,3.5794797,-4.7185497,pancreatic ductal cell,SAMN12673306
MS19038_CTCCTTTTCTCATAGG,-3.1931672,4.0637627,pancreatic A cell,SAMN12673306
MS19038_TGGTACACACAATGCT,-10.80161,-0.88024175,leukocyte,SAMN12673306
MS19038_CTCGAGGTCGCGCTGA,1.5595932,20.544758,pancreatic A cell,SAMN12673306
MS19038_ATTTCACTCGACCATA,4.991494,15.711852,pancreatic A cell,SAMN12673306
MS19038_CCTTCAGAGGTTCATC,0.4833155,8.780554,type B pancreatic cell,SAMN12673306
MS19038_CGTCAAACAACACACT,10.1841345,8.959304,pancreatic PP cell,SAMN12673306
MS19038_CATCGCTGTTGTCCCT,-0.42984748,6.7280493,type B pancreatic cell,SAMN12673306
MS19038_GGGCCATTCCGAAGGA,12.157305,-0.90943944,pancreatic stellate cell,SAMN12673306
MS19038_ACCGTTCAGGAAACGA,1.9427375,7.6963997,type B pancreatic cell,SAMN12673306
MS19038_CTGTGAACACGTTGGC,1.796579,18.431694,pancreatic A cell,SAMN12673306
MS19038_CTCCACACAACTGATC,3.4052708,-4.2247095,pancreatic ductal cell,SAMN12673306
MS19038_GACCGTGGTTAGAGAT,-1.7864509,8.77117,type B pancreatic cell,SAMN12673306
MS19038_CTACGGGGTCCAAATC,0.88653773,6.424222,type B pancreatic cell,SAMN12673306
MS19038_ATGGGTTTCACTTGTT,12.617564,-0.061244387,pancreatic stellate cell,SAMN12673306
MS19038_ATTTCTGTCCCGAAAT,2.046936,7.620548,type B pancreatic cell,SAMN12673306
MS19038_TGGAGGATCATGCATG,4.3347673,19.360807,pancreatic A cell,SAMN12673306
MS19038_AGGATCTAGAAGTCCG,4.738988,17.914276,pancreatic A cell,SAMN12673306
MS19038_GGAACCCGTGGGATTG,13.090475,-1.7635857,pancreatic stellate cell,SAMN12673306
MS19038_GGAATGGAGTTGGCTT,1.7258422,18.417166,pancreatic A cell,SAMN12673306
MS19038_GCTACAAGTGACTGTT,3.8399584,-4.8479514,pancreatic ductal cell,SAMN12673306
MS19038_CGGTCAGAGAGCAGTC,11.831238,-1.9924718,pancreatic stellate cell,SAMN12673306
MS19038_GTACAGTTCGAATCCA,-0.093117945,-3.635916,pancreatic ductal cell,SAMN12673306
MS19038_TGGATGTAGGGAACAA,5.006444,18.401709,pancreatic A cell,SAMN12673306
MS19038_CTTAGGAGTGACCTGC,-5.047731,-4.2869754,pancreatic acinar cell,SAMN12673306
MS19038_GAATCACCACTCGATA,12.948007,-2.4411263,pancreatic stellate cell,SAMN12673306
MS19038_CAAGAGGAGACGCATG,5.6398573,15.593125,pancreatic A cell,SAMN12673306
MS19038_AACCCAATCTGGACCG,0.53887904,6.062296,type B pancreatic cell,SAMN12673306
MS19038_CAGCAATAGTAGAGTT,2.4423573,17.816637,pancreatic A cell,SAMN12673306
MS19038_AGATCGTGTTTCGACA,-0.881736,8.133541,type B pancreatic cell,SAMN12673306
MS19038_CACTGTCCACGAAGAC,1.9709394,-5.7973228,pancreatic ductal cell,SAMN12673306
MS19038_TCGGGACAGAATTGCA,2.4624333,7.7576766,type B pancreatic cell,SAMN12673306
MS19038_CGAAGGACAGAGTCAG,-3.7480862,-3.1961663,pancreatic acinar cell,SAMN12673306
MS19038_CATACTTGTCAACATC,-1.1366016,7.097324,type B pancreatic cell,SAMN12673306
MS19038_TTGTTCAAGCGGTAAC,1.9479567,8.896596,type B pancreatic cell,SAMN12673306
MS19038_AGTCTCCAGTCTACCA,11.744782,-1.1354241,pancreatic stellate cell,SAMN12673306
MS19038_CATAAGCGTGCGGCTT,2.3910387,18.418404,pancreatic A cell,SAMN12673306
MS19038_GTTACAGAGCCTCCAG,-0.21709809,9.11823,type B pancreatic cell,SAMN12673306
MS19038_GTAGGAGGTTGTCTAG,1.8434745,19.05552,pancreatic A cell,SAMN12673306
MS19038_ATGAGTCCAGCTGAAG,2.7185888,19.621866,pancreatic A cell,SAMN12673306
MS19038_GGCGTCAGTCATACCA,-4.5092993,-3.5028727,pancreatic acinar cell,SAMN12673306
MS19038_TCTCTGGCACTTGTGA,13.617448,3.4921246,endothelial cell,SAMN12673306
MS19038_TTGTGGACATATCTCT,2.806832,17.813992,pancreatic A cell,SAMN12673306
MS19038_GAGAAATCAACACTAC,2.5093238,20.218182,pancreatic A cell,SAMN12673306
MS19038_ACAGCCGTCACTGTCC,2.7350416,17.120245,pancreatic A cell,SAMN12673306
MS19038_AACAGGGCAGGGAATC,12.16381,-0.53013617,pancreatic stellate cell,SAMN12673306
MS19038_ATATCCTAGATTTGCC,-3.5408688,-3.605912,pancreatic acinar cell,SAMN12673306
MS19038_CAGCAATAGTGCGTCC,12.79455,-0.116690606,pancreatic stellate cell,SAMN12673306
MS19038_CAACAGTAGCAACAAT,13.173698,-0.79898083,pancreatic stellate cell,SAMN12673306
MS19038_AGACACTCAGCTTTGA,3.0106258,18.265223,pancreatic A cell,SAMN12673306
MS19038_GCGGATCAGATTAGCA,1.3901345,7.9081573,type B pancreatic cell,SAMN12673306
MS19038_GTTACCCAGGACGGAG,2.7462244,20.401155,pancreatic A cell,SAMN12673306
MS19038_AGGAATAAGACCATGG,4.0822988,17.915695,pancreatic A cell,SAMN12673306
MS19038_TGCATCCTCCAGTGCG,13.084503,-1.019592,pancreatic stellate cell,SAMN12673306
MS19038_TTGCATTCACACACTA,1.2037156,7.2162023,type B pancreatic cell,SAMN12673306
MS19038_CACCAAAAGCTCCCTT,-10.900215,-1.0199876,leukocyte,SAMN12673306
MS19038_AGTAGCTTCAATCCAG,2.0639582,7.242249,type B pancreatic cell,SAMN12673306
MS19038_GTAGATCCATCAGCAT,14.575517,2.499667,endothelial cell,SAMN12673306
MS19038_GCCTGTTGTACGGTTT,4.2498045,5.7604537,type B pancreatic cell,SAMN12673306
MS19038_ACCAAACAGTCACGAG,4.025995,17.617432,pancreatic A cell,SAMN12673306
MS19038_ACTGTGACAACACAGG,5.4248943,15.674469,pancreatic A cell,SAMN12673306
MS19038_TTCTAGTCAGGACGAT,2.9667425,20.357946,pancreatic A cell,SAMN12673306
MS19038_TATTGGGCAACCCGCA,-0.37918326,-6.4105554,pancreatic ductal cell,SAMN12673306
MS19038_ATCAGGTGTTCTGACA,0.029970812,8.50229,type B pancreatic cell,SAMN12673306
MS19038_CATGAGTGTAGTATAG,12.356676,-1.6789792,pancreatic stellate cell,SAMN12673306
MS19038_GCACTAACACTGTCCT,2.835469,5.435329,type B pancreatic cell,SAMN12673306
MS19038_ATGTCCCTCAAACCTG,13.002479,-0.4751189,pancreatic stellate cell,SAMN12673306
MS19038_GTGATGTGTATAATGG,2.1179128,19.36574,pancreatic A cell,SAMN12673306
MS19038_TCACATTAGCCATTTG,3.8973732,19.365597,pancreatic A cell,SAMN12673306
MS19038_TTTACTGTCATAGGCT,-4.4499054,-4.097938,pancreatic acinar cell,SAMN12673306
MS19038_TGCGGCACAACGCATT,0.9727115,4.001898,type B pancreatic cell,SAMN12673306
MS19038_GCGTGCAGTCGCATCG,3.0634441,19.988546,pancreatic A cell,SAMN12673306
MS19038_GAAGGACGTCGTCATA,0.34466517,7.660678,type B pancreatic cell,SAMN12673306
MS19038_ACCTACCTCGCACGGT,3.27114,19.44093,pancreatic A cell,SAMN12673306
MS19038_GATTTCTTCTCCGAGG,10.227839,8.818996,pancreatic PP cell,SAMN12673306
MS19038_TCGGATATCGTGCATA,1.7208476,19.716084,pancreatic A cell,SAMN12673306
MS19038_AGAGAATGTGATTAGA,-2.8497653,-3.6216612,pancreatic acinar cell,SAMN12673306
MS19038_TTGTGGAGTTGTTGTG,0.2950975,6.2428155,type B pancreatic cell,SAMN12673306
MS19038_TACCCGTGTCACCGAC,1.2966573,6.0255976,type B pancreatic cell,SAMN12673306
MS19038_GTCAGCGGTCGCACGT,10.326939,8.103929,pancreatic PP cell,SAMN12673306
MS19038_CAATTTCCAGCGACCT,2.831834,17.813393,pancreatic A cell,SAMN12673306
MS19038_AGCATCATCAATCGGT,3.9016738,18.186384,pancreatic A cell,SAMN12673306
MS19038_ACTTATCGTGACTATC,2.3962936,7.5812993,type B pancreatic cell,SAMN12673306
MS19038_ATAGGCTGTTGTGGAG,12.265032,-0.15403874,pancreatic stellate cell,SAMN12673306
MS19038_CGTAATGCATGCGTGC,4.8596168,15.592328,pancreatic A cell,SAMN12673306
MS19038_TCCTTCTTCATTTGTC,12.227615,-2.0003183,pancreatic stellate cell,SAMN12673306
MS19038_TCACATTTCCACTGAA,0.697211,7.0955544,type B pancreatic cell,SAMN12673306
MS19038_CTGATCCCAACCCTCT,3.9533572,18.54053,pancreatic A cell,SAMN12673306
MS19038_GGCTGTGCAACCAACT,-4.8333607,-3.4963253,pancreatic acinar cell,SAMN12673306
MS19038_ATATCCTTCTTACTGT,1.1075947,19.0027,pancreatic A cell,SAMN12673306
MS19038_CTGTGAATCGTGAGAG,13.236309,-1.8865142,pancreatic stellate cell,SAMN12673306
MS19038_AAAGTGACAGCATGCC,3.3637745,-4.7940116,pancreatic ductal cell,SAMN12673306
MS19038_TCACACCGTGAGATTA,1.8819383,18.552092,pancreatic A cell,SAMN12673306
MS19038_ATTATCCCAGGTGTTT,12.614337,-1.9575281,pancreatic stellate cell,SAMN12673306
MS19038_GTAATCGTCCTAAGTG,10.1348295,9.123207,pancreatic PP cell,SAMN12673306
MS19038_CATTGTTCACTACCCT,12.294179,0.4322393,pancreatic stellate cell,SAMN12673306
MS19038_CACATGATCAGTCAGT,12.642791,0.06386553,pancreatic stellate cell,SAMN12673306
MS19038_CCAATGACATCTCATT,-1.7787412,-4.4503145,pancreatic acinar cell,SAMN12673306
MS19038_AATCACGTCGGACGTC,2.551787,6.5039077,type B pancreatic cell,SAMN12673306
MS19038_CAGTGCGAGATGTTGA,3.4330842,18.473057,pancreatic A cell,SAMN12673306
MS19038_CTGGCAGGTACGATTC,12.5039425,-1.3980498,pancreatic stellate cell,SAMN12673306
MS19038_GTTCGCTTCCATCTGC,3.6039412,-4.4861884,pancreatic ductal cell,SAMN12673306
MS19038_AACAAAGAGCCTGACC,5.223076,19.255344,pancreatic A cell,SAMN12673306
MS19038_ATATCCTGTGTCCATA,3.555491,-4.6278596,pancreatic ductal cell,SAMN12673306
MS19038_CTCTCGACACCACTGG,14.17324,2.380624,endothelial cell,SAMN12673306
MS19038_ACCTGTCGTATTGACC,13.834582,3.238645,endothelial cell,SAMN12673306
MS19038_ACGTAACGTTCGGTAT,3.8778017,-4.8661094,pancreatic ductal cell,SAMN12673306
MS19038_ACTTTGTCAGACAAGC,2.0623925,7.751975,type B pancreatic cell,SAMN12673306
MS19038_GTCATGAAGATTCGCT,2.1727917,3.447208,type B pancreatic cell,SAMN12673306
MS19038_GCATTAGAGTGCTCGC,1.1440178,9.371696,type B pancreatic cell,SAMN12673306
MS19038_TGGCGTGCACTACAGT,-0.5323678,9.917416,type B pancreatic cell,SAMN12673306
MS19038_AGCGCCAAGTCGCCAC,3.5238833,4.905316,type B pancreatic cell,SAMN12673306
MS19038_CCGATGGCACTAGGCC,-0.2069966,7.7364044,type B pancreatic cell,SAMN12673306
MS19038_AACCTGAGTCGAGCAA,4.5226426,20.362581,pancreatic A cell,SAMN12673306
MS19038_AAGGAATAGCCTGGAA,-2.0178704,9.359386,type B pancreatic cell,SAMN12673306
MS19038_GTAGGAGGTATGTCAC,-4.400837,-3.583963,pancreatic acinar cell,SAMN12673306
MS19038_ACTCCCAAGTCCCAGC,3.129397,19.82672,pancreatic A cell,SAMN12673306
MS19038_TCTACATTCGCGCTGA,-0.7214809,-4.825335,pancreatic ductal cell,SAMN12673306
MS19038_TGTGGCGTCCATTGCC,2.7897513,16.941639,pancreatic A cell,SAMN12673306
MS19038_GGTAATCCACATGACT,-3.9761803,-4.2851367,pancreatic acinar cell,SAMN12673306
MS19038_GTCTACCCATACAGCT,-4.2912083,-4.131226,pancreatic acinar cell,SAMN12673306
MS19038_AATGGCTTCGCAACAT,4.4385147,6.3232374,type B pancreatic cell,SAMN12673306
MS19038_CCTCTAGGTATTCTCT,13.8837185,3.251549,endothelial cell,SAMN12673306
MS19038_AGTACCATCATTCGGA,1.7189674,19.980042,pancreatic A cell,SAMN12673306
MS19038_TACAACGGTCTCACGG,2.6133726,-5.304399,pancreatic ductal cell,SAMN12673306
MS19038_CAAGCTAAGCCATTCA,0.7423427,4.177348,pancreatic D cell,SAMN12673306
MS19038_GGGATCCGTATCCCTC,2.2582664,19.849129,pancreatic A cell,SAMN12673306
MS19038_TCTTGCGCATTGACAC,0.88402385,17.955713,pancreatic A cell,SAMN12673306
MS19038_ATTACTCCATTGGGAG,3.1613393,16.856443,pancreatic A cell,SAMN12673306
MS19038_AGACTCAAGTTAGTAG,2.0549383,7.8958077,type B pancreatic cell,SAMN12673306
MS19038_TTTCGATTCGTGGGTC,12.854239,-2.5562174,pancreatic stellate cell,SAMN12673306
MS19038_AGACTCAAGATTGAGT,2.8164988,21.549173,pancreatic A cell,SAMN12673306
MS19038_GGAACCCTCCATTTGT,-10.98412,-1.257504,leukocyte,SAMN12673306
MS19038_TTGGTTTAGCATTTGC,12.803491,-0.296786,pancreatic stellate cell,SAMN12673306
MS19038_GTATTGGAGTGAGGCT,4.418491,16.225315,pancreatic A cell,SAMN12673306
MS19038_TTGATGGGTCTGATCA,-3.5239813,-3.833605,pancreatic acinar cell,SAMN12673306
MS19038_CTAGGTACACCAACAT,13.1193285,-2.178776,pancreatic stellate cell,SAMN12673306
MS19038_TTACAGGCACGCTATA,3.8350954,17.52308,pancreatic A cell,SAMN12673306
MS19038_TGTGAGTAGCTAGAGC,4.0585546,19.366758,pancreatic A cell,SAMN12673306
MS19038_TTCTCTCTCGTCTAAG,0.2597845,8.874303,type B pancreatic cell,SAMN12673306
MS19038_AGCGTATTCAGCAGAG,-1.7033159,9.559124,type B pancreatic cell,SAMN12673306
MS19038_TGTGATGGTCTGTTAG,-0.6205831,8.576605,type B pancreatic cell,SAMN12673306
MS19038_ACGGTCGCAAAGGGTC,2.4620018,17.353,pancreatic A cell,SAMN12673306
MS19038_GATGAGGGTATCGAGG,13.401219,3.0510807,endothelial cell,SAMN12673306
MS19038_GGTAATCCAATCTAGC,14.141184,2.5234437,endothelial cell,SAMN12673306
MS19038_AACAGGGTCTCCCAAC,13.037656,-2.2748966,pancreatic stellate cell,SAMN12673306
MS19038_CTCCTTTTCATTCTTG,2.0793242,20.000013,pancreatic A cell,SAMN12673306
MS19038_ACCCTTGAGCAAACAT,12.398622,-2.7517982,pancreatic stellate cell,SAMN12673306
MS19040_AGCCACGCACTAGAGG,2.7658007,17.97341,pancreatic A cell,SAMN13108021
MS19040_GCTTTCGCAGGTACGA,2.9878237,7.0842395,type B pancreatic cell,SAMN13108021
MS19040_GTGAGTTTCCTATTTG,12.897404,-2.534786,pancreatic stellate cell,SAMN13108021
MS19040_GAGGCAACAAACGTGG,2.5034297,5.702738,type B pancreatic cell,SAMN13108021
MS19040_GGCGTCAGTAGACGGT,2.1365016,8.684012,type B pancreatic cell,SAMN13108021
MS19040_CTCCCTCTCAAACGAA,1.5315835,16.912687,pancreatic A cell,SAMN13108021
MS19040_TGGAGGACATGCCGGT,2.742454,8.356266,type B pancreatic cell,SAMN13108021
MS19040_GAGACCCCAACCAACT,5.3026586,15.87993,pancreatic A cell,SAMN13108021
MS19040_GGGAAGTAGACGGATC,2.1105707,6.0397496,type B pancreatic cell,SAMN13108021
MS19040_TGATGGTTCAAGATAG,-0.85853153,4.9844236,type B pancreatic cell,SAMN13108021
MS19040_TATCTTGAGTTTGCTG,4.237731,5.588948,type B pancreatic cell,SAMN13108021
MS19040_AACAAGACACAAGTGG,2.4320252,3.6188843,type B pancreatic cell,SAMN13108021
MS19040_GCCAGTGCATCTTTCA,-0.78998494,8.6997175,type B pancreatic cell,SAMN13108021
MS19040_ATTCATCTCGCTTGCT,3.0359807,8.489463,type B pancreatic cell,SAMN13108021
MS19040_GCTTCACCACTGCATA,-3.4475772,3.513989,pancreatic D cell,SAMN13108021
MS19040_ATGAAAGTCGGCTTGG,0.91446364,7.0814857,type B pancreatic cell,SAMN13108021
MS19040_TGTTTGTGTTGTGGAG,3.0725956,21.537687,pancreatic A cell,SAMN13108021
MS19040_TTCTAACAGCTCGAAG,4.9964046,17.06035,pancreatic A cell,SAMN13108021
MS19040_AGTACTGTCGGTTGTA,1.514495,6.494266,type B pancreatic cell,SAMN13108021
MS19040_TCATATCAGAGGTCAC,1.7496023,4.155198,type B pancreatic cell,SAMN13108021
MS19040_AAGATAGGTTGTCATG,1.4552795,17.018528,pancreatic A cell,SAMN13108021
MS19040_GAATCACCAACTCCAA,2.7942958,5.7003765,type B pancreatic cell,SAMN13108021
MS19040_AACAGGGCAAAGGGCT,1.2482007,6.011136,type B pancreatic cell,SAMN13108021
MS19040_GAACACTTCGCTGTTC,3.7443979,20.258072,pancreatic A cell,SAMN13108021
MS19040_CCGGTGACAGCCGTTG,0.8022473,18.59321,pancreatic A cell,SAMN13108021
MS19040_CGGACACGTACCATAC,-1.3407028,5.7263703,type B pancreatic cell,SAMN13108021
MS19040_TGTTGGAGTGTCCAAT,2.8219743,7.9578137,type B pancreatic cell,SAMN13108021
MS19040_TCAGGGCTCGAACGCC,1.2922508,17.183916,pancreatic A cell,SAMN13108021
MS19040_CTCAGAAGTCATTGCA,1.7524028,20.289911,pancreatic A cell,SAMN13108021
MS19040_GCCAGTGCACTGTGAT,2.3227506,18.345064,pancreatic A cell,SAMN13108021
MS19040_TTGTGTTTCATGCCAA,1.4402778,18.70778,pancreatic A cell,SAMN13108021
MS19040_ACCAAACGTTGCTAGT,-5.243459,3.7277498,pancreatic D cell,SAMN13108021
MS19040_CATACCCGTGACCTGC,3.1893945,7.5651693,type B pancreatic cell,SAMN13108021
MS19040_GAGGGATTCCCGTGAG,1.1884221,8.221227,type B pancreatic cell,SAMN13108021
MS19040_GACAGCCCATAGTCGT,2.9969583,19.556969,pancreatic A cell,SAMN13108021
MS19040_GGGTTATTCTTAGCTT,2.8217115,8.521232,type B pancreatic cell,SAMN13108021
MS19040_TATCCTAGTGCCAAGA,1.9403374,17.314037,pancreatic A cell,SAMN13108021
MS19040_CCTTGTGTCATGAGGG,-0.7386944,2.8794703,type B pancreatic cell,SAMN13108021
MS19040_GGCAGTCGTGACCGAA,-0.7750475,2.672035,type B pancreatic cell,SAMN13108021
MS19040_TTTCATGTCCTTCTGG,-5.0372515,3.3604324,pancreatic D cell,SAMN13108021
MS19040_ACTGCAACATCTGTTT,0.8131395,18.07613,pancreatic A cell,SAMN13108021
MS19040_GCATTAGGTCCACTTC,3.6838903,18.339079,pancreatic A cell,SAMN13108021
MS19040_GCTGCAGCACCCTTAC,3.3344123,17.630808,pancreatic A cell,SAMN13108021
MS19040_TCAGGTATCTCACTCG,-3.2532668,3.7220967,pancreatic D cell,SAMN13108021
MS19040_GTAATGCGTTGCCATA,1.9030586,9.040266,type B pancreatic cell,SAMN13108021
MS19040_TCTTCCTAGGTGCTTT,3.4768343,8.0753355,type B pancreatic cell,SAMN13108021
MS19040_GAAGCGATCTAAGCGT,2.2152915,3.8147347,type B pancreatic cell,SAMN13108021
MS19040_AGCGTATGTCCTTGTC,1.4718043,18.520266,pancreatic A cell,SAMN13108021
MS19040_TACAGGTGTTCGAGCC,1.700617,6.0766706,type B pancreatic cell,SAMN13108021
MS19040_AGTGACTAGAGGTTAT,0.96214056,4.934014,type B pancreatic cell,SAMN13108021
MS19040_TTCAGGAGTCGCATCG,1.7615954,18.175621,pancreatic A cell,SAMN13108021
MS19040_GTCATTTCACTCATAG,-0.7156857,4.4382005,type B pancreatic cell,SAMN13108021
MS19040_ATACCTTCAGCCGTTG,1.0223103,18.544977,pancreatic A cell,SAMN13108021
MS19040_TGAGCATGTAATGCTC,1.2834631,6.5772767,type B pancreatic cell,SAMN13108021
MS19040_CCGAACGGTAGAGACC,0.6223589,5.977988,type B pancreatic cell,SAMN13108021
MS19040_GGGCTACAGACACACG,0.87087846,20.5133,pancreatic A cell,SAMN13108021
MS19040_TAACACGCAATAGTAG,3.4900746,17.678062,pancreatic A cell,SAMN13108021
MS19040_TACAACGAGTGCCAGA,2.9632328,5.2559247,type B pancreatic cell,SAMN13108021
MS19040_GTAGGAGTCACTCCGT,2.9979475,8.348404,type B pancreatic cell,SAMN13108021
MS19040_TGGCGTGAGGGTGAGG,0.42201126,2.070355,type B pancreatic cell,SAMN13108021
MS19040_GGAGGATAGGCCTGAA,1.4198605,19.856613,pancreatic A cell,SAMN13108021
MS19040_GGGTGTCAGCAAATGT,2.7044828,8.940133,type B pancreatic cell,SAMN13108021
MS19040_CCTCATGGTGGGAGAG,-4.5934935,4.1164536,pancreatic D cell,SAMN13108021
MS19040_GCGATCGCAGCTATTG,2.0001113,7.2533026,type B pancreatic cell,SAMN13108021
MS19040_ATTTACCGTGTCTTAG,0.5130894,17.437988,pancreatic A cell,SAMN13108021
MS19040_ATTCAGGCACTAGAGG,3.7599876,5.888308,type B pancreatic cell,SAMN13108021
MS19040_ATGCCTCCAGAGGCTA,12.536289,-2.4741874,pancreatic stellate cell,SAMN13108021
MS19040_CAATACGCATGAATCC,1.4994885,7.781696,type B pancreatic cell,SAMN13108021
MS19040_AGGGAGTTCGAGTCCG,0.082749516,7.818543,type B pancreatic cell,SAMN13108021
MS19040_CCTTTGGCAGCACGAA,2.2790606,4.7929063,type B pancreatic cell,SAMN13108021
MS19040_AAGGAATCAAGTGTCT,3.5331469,17.456114,pancreatic A cell,SAMN13108021
MS19040_GAACGTTCACCGTGGT,-0.014982036,3.0469506,type B pancreatic cell,SAMN13108021
MS19040_CATTTCATCAATCAGC,2.4241095,19.924284,pancreatic A cell,SAMN13108021
MS19040_TGCGGGTTCCAATGCA,1.6796576,6.403018,type B pancreatic cell,SAMN13108021
MS19040_GGAGCAACACTTACAG,2.4775965,7.483815,type B pancreatic cell,SAMN13108021
MS19040_GTCTCACTCCTCTAAT,1.2500405,19.670776,pancreatic A cell,SAMN13108021
MS19040_GGACGTCCAAATCAAG,12.160227,-1.6440856,pancreatic stellate cell,SAMN13108021
MS19040_ATCGCCTCAAGAGCTG,3.328958,18.398674,pancreatic A cell,SAMN13108021
MS19040_ACACTGAGTCGCCACA,2.547017,8.11151,type B pancreatic cell,SAMN13108021
MS19040_TTTATGCCACCGCTAG,4.458593,6.7319446,type B pancreatic cell,SAMN13108021
MS19040_ACGGGTCCAAACGTGG,2.1414325,18.192966,pancreatic A cell,SAMN13108021
MS19040_GAGGGATCACTGCATA,2.505572,5.012107,type B pancreatic cell,SAMN13108021
MS19040_AGCGATTAGAGAGTGA,3.1690195,16.39927,pancreatic A cell,SAMN13108021
MS19040_TCGTGGGTCGCTGTCT,3.0754128,18.043089,pancreatic A cell,SAMN13108021
MS19040_CAATGACCATGGCCCA,2.2991042,16.499977,pancreatic A cell,SAMN13108021
MS19040_GAGACCCAGGGTATAT,-4.474237,-3.3879423,pancreatic acinar cell,SAMN13108021
MS19040_GTGGCGTCACGACCTG,3.1038826,7.781007,type B pancreatic cell,SAMN13108021
MS19040_ATCTCTAGTAAGATTG,-1.2288666,9.43761,type B pancreatic cell,SAMN13108021
MS19040_AAGTGAAAGCGACTTT,13.865346,3.0844772,endothelial cell,SAMN13108021
MS19040_CTCTCGAAGCATTTCG,1.9036715,6.7886147,type B pancreatic cell,SAMN13108021
MS19040_TTCGGTCTCGCCTTTG,2.2609713,9.075267,type B pancreatic cell,SAMN13108021
MS19040_GTAGTACAGCTGGCCT,2.1232898,6.8361225,type B pancreatic cell,SAMN13108021
MS19040_TGTCAGACAACTGCCG,3.4570673,18.26752,pancreatic A cell,SAMN13108021
MS19040_TCAGCAATCACCTGGG,1.0146507,6.212942,type B pancreatic cell,SAMN13108021
MS19040_ATCCCTGTCTCCGTGT,1.128812,8.310189,type B pancreatic cell,SAMN13108021
MS19040_CGGAGAACAGATTTCG,1.7493427,19.777662,pancreatic A cell,SAMN13108021
MS19040_CTATCCGGTTAAGGGC,0.04047996,19.449934,pancreatic A cell,SAMN13108021
MS19040_AAAGGGCGTCGGAAAC,2.5250785,6.2520785,type B pancreatic cell,SAMN13108021
MS19040_GGTTGTATCAAGTGTC,4.284108,18.865335,pancreatic A cell,SAMN13108021
MS19040_ACCACAACAGGCGTTC,3.0041573,8.13277,type B pancreatic cell,SAMN13108021
MS19040_CGTTGGGAGCTAGCCC,0.21101691,19.204304,pancreatic A cell,SAMN13108021
MS19040_TCCCAGTTCTCTGCCA,-4.2861495,5.240234,pancreatic D cell,SAMN13108021
MS19040_ATCACTTGTATTTCCT,2.6280332,-4.7540236,pancreatic ductal cell,SAMN13108021
MS19040_ATTGTTCTCAGGAAGC,3.564557,5.679958,type B pancreatic cell,SAMN13108021
MS19040_GTAACACAGGACCCAA,2.984092,19.60504,pancreatic A cell,SAMN13108021
MS19040_TCGGGCACAACAGAGC,2.6011274,17.57991,pancreatic A cell,SAMN13108021
MS19040_CTCGAGGGTGATGAAT,0.5061346,19.863747,pancreatic A cell,SAMN13108021
MS19040_AACGGGACAACTCATG,3.628777,17.71214,pancreatic A cell,SAMN13108021
MS19040_GAGGGTAGTTAAACAG,-4.57123,3.8678951,pancreatic D cell,SAMN13108021
MS19040_GTGAGGAGTCGTAATC,4.4061656,6.137381,type B pancreatic cell,SAMN13108021
MS19040_TATATCCCATGCCGGT,3.189753,19.79982,pancreatic A cell,SAMN13108021
MS19040_CTGTACCCACGAGAAC,-3.9757655,3.7685003,pancreatic D cell,SAMN13108021
MS19040_CCTTGTGTCGTTGTTT,-2.6332664,6.8206697,pancreatic D cell,SAMN13108021
MS19040_GGGTAGACATGCCATA,1.8626213,6.1791778,type B pancreatic cell,SAMN13108021
MS19040_TTCATTGTCTATACGG,3.3357794,7.9061847,type B pancreatic cell,SAMN13108021
MS19040_CCTAACCTCACCATCC,1.5495301,8.696819,type B pancreatic cell,SAMN13108021
MS19040_TCCGAAAAGCGTTAGG,2.3972816,17.421618,pancreatic A cell,SAMN13108021
MS19040_GTCTCACCAGCATGCC,3.6133454,18.19951,pancreatic A cell,SAMN13108021
MS19040_CTCTCAGGTAGGTCAG,1.5709792,9.025172,type B pancreatic cell,SAMN13108021
MS19040_GGTGGCTTCCTTATAC,0.63786745,2.731378,type B pancreatic cell,SAMN13108021
MS19040_TACCGGGGTGAGGATC,2.8152995,19.384136,pancreatic A cell,SAMN13108021
MS19040_AACGGGATCCCTCGTA,1.3814669,3.8544526,type B pancreatic cell,SAMN13108021
MS19040_CTATCCGCATCAGCGC,1.1919422,7.98656,type B pancreatic cell,SAMN13108021
MS19040_TACCGAACACACTTAG,-5.31349,3.366051,pancreatic D cell,SAMN13108021
MS19040_GCAGTTAGTTGCGAAG,1.4309274,8.466103,type B pancreatic cell,SAMN13108021
MS19040_TTGGGTAAGACATGCG,1.0601383,8.250421,type B pancreatic cell,SAMN13108021
MS19040_CACGTGGAGACCTTTG,3.4642594,7.38695,type B pancreatic cell,SAMN13108021
MS19040_GTTGTCCAGCCTGACC,11.415318,-0.5118988,pancreatic stellate cell,SAMN13108021
MS19040_AATCGTGCATGTGCTA,-0.1587331,-6.197522,pancreatic ductal cell,SAMN13108021
MS19040_ATAGAGAGTATGTCCA,2.134509,4.892493,type B pancreatic cell,SAMN13108021
MS19040_GACCCTTCACAATCTG,-5.199795,2.3935058,pancreatic D cell,SAMN13108021
MS19040_GTCGAATTCTCCGCAT,0.39536485,19.307829,pancreatic A cell,SAMN13108021
MS19040_TGACCCTGTGTTACTG,3.6393483,18.760462,pancreatic A cell,SAMN13108021
MS19040_ATTATCCAGTGAGTTA,2.8655753,-4.9903584,pancreatic ductal cell,SAMN13108021
MS19040_CTGATCCCACTGCGAC,2.5227432,3.2742836,type B pancreatic cell,SAMN13108021
MS19040_AGCATCAGTACCTATG,3.5481153,-4.7310348,pancreatic ductal cell,SAMN13108021
MS19040_TGTTCATTCCTACGAA,4.1380286,19.164541,pancreatic A cell,SAMN13108021
MS19040_TTTCCTCGTCGCATGC,-1.4282204,3.5036616,pancreatic D cell,SAMN13108021
MS19040_TCCATCGCAATCGCGC,3.1305172,16.710909,pancreatic A cell,SAMN13108021
MS19040_TGCAGGCAGACCTCCG,2.0300562,8.723191,type B pancreatic cell,SAMN13108021
MS19040_CCCTCAACATACAGAA,2.8175986,8.488147,type B pancreatic cell,SAMN13108021
MS19040_TTCACCGCATGTTTGG,2.9638004,6.589659,type B pancreatic cell,SAMN13108021
MS19040_ATTACTCGTACAAGCG,0.36609858,17.591797,pancreatic A cell,SAMN13108021
MS19040_AGCGCTGCAAGGCGTA,2.186609,3.5930889,type B pancreatic cell,SAMN13108021
MS19040_ATACTTCTCGAACACT,4.372189,6.4156833,type B pancreatic cell,SAMN13108021
MS19040_TCCGGGAAGGACATCG,-0.2340107,3.5205655,pancreatic D cell,SAMN13108021
MS19040_TTGCATTCACACACGC,3.2831802,19.788025,pancreatic A cell,SAMN13108021
MS19040_ATCGATGAGCAATTCC,-0.5142027,9.126849,type B pancreatic cell,SAMN13108021
MS19040_TACCGGGGTCGCATGC,4.3723035,5.7459497,type B pancreatic cell,SAMN13108021
MS19040_CCTATCGAGGCCTGCT,-4.653882,3.7717097,pancreatic D cell,SAMN13108021
MS19040_CTCCACATCTGTCAGA,0.25887254,3.2650537,type B pancreatic cell,SAMN13108021
MS19040_GGACGTCGTAGTAAGT,3.0749764,21.431934,pancreatic A cell,SAMN13108021
MS19040_GTAACACGTATCGAAA,2.6845765,17.499758,pancreatic A cell,SAMN13108021
MS19040_TGATGCATCACCTCAC,-5.230306,3.361747,pancreatic D cell,SAMN13108021
MS19040_GTTCTATCACATTCTT,4.4982533,5.9076967,type B pancreatic cell,SAMN13108021
MS19040_ATCCCTGCAGCTTTGA,2.7910469,8.057902,type B pancreatic cell,SAMN13108021
MS19040_AGGCTGCCAGGAATAT,3.686425,4.72333,type B pancreatic cell,SAMN13108021
MS19040_TACTGCCAGGCTTAGG,2.876067,20.175522,pancreatic A cell,SAMN13108021
MS19040_AGGACGAAGACGCATG,1.5869116,20.977177,pancreatic A cell,SAMN13108021
MS19040_TGCGGCAAGCCTCTGG,2.1327498,5.852544,type B pancreatic cell,SAMN13108021
MS19040_CCACGTTGTATACAGA,1.6666305,5.473709,type B pancreatic cell,SAMN13108021
MS19040_GCACGTGCAAGCCCAC,3.1502247,-4.603332,pancreatic ductal cell,SAMN13108021
MS19040_CCACACTGTGAGCTCC,0.82786614,6.2950096,type B pancreatic cell,SAMN13108021
MS19040_GCACTAAAGGTCATAA,2.246633,18.760574,pancreatic A cell,SAMN13108021
MS19040_GACGCTGCACAGGATG,1.2603025,5.53489,type B pancreatic cell,SAMN13108021
MS19040_TACAGGTTCCTAGCCT,1.5114868,7.275795,type B pancreatic cell,SAMN13108021
MS19040_TGAGGTTTCAAAGAAC,3.12392,18.732634,pancreatic A cell,SAMN13108021
MS19040_GCGTGCATCACTACTT,1.8716617,19.477278,pancreatic A cell,SAMN13108021
MS19040_TCACTCGAGCTCGGCT,0.10068675,1.6674013,type B pancreatic cell,SAMN13108021
MS19040_TCATGCCGTAGGAAAG,2.601493,19.701176,pancreatic A cell,SAMN13108021
MS19040_TCACAAGAGCCGTTAT,2.704715,18.279335,pancreatic A cell,SAMN13108021
MS19040_CATACCCGTTGTAAAG,4.2344713,6.252712,type B pancreatic cell,SAMN13108021
MS19040_TAGGGTTAGCTAATCC,2.435824,8.3832445,type B pancreatic cell,SAMN13108021
MS19040_GCCCAGATCTCGAACA,1.013777,19.332005,pancreatic A cell,SAMN13108021
MS19040_AGATGAACACGAGGAT,-5.5119157,3.3166406,pancreatic D cell,SAMN13108021
MS19040_GGTTAACGTATCAAGA,2.4370968,7.2162867,type B pancreatic cell,SAMN13108021
MS19040_CCACGAGTCGAAGGAC,0.021176752,19.020266,pancreatic A cell,SAMN13108021
MS19040_GCAACATAGAAGCTCG,-4.5277,-2.4244199,pancreatic acinar cell,SAMN13108021
MS19040_GCGGATCAGCTAGATA,2.3955772,4.5108376,type B pancreatic cell,SAMN13108021
MS19040_TGCACGGTCCATGCAA,3.1387398,7.9956417,type B pancreatic cell,SAMN13108021
MS19040_TGCATGATCTAAACGC,3.6370654,16.181044,pancreatic A cell,SAMN13108021
MS19040_CTGTGGGCAAGCTGCC,1.353909,18.982498,pancreatic A cell,SAMN13108021
MS19040_ACTTATCGTGTACATC,4.3166847,7.001913,type B pancreatic cell,SAMN13108021
MS19040_TGGCGTGTCGCACGAC,2.7572205,19.80387,pancreatic A cell,SAMN13108021
MS19040_GTCACTCGTGCCGAAA,4.2531996,18.269394,pancreatic A cell,SAMN13108021
MS19040_GAGTCATGTCCGATCG,0.006275581,18.671724,pancreatic A cell,SAMN13108021
MS19040_TTTAGTCCACCGTCTT,5.267145,17.860956,pancreatic A cell,SAMN13108021
MS19040_TTGCATTCATGACACT,5.273157,16.9291,pancreatic A cell,SAMN13108021
MS19040_CGGCAGTGTCCTCATC,2.1966176,8.786896,type B pancreatic cell,SAMN13108021
MS19040_AAGACAAAGGTAGGCT,0.41419962,17.917498,pancreatic A cell,SAMN13108021
MS19040_GTCGTAAGTCTCGGGT,0.77456546,19.267351,pancreatic A cell,SAMN13108021
MS19040_TTCCACGTCGATCCAA,0.30287868,17.88203,pancreatic A cell,SAMN13108021
MS19040_GTAACACGTGACTATC,1.1135961,9.063871,type B pancreatic cell,SAMN13108021
MS19040_GATTCTTCAGGAGACT,2.9053805,18.592552,pancreatic A cell,SAMN13108021
MS19040_TCAAGCAGTTTACTTC,1.7755561,16.620138,pancreatic A cell,SAMN13108021
MS19040_TTTATGCCAAGCCATT,2.123072,5.047665,type B pancreatic cell,SAMN13108021
MS19040_TCTCTGGAGCATAGGC,1.0336508,20.320446,pancreatic A cell,SAMN13108021
MS19040_GGTAATCAGAAATGGG,2.74036,18.120152,pancreatic A cell,SAMN13108021
MS19040_CGCGTGATCCCTGTTG,3.3860502,19.460953,pancreatic A cell,SAMN13108021
MS19040_GAATCGTCAACTCGTA,3.3825731,6.7048025,type B pancreatic cell,SAMN13108021
MS19040_GCCCGAATCGGCTGAC,0.635213,18.235777,pancreatic A cell,SAMN13108021
MS19040_GTCGTAAAGACCATTC,2.8707893,7.8924866,type B pancreatic cell,SAMN13108021
MS19040_CTGTACCTCCATTGTT,1.551396,6.063341,type B pancreatic cell,SAMN13108021
MS19040_AACTTCTGTGCATTAC,2.5337238,9.068092,type B pancreatic cell,SAMN13108021
MS19040_GCGTGCAGTGGCTCTG,1.8116198,6.1839757,type B pancreatic cell,SAMN13108021
MS19040_ACTGTCCGTGGACCAA,1.6080922,6.9830995,type B pancreatic cell,SAMN13108021
MS19040_TTGCGTCCAAATTGGA,2.2590656,4.4729414,type B pancreatic cell,SAMN13108021
MS19040_GCATGATAGAGAGGTA,1.1443732,6.0285697,type B pancreatic cell,SAMN13108021
MS19040_ACACAGTCAATCACGT,-0.12827423,18.22158,pancreatic A cell,SAMN13108021
MS19040_ATCGTAGCACTTGAAC,-1.432296,4.968043,type B pancreatic cell,SAMN13108021
MS19040_CTCAGGGCAACGATCT,0.5612759,18.463362,pancreatic A cell,SAMN13108021
MS19040_GAACTGTTCGCTTGAA,4.3293853,4.56398,type B pancreatic cell,SAMN13108021
MS19040_CGAGTTAAGGATACGC,2.3891196,8.782187,type B pancreatic cell,SAMN13108021
MS19040_GGATCTAGTGGCGTAA,12.672337,0.22856937,pancreatic stellate cell,SAMN13108021
MS19040_CAGTTAGTCCTCACTG,1.7629426,18.755796,pancreatic A cell,SAMN13108021
MS19040_CCTCAGTGTATCAAGA,-5.1987934,-1.8072602,pancreatic acinar cell,SAMN13108021
MS19040_AGTACTGGTTCTGACA,2.0421286,6.719602,type B pancreatic cell,SAMN13108021
MS19040_GCAGTTACACCGTCGA,4.027507,4.8923388,type B pancreatic cell,SAMN13108021
MS19040_TCATTGTGTGTACAGG,1.4424531,19.658558,pancreatic A cell,SAMN13108021
MS19040_CCGTGAGTCGAGAAAT,3.2345154,8.029194,type B pancreatic cell,SAMN13108021
MS19040_CGATCGGCACCCTCTA,3.3592486,19.673014,pancreatic A cell,SAMN13108021
MS19040_TGGAACTGTGTGTTTG,12.3298855,-2.1137147,pancreatic stellate cell,SAMN13108021
MS19040_CCGGTGACAACGTTAC,2.2296996,19.288439,pancreatic A cell,SAMN13108021
MS19040_TTTGGTTTCTCGCTCA,1.6010033,7.7374287,type B pancreatic cell,SAMN13108021
MS19040_ACAAGCTAGTTCATGC,-0.87605697,2.9642587,type B pancreatic cell,SAMN13108021
MS19040_TAGATCGAGACAACTA,13.732936,2.8694036,endothelial cell,SAMN13108021
MS19040_GTTGTGACAGCAGATG,1.1633806,9.210927,type B pancreatic cell,SAMN13108021
MS19040_GACTATGAGCCTTTGA,-3.9820163,-2.728855,pancreatic acinar cell,SAMN13108021
MS19040_ATAGAGAAGACGGTCA,4.260856,18.570683,pancreatic A cell,SAMN13108021
MS19040_ACCATTTTCATCGACA,2.9957516,17.363966,pancreatic A cell,SAMN13108021
MS19040_GTGGTTACATTCAGGT,0.16154712,4.1369147,type B pancreatic cell,SAMN13108021
MS19040_ACCCAAAAGCCATGCC,3.9145372,17.496702,pancreatic A cell,SAMN13108021
MS19040_CACAGGCAGATCCGAG,2.3194437,-4.7341046,pancreatic ductal cell,SAMN13108021
MS19040_GGGATGATCGGAATGG,0.18818742,1.8163366,type B pancreatic cell,SAMN13108021
MS19040_ATCGATGGTAGGATAT,1.6496458,7.3572073,type B pancreatic cell,SAMN13108021
MS19040_AGGGTCCGTTCGGCTG,2.30611,19.556717,pancreatic A cell,SAMN13108021
MS19040_ATGGGTTAGCCTCATA,2.6189184,8.572747,type B pancreatic cell,SAMN13108021
MS19040_TTCACCGAGTCACACT,0.98546594,3.2525132,type B pancreatic cell,SAMN13108021
MS19040_ATTATCCTCGCCGTGA,1.847066,6.0728283,type B pancreatic cell,SAMN13108021
MS19040_CCACGTTGTAACAGTA,2.6093955,6.936827,type B pancreatic cell,SAMN13108021
MS19040_CATTGCCAGGTTACCT,1.720966,8.501664,type B pancreatic cell,SAMN13108021
MS19040_ACACCAAGTAGGACCA,-0.56539434,2.6514428,type B pancreatic cell,SAMN13108021
MS19040_TTCTCTCCAAATAGCA,2.117773,7.009651,type B pancreatic cell,SAMN13108021
MS19040_GATAGAATCTTTCCAA,1.1887169,17.986515,pancreatic A cell,SAMN13108021
MS19040_CCACAAAAGTTCACTG,1.6585685,6.799833,type B pancreatic cell,SAMN13108021
MS19040_ACAGCCGCACGCCAGT,2.2003999,20.456547,pancreatic A cell,SAMN13108021
MS19040_GCTACCTGTACGGCAA,1.8659879,5.584689,type B pancreatic cell,SAMN13108021
MS19040_GGATGTTGTGCGTTTA,0.35312572,19.805779,pancreatic A cell,SAMN13108021
MS19040_CTCATGCCAACGAGGT,3.2849374,5.78809,type B pancreatic cell,SAMN13108021
MS19040_CTCATCGCAGCAGAAC,1.5014881,6.288063,type B pancreatic cell,SAMN13108021
MS19040_GGGAGTACACACAGCC,1.3934222,18.914139,pancreatic A cell,SAMN13108021
MS19040_GTCAAGTTCCAGCCTT,4.03483,4.5051756,type B pancreatic cell,SAMN13108021
MS19040_CTGATCCTCGGATTAC,3.7457056,18.107555,pancreatic A cell,SAMN13108021
MS19040_CGCGTGATCATGCAGT,11.309398,-1.5901431,pancreatic stellate cell,SAMN13108021
MS19040_GAAGAATCATGGAATA,2.6428373,19.5767,pancreatic A cell,SAMN13108021
MS19040_ACGTAACCAGGTTCCG,2.0101988,4.264821,type B pancreatic cell,SAMN13108021
MS19040_TCCGGGACAAATTAGG,-4.4833274,4.1258016,pancreatic D cell,SAMN13108021
MS19040_GGTGGCTTCTTTGATC,4.438755,6.6002736,type B pancreatic cell,SAMN13108021
MS19040_GCTGAATGTGCCAAGA,1.4496039,8.470773,type B pancreatic cell,SAMN13108021
MS19040_CCCTCAATCGGATTAC,0.122328736,3.7234678,type B pancreatic cell,SAMN13108021
MS19040_GTGGAGAGTAGTGCGA,3.5142562,17.471157,pancreatic A cell,SAMN13108021
MS19040_AGCTACATCAACACGT,0.98552394,3.6421795,type B pancreatic cell,SAMN13108021
MS19040_GAAATGAAGGTCGACA,-4.026732,4.622338,pancreatic D cell,SAMN13108021
MS19040_GAACTGTGTGTCTAAC,2.409538,17.750961,pancreatic A cell,SAMN13108021
MS19040_GTGCGTGAGGATAATC,3.5016859,7.0627317,type B pancreatic cell,SAMN13108021
MS19040_CATCGCTAGCTGAGTG,1.7695026,4.6785235,type B pancreatic cell,SAMN13108021
MS19040_CCGTTCACAATGGCAG,2.535969,17.135353,pancreatic A cell,SAMN13108021
MS19040_AACCTGAAGCAACAAT,2.0314443,6.231068,type B pancreatic cell,SAMN13108021
MS19040_AATGGAATCCTAGAGT,2.2174737,7.3449993,type B pancreatic cell,SAMN13108021
MS19040_GATAGAAGTATGGAGC,1.5231864,20.37554,pancreatic A cell,SAMN13108021
MS19040_CTCATCGCACCTGCTT,1.8980546,7.417324,type B pancreatic cell,SAMN13108021
MS19040_AGTCACATCGGAGATG,-5.2831306,3.8816655,pancreatic D cell,SAMN13108021
MS19040_TACGTCCAGTGGGAAA,2.1972919,9.024295,type B pancreatic cell,SAMN13108021
MS19040_TAATCTCAGTGAACAT,0.6036104,19.830452,pancreatic A cell,SAMN13108021
MS19040_GTCGAATTCCTTCTGG,2.5814285,8.7253475,type B pancreatic cell,SAMN13108021
MS19040_GGGACTCAGTGGTGGT,3.0347145,19.604496,pancreatic A cell,SAMN13108021
MS19040_TAAGCGTCACTTCCTG,-0.47984168,2.7788157,type B pancreatic cell,SAMN13108021
MS19040_TGACGCGCATGCGTGC,0.02952117,18.263824,pancreatic A cell,SAMN13108021
MS19040_TGTTCTATCTCAGTCC,1.0620806,5.1383443,pancreatic D cell,SAMN13108021
MS19040_AGATAGAAGGGTACAC,1.7114706,5.691167,type B pancreatic cell,SAMN13108021
MS19040_GACTCTCCACTCAGAT,1.8551953,19.519773,pancreatic A cell,SAMN13108021
MS19040_GTGATGTCATGACAGG,3.209002,4.54863,type B pancreatic cell,SAMN13108021
MS19040_CGCCAGATCTGAATCG,1.3906462,8.922812,type B pancreatic cell,SAMN13108021
MS19040_TCTAACTGTTTGAAAG,1.2809267,3.7583869,type B pancreatic cell,SAMN13108021
MS19040_AGTAGTCTCAGGACAG,0.72457665,9.374489,type B pancreatic cell,SAMN13108021
MS19040_TAACCAGGTACCTAAC,4.2244368,5.411459,type B pancreatic cell,SAMN13108021
MS19040_CTTACCGCAGTTGGTT,0.37961498,5.7399435,type B pancreatic cell,SAMN13108021
MS19040_CTCTCGACATGGCGCT,2.5060937,7.6204324,type B pancreatic cell,SAMN13108021
MS19040_GCAACATAGGGTTGCA,1.0459979,9.132864,type B pancreatic cell,SAMN13108021
MS19040_TCATCATTCTACTGCC,-4.3879833,-3.3526447,pancreatic acinar cell,SAMN13108021
MS19040_TTATTGCAGACGCCCT,1.5494009,6.3907166,type B pancreatic cell,SAMN13108021
MS19040_CACAACACAGGAACCA,2.9404535,4.3046184,type B pancreatic cell,SAMN13108021
MS19040_TCTATACTCCACAAGT,-3.8611765,4.8126082,pancreatic D cell,SAMN13108021
MS19040_CCTTGTGCATGGCCCA,1.5703769,19.619175,pancreatic A cell,SAMN13108021
MS19040_TCAATCTCACGCTGTG,-4.063484,3.6897912,pancreatic D cell,SAMN13108021
MS19040_ATCCGTCTCTGTGCTC,3.3553023,6.969286,type B pancreatic cell,SAMN13108021
MS19040_AGACCCGTCTCAATCT,1.6728576,6.1127124,type B pancreatic cell,SAMN13108021
MS19040_GGTGTTATCGGAGATG,1.894506,3.9551442,type B pancreatic cell,SAMN13108021
MS19040_AGCCAATAGTGGCCTC,2.2720425,6.474758,type B pancreatic cell,SAMN13108021
MS19040_CGAGAAGTCTATTCGT,2.4561067,4.181508,type B pancreatic cell,SAMN13108021
MS19040_GCCAGCATCACTGAAC,2.0412638,6.7092385,type B pancreatic cell,SAMN13108021
MS19040_GAACTGTAGAGTCTTC,0.70763165,17.696093,pancreatic A cell,SAMN13108021
MS19040_ATTCGTTGTAGAATAC,-4.8920364,-2.761418,pancreatic acinar cell,SAMN13108021
MS19040_TCAGTTTAGTCGCGAA,3.0762005,16.680754,pancreatic A cell,SAMN13108021
MS19040_GGTCTGGAGGCCTTGC,3.6734662,16.840382,pancreatic A cell,SAMN13108021
MS19040_GGGTGAACACGAGAAC,3.0685623,18.359877,pancreatic A cell,SAMN13108021
MS19040_AGAAGTATCGTCGACG,2.1136816,18.345306,pancreatic A cell,SAMN13108021
MS19040_CTGCAGGCATATCGGT,12.774194,0.73160875,pancreatic stellate cell,SAMN13108021
MS19040_CGATGCGCAGCACAGA,1.533816,18.999836,pancreatic A cell,SAMN13108021
MS19040_GGGACAACAAGTATAG,2.496025,18.91709,pancreatic A cell,SAMN13108021
MS19040_CAACCAATCAGGACAG,1.1262828,9.138612,type B pancreatic cell,SAMN13108021
MS19040_AGTCAACGTGGTCTTA,3.842931,6.220339,type B pancreatic cell,SAMN13108021
MS19040_GTCAGCGCAACACACT,2.0652828,4.144337,type B pancreatic cell,SAMN13108021
MS19040_TTATTGCCAACTTGCA,4.6738777,16.322914,pancreatic A cell,SAMN13108021
MS19040_GGGAAGTAGAACCCGA,1.0263584,19.900589,pancreatic A cell,SAMN13108021
MS19040_GCTCAAATCATTGCCC,0.51290613,19.00524,pancreatic A cell,SAMN13108021
MS19040_CACGTGGGTACGATTC,-4.5981426,5.292606,pancreatic D cell,SAMN13108021
MS19040_TGGCGTGTCTCAATCT,1.1276835,20.066223,pancreatic A cell,SAMN13108021
MS19040_TTAGGCAGTTCAGCGC,-5.0021706,3.5831673,pancreatic D cell,SAMN13108021
MS19040_AACGGGAAGGTCCGAA,-5.3092313,3.07093,pancreatic D cell,SAMN13108021
MS19040_GGTCACGAGCCTTGAT,3.1492896,7.171566,type B pancreatic cell,SAMN13108021
MS19040_ATAGGCTCATCTCGTC,0.26568565,3.0821996,type B pancreatic cell,SAMN13108021
MS19040_CCGGTAGTCTCTAAGG,-0.15387587,2.2455392,type B pancreatic cell,SAMN13108021
MS19040_AACAGGGGTTGGGACA,13.236882,-1.8583856,pancreatic stellate cell,SAMN13108021
MS19040_GATTGGTAGTTGTAAG,0.53037965,19.208044,pancreatic A cell,SAMN13108021
MS19040_AGGGCCTAGCGACTTT,13.472493,-1.2437185,pancreatic stellate cell,SAMN13108021
MS19040_TTCCTAAGTATTTCCT,2.9649363,18.820107,pancreatic A cell,SAMN13108021
MS19040_TCATCATTCCAAGCTA,0.6913591,6.6537976,type B pancreatic cell,SAMN13108021
MS19040_CTGATCCTCAGGTAAA,-0.15375465,2.0077796,type B pancreatic cell,SAMN13108021
MS19040_ACGTTCCGTGTAACGG,3.0596979,19.717499,pancreatic A cell,SAMN13108021
MS19040_CGTGTCTGTGCAGATG,2.8837605,21.394419,pancreatic A cell,SAMN13108021
MS19040_CTTTCGGTCCGAGCTG,-4.219261,3.645053,pancreatic D cell,SAMN13108021
MS19040_ATGATCGGTTGGAGAC,3.1007178,8.296551,type B pancreatic cell,SAMN13108021
MS19040_GACCGTGGTCGGCACT,1.6279808,4.172106,type B pancreatic cell,SAMN13108021
MS19040_CTGAATGCAAAGACTA,3.5617795,17.46732,pancreatic A cell,SAMN13108021
MS19040_GCGAGAACAGAGAATT,2.8161187,7.534257,type B pancreatic cell,SAMN13108021
MS19040_ATTGGGTAGTAAATGC,1.5223917,5.2244105,type B pancreatic cell,SAMN13108021
MS19040_CGTGATACAACAACAA,3.7635798,20.938595,pancreatic A cell,SAMN13108021
MS19040_CACAGGCAGTGTAGAT,2.59038,19.79032,pancreatic A cell,SAMN13108021
MS19040_TTCCTTCCAACACTAC,12.568445,-1.8627447,pancreatic stellate cell,SAMN13108021
MS19040_CTGTACCCAACAACAA,2.753284,5.377772,type B pancreatic cell,SAMN13108021
MS19040_ACACTGAGTGAGGAAA,-0.2914248,3.9046054,type B pancreatic cell,SAMN13108021
MS19040_CGATCGGCAAACTAAG,3.9702113,18.035782,pancreatic A cell,SAMN13108021
MS19040_TGGGCTGAGTCGGCCT,4.061298,20.334711,pancreatic A cell,SAMN13108021
MS19040_GGGAAGTGTTGGAGAC,3.2888813,5.1141205,type B pancreatic cell,SAMN13108021
MS19040_AGGAATAAGCCATTTG,1.0135283,8.816877,type B pancreatic cell,SAMN13108021
MS19040_CTGATCCGTCCCTGAG,3.2184792,19.296371,pancreatic A cell,SAMN13108021
MS19040_CATACTTTCACTACGA,1.9988365,18.265148,pancreatic A cell,SAMN13108021
MS19040_TCTCAGCGTAGGACTG,2.0439627,19.746836,pancreatic A cell,SAMN13108021
MS19040_CCTCAGTCAAAGGAGA,3.0226467,20.31068,pancreatic A cell,SAMN13108021
MS19040_TGCATGAGTTCGAAGG,1.1683636,6.350548,type B pancreatic cell,SAMN13108021
MS19040_TTCTAGTAGATGAAGG,-0.0993171,2.9616575,type B pancreatic cell,SAMN13108021
MS19040_GAGGCCTGTTATCTTC,2.9832785,4.979095,type B pancreatic cell,SAMN13108021
MS19040_TTTGGAGGTATCGAAA,3.0797362,8.405351,type B pancreatic cell,SAMN13108021
MS19040_GGCACGTTCCGTGTGG,2.2752986,8.836372,type B pancreatic cell,SAMN13108021
MS19040_CCTGTTGAGTGCTCAT,2.522288,2.4052997,type B pancreatic cell,SAMN13108021
MS19040_CCTTCAGAGTTGCTGT,2.7720506,4.7371078,type B pancreatic cell,SAMN13108021
MS19040_GTGTGATAGAGCCCAA,0.19153696,18.809467,pancreatic A cell,SAMN13108021
MS19040_ATGCATGTCACGAGGA,2.0121212,17.814394,pancreatic A cell,SAMN13108021
MS19040_GTGGGAAAGGGCAATC,2.4978933,6.3339796,type B pancreatic cell,SAMN13108021
MS19040_GTTGCGGTCCGTGTAA,-5.4440804,3.2239525,pancreatic D cell,SAMN13108021
MS19040_GCCAACGGTCCCGCAA,4.2142124,19.613832,pancreatic A cell,SAMN13108021
MS19040_ACTCCCATCACCGCTT,-0.064784884,18.274446,pancreatic A cell,SAMN13108021
MS19040_CGAGAAGAGGGCAGTT,1.3452715,17.307407,pancreatic A cell,SAMN13108021
MS19040_AGCGCCAAGACTCATC,2.867474,6.617773,type B pancreatic cell,SAMN13108021
MS19040_CATACCCCAGCAGAAC,1.3557069,7.6254735,type B pancreatic cell,SAMN13108021
MS19040_TCATACTCACCCGTAG,3.4458182,5.5654764,type B pancreatic cell,SAMN13108021
MS19040_AGTCAACCATTCATCT,0.72105575,8.599125,type B pancreatic cell,SAMN13108021
MS19040_GTTTACTTCCTCGCAT,3.4898982,8.453064,type B pancreatic cell,SAMN13108021
MS19040_TGGTGATGTACGATGG,1.9225868,6.8685193,type B pancreatic cell,SAMN13108021
MS19040_CGTGATAAGCCGATTT,-0.013598104,9.348445,type B pancreatic cell,SAMN13108021
MS19040_GTGTAACGTCGATGCC,2.6544766,8.920113,type B pancreatic cell,SAMN13108021
MS19040_AGACTCAAGCACACCC,1.1001403,6.001411,type B pancreatic cell,SAMN13108021
MS19040_AACCCAATCGGTCGAC,1.548507,16.963951,pancreatic A cell,SAMN13108021
MS19040_TGATGGTGTCCTATAG,2.6774259,8.727198,type B pancreatic cell,SAMN13108021
MS19040_AGAACCTGTTGCACGC,0.99871683,18.637321,pancreatic A cell,SAMN13108021
MS19040_AGGGCCTAGCTAGCCC,3.5428581,20.67955,pancreatic A cell,SAMN13108021
MS19040_TGCTTCGAGCACCTGC,0.43584436,18.779293,pancreatic A cell,SAMN13108021
MS19040_CGTCCATTCCATGCAA,-6.5848913,-1.7047033,pancreatic acinar cell,SAMN13108021
MS19040_CTAACCCGTTCGTGCG,3.261068,6.231449,type B pancreatic cell,SAMN13108021
MS19040_TGGGAAGTCACACCGG,1.6791983,6.973346,type B pancreatic cell,SAMN13108021
MS19040_TCCCAGTTCGGTGCAC,2.8499324,18.443672,pancreatic A cell,SAMN13108021
MS19040_TCTATACGTAGACAAT,5.4601035,19.37719,pancreatic A cell,SAMN13108021
MS19040_TGGGAAGAGGTAAACT,1.2851871,19.97736,pancreatic A cell,SAMN13108021
MS19040_CCTGCATAGAGTCTTC,2.83026,19.413097,pancreatic A cell,SAMN13108021
MS19040_ACGTAACAGTGCGTCC,1.0681032,8.209573,type B pancreatic cell,SAMN13108021
MS19040_ATGTCCCGTAGGACCA,0.43081623,19.020134,pancreatic A cell,SAMN13108021
MS19040_AGACAGGGTTCAGGTT,3.5596256,7.268495,type B pancreatic cell,SAMN13108021
MS19040_AAGTACCGTCACGCTG,2.229453,5.714009,type B pancreatic cell,SAMN13108021
MS19040_TGAGACTCACGGCGTT,1.9772049,8.721863,type B pancreatic cell,SAMN13108021
MS19040_CATTTCACACAATTCG,-0.51981044,9.571648,type B pancreatic cell,SAMN13108021
MS19040_TAAGTCGAGATAGCTA,1.1178532,16.997597,pancreatic A cell,SAMN13108021
MS19040_GCCCGAAAGTTACGTC,2.6467836,8.939189,type B pancreatic cell,SAMN13108021
MS19040_GAGAGGTGTTCTCCAC,3.4062097,5.742969,type B pancreatic cell,SAMN13108021
MS19040_TGACCCTGTTCTAAGC,1.293646,3.3152163,type B pancreatic cell,SAMN13108021
MS19040_CGCAGGTCAGACCATT,-4.8920503,3.501171,pancreatic D cell,SAMN13108021
MS19040_TTTACCAGTCAGTCGC,2.9857354,8.475299,type B pancreatic cell,SAMN13108021
MS19040_ATCGGATCAGTAGAAT,13.685658,2.4070148,endothelial cell,SAMN13108021
MS19040_TCACGCTCATGCCGGT,1.7364197,16.393696,pancreatic A cell,SAMN13108021
MS19040_AAACGCTGTAACGGTG,2.3446097,8.224959,type B pancreatic cell,SAMN13108021
MS19040_GCGGATCCAGGACTTT,0.89990276,17.351168,pancreatic A cell,SAMN13108021
MS19040_ACATGCAAGGCGTCCT,-5.3830223,3.3880281,pancreatic D cell,SAMN13108021
MS19040_TGCTTCGTCAGGAGAC,3.608806,19.340647,pancreatic A cell,SAMN13108021
MS19040_ATCCTATCAGGCACAA,-5.1875057,3.5331933,pancreatic D cell,SAMN13108021
MS19040_GTGGAGATCAGGCGAA,3.467715,18.245163,pancreatic A cell,SAMN13108021
MS19040_TGACGCGTCGCCTCTA,1.4864296,17.98823,pancreatic A cell,SAMN13108021
MS19040_CGATGGCAGGGAGGGT,3.148613,22.061287,pancreatic A cell,SAMN13108021
MS19040_TCATACTTCAATCAGC,1.1744615,19.847248,pancreatic A cell,SAMN13108021
MS19040_CATTCATGTTATCTTC,1.782477,3.4094498,type B pancreatic cell,SAMN13108021
MS19040_AGTCTCCAGGGATCAC,1.0665284,19.090542,pancreatic A cell,SAMN13108021
MS19040_TTTATGCTCTTCTGGC,2.3578448,19.041693,pancreatic A cell,SAMN13108021
MS19040_TCCTCTTGTGCCTTTC,0.5267046,5.396834,type B pancreatic cell,SAMN13108021
MS19040_CTCCTCCTCACACCCT,0.8225167,2.1641982,type B pancreatic cell,SAMN13108021
MS19040_TAATTCCTCTGGGCAC,0.5473332,17.40061,pancreatic A cell,SAMN13108021
MS19040_ATCCGTCAGGTGCTTT,2.7653673,8.831025,type B pancreatic cell,SAMN13108021
MS19040_CACAGATCAAGGACAC,1.3829236,7.0666924,type B pancreatic cell,SAMN13108021
MS19040_ACGATGTCACAAATAG,2.2814283,8.631735,type B pancreatic cell,SAMN13108021
MS19040_TGCTTGCCAGACGGAT,-0.61651075,5.6254506,type B pancreatic cell,SAMN13108021
MS19040_GGATCTAGTAAGTCAA,0.9992587,9.391574,type B pancreatic cell,SAMN13108021
MS19040_TGAGCATTCGCGCTGA,1.576346,16.995058,pancreatic A cell,SAMN13108021
MS19040_CCGCAAGTCCTCTCTT,3.472607,18.373934,pancreatic A cell,SAMN13108021
MS19040_TGAGGAGAGCACTCTA,2.9771047,8.861388,type B pancreatic cell,SAMN13108021
MS19040_GAGTTACGTGCTGATT,3.219923,7.9480786,type B pancreatic cell,SAMN13108021
MS19040_GGTGATTTCCGCACTT,0.17410699,2.7234488,type B pancreatic cell,SAMN13108021
MS19040_CGTGTCTGTATGGTAA,1.9288386,8.905535,type B pancreatic cell,SAMN13108021
MS19040_TCCTTTCGTACCATAC,-4.066254,4.5050535,pancreatic D cell,SAMN13108021
MS19040_AACAGGGGTTCTAAGC,1.9693378,6.7270727,type B pancreatic cell,SAMN13108021
MS19040_AACCTTTGTATCCTCC,1.699353,18.340685,pancreatic A cell,SAMN13108021
MS19040_TTACTGTTCCATAGGT,3.627209,17.626375,pancreatic A cell,SAMN13108021
MS19040_ATGTCCCGTGCGGTAA,1.671478,7.2527423,type B pancreatic cell,SAMN13108021
MS19040_AGGGTGACAAGACTGG,13.472528,2.3686001,endothelial cell,SAMN13108021
MS19040_TTGTGTTGTCCAGCGT,0.93116236,6.7642303,type B pancreatic cell,SAMN13108021
MS19040_GTAGAAACACAAGGTG,1.7251737,19.503963,pancreatic A cell,SAMN13108021
MS19040_GATGACTTCGAGCACC,2.1635058,6.688984,type B pancreatic cell,SAMN13108021
MS19040_CATAGACTCCGATCGG,1.2245022,18.844852,pancreatic A cell,SAMN13108021
MS19040_CCATAAGCAAGACCTT,-5.6389575,3.1824682,pancreatic D cell,SAMN13108021
MS19040_TTGTGGAGTTCAAAGA,-4.075884,4.0234327,pancreatic D cell,SAMN13108021
MS19040_GTCGTTCCAAGCGGAT,3.0643525,8.264304,type B pancreatic cell,SAMN13108021
MS19040_TTCTGTATCTAGCAAC,1.721949,6.055362,type B pancreatic cell,SAMN13108021
MS19040_CTGCCTAGTCTGTGAT,2.1190825,16.894106,pancreatic A cell,SAMN13108021
MS19040_GTGAGGATCTTTGATC,2.8508666,17.927309,pancreatic A cell,SAMN13108021
MS19040_GAACTGTTCCGCAAAT,1.4209304,17.918133,pancreatic A cell,SAMN13108021
MS19040_ACGTAACAGGGAGTTC,3.5981576,6.5549216,type B pancreatic cell,SAMN13108021
MS19040_ACGGGTCTCCGGCAAC,2.641456,4.645009,type B pancreatic cell,SAMN13108021
MS19040_AGTCACATCGCTACGG,12.639597,0.032337826,pancreatic stellate cell,SAMN13108021
MS19040_CTGCCATAGTAATACG,12.1216545,-2.0392487,pancreatic stellate cell,SAMN13108021
MS19040_GCCGTGACATATACCG,2.245442,6.7440567,type B pancreatic cell,SAMN13108021
MS19040_CGGAATTTCGAACCTA,2.4200275,8.946531,type B pancreatic cell,SAMN13108021
MS19040_TGCAGGCGTACAGTCT,12.203425,-2.0876272,pancreatic stellate cell,SAMN13108021
MS19040_TGATTTCTCTATCCAT,2.0695634,16.56574,pancreatic A cell,SAMN13108021
MS19040_CGTCCATGTCTAACGT,2.107154,6.951514,type B pancreatic cell,SAMN13108021
MS19040_GAGGGATTCTCACTCG,0.8001454,2.8213127,type B pancreatic cell,SAMN13108021
MS19040_TGTTTGTGTTCTAACG,-0.6119884,3.187689,type B pancreatic cell,SAMN13108021
MS19040_TGCCGAGAGAGCCTGA,-0.6446616,2.6515555,type B pancreatic cell,SAMN13108021
MS19040_CATTCCGTCAGGAGAC,0.042603284,2.9301958,type B pancreatic cell,SAMN13108021
MS19040_GGATGTTAGCATACTC,2.1454105,21.192066,pancreatic A cell,SAMN13108021
MS19040_TAGACTGCAGAAGCGT,3.6585412,16.741179,pancreatic A cell,SAMN13108021
MS19040_ATTTCACAGGACTAAT,-4.6959443,3.6877306,pancreatic D cell,SAMN13108021
MS19040_TGTGTGAGTCGGAACA,-0.07801394,1.9891894,type B pancreatic cell,SAMN13108021
MS19040_TTCATTGCATAGAAAC,4.9425435,15.877948,pancreatic A cell,SAMN13108021
MS19040_ATCGGCGAGCCTGGAA,-0.22558187,8.830478,type B pancreatic cell,SAMN13108021
MS19040_CACTTCGAGCACCGAA,-0.42195395,2.7666447,type B pancreatic cell,SAMN13108021
MS19040_GAAGGGTCAATAACCC,12.840054,-2.4939628,pancreatic stellate cell,SAMN13108021
MS19040_ATTCCCGGTCACAGAG,2.9867048,6.8923144,type B pancreatic cell,SAMN13108021
MS19040_TCCTCCCTCAAGCGTT,3.2770631,7.3153563,type B pancreatic cell,SAMN13108021
MS19040_CCCTCTCTCACCATGA,0.9470598,16.899271,pancreatic A cell,SAMN13108021
MS19040_GATGAGGTCATTTACC,2.713641,17.698576,pancreatic A cell,SAMN13108021
MS19040_GACGTTACAATCAAGA,0.1308834,6.4096475,type B pancreatic cell,SAMN13108021
MS19040_CTGCTCATCGTGTCAA,2.906884,8.653174,type B pancreatic cell,SAMN13108021
MS19040_CATGCAAGTCACAGAG,2.686691,19.617397,pancreatic A cell,SAMN13108021
MS19040_ACGGTCGAGTGCTACT,3.3460467,4.208102,type B pancreatic cell,SAMN13108021
MS19040_CCTAAGACACCACTGG,2.8605735,17.390173,pancreatic A cell,SAMN13108021
MS19040_TAACACGAGGGAGTTC,3.9264271,5.2347097,type B pancreatic cell,SAMN13108021
MS19040_GCACGGTGTCATCGCG,5.0124464,15.97501,pancreatic A cell,SAMN13108021
MS19040_TCATGAGAGCTAGAGC,2.6955807,7.2177496,type B pancreatic cell,SAMN13108021
MS19040_AGCGTATCACAAGCAG,0.42384163,2.7975137,type B pancreatic cell,SAMN13108021
MS19040_TTCACCGAGTCGGCAA,2.66332,19.962757,pancreatic A cell,SAMN13108021
MS19040_CGAGAAGTCTAGATCG,5.2903466,15.725591,pancreatic A cell,SAMN13108021
MS19040_GTAACCAAGGAACGCT,0.36480746,9.008844,type B pancreatic cell,SAMN13108021
MS19040_CAGGGCTCATCGGCCA,2.5288942,18.197151,pancreatic A cell,SAMN13108021
MS19040_AAGACTCGTTGTGGAG,2.317883,7.7154684,type B pancreatic cell,SAMN13108021
MS19040_CTCACTGCATTAAAGG,2.8714852,20.041142,pancreatic A cell,SAMN13108021
MS19040_GATTCGACAGAATTCC,-4.483874,5.1920037,pancreatic D cell,SAMN13108021
MS19040_ATTGGGTCAATTCTCT,0.98357224,17.09309,pancreatic A cell,SAMN13108021
MS19040_GTTGCTCCAGAGTGTG,-1.9158186,7.4688926,type B pancreatic cell,SAMN13108021
MS19040_GTCGTTCAGAGGACTC,3.2401142,8.497772,type B pancreatic cell,SAMN13108021
MS19040_CGATGCGTCACCCTTG,-0.7724939,6.1775756,type B pancreatic cell,SAMN13108021
MS19040_CAGAGCCAGATCGACG,5.986542,16.961344,pancreatic A cell,SAMN13108021
MS19040_AGCCAGCAGTACAGAT,-1.7246816,7.6108475,type B pancreatic cell,SAMN13108021
MS19040_TCACTCGTCCTAAACG,1.687623,6.2425733,type B pancreatic cell,SAMN13108021
MS19040_CGTGCTTGTCCGGATC,1.842391,19.96275,pancreatic A cell,SAMN13108021
MS19040_GGGACAAAGTCGCCAC,2.1569963,6.8000126,type B pancreatic cell,SAMN13108021
MS19040_CAGATCACACTCTGCT,3.1554992,7.9118075,type B pancreatic cell,SAMN13108021
MS19040_ACGTTCCTCGCCAGAC,1.6706102,8.809996,type B pancreatic cell,SAMN13108021
MS19040_TATTTCGTCCGTCCTA,4.3259974,18.20816,pancreatic A cell,SAMN13108021
MS19040_GTCGTAACAAGACGAC,1.4918369,4.0669518,type B pancreatic cell,SAMN13108021
MS19040_GTATTGGGTTGAAGTA,0.03273727,18.818066,pancreatic A cell,SAMN13108021
MS19040_AGGGCCTTCGATACAC,-0.10757246,5.649349,type B pancreatic cell,SAMN13108021
MS19040_CTGCCATTCCTAGCGG,3.7414281,18.20743,pancreatic A cell,SAMN13108021
MS19040_GGGTATTCATCTCGTC,13.485636,1.9291106,endothelial cell,SAMN13108021
MS20033_TTCTCTCAGGCATCGA,0.4772678,6.883617,type B pancreatic cell,SAMN15337453
MS20033_TATCGCCCACTGCACG,-2.312983,8.745837,type B pancreatic cell,SAMN15337453
MS20033_AGGTTGTCAAGCACAG,-0.09234136,19.096333,pancreatic A cell,SAMN15337453
MS20033_GTTACGAGTTAATCGC,-1.7473822,7.942221,type B pancreatic cell,SAMN15337453
MS20033_AGTTAGCTCTATCCAT,-3.0903208,7.8143945,type B pancreatic cell,SAMN15337453
MS20033_GGGCGTTCACGCGCAT,0.86618006,9.393064,type B pancreatic cell,SAMN15337453
MS20033_CGGAGAATCCCGAGAC,-3.1166747,8.164652,type B pancreatic cell,SAMN15337453
MS20033_AACCTGATCCTACCGT,0.27200016,8.485718,type B pancreatic cell,SAMN15337453
MS20033_TCAATCTCATAGAAAC,14.6616335,2.0029035,endothelial cell,SAMN15337453
MS20033_TTCAATCGTCTTGAAC,-1.1052775,8.323012,type B pancreatic cell,SAMN15337453
MS20033_CATACAGTCAGGACAG,1.5562156,20.365816,pancreatic A cell,SAMN15337453
MS20033_ATCAGGTCACAACCGC,-3.427649,6.783358,type B pancreatic cell,SAMN15337453
MS20033_TGGGATTGTATCGAGG,0.89818865,17.509459,pancreatic A cell,SAMN15337453
MS20033_TTCTGTATCGCTCTCA,-0.38823757,8.378928,type B pancreatic cell,SAMN15337453
MS20033_GTGCTTCCAGCACAGA,-3.851668,7.1503572,type B pancreatic cell,SAMN15337453
MS20033_ACTCCCAAGGTATCTC,1.8951904,-4.174571,pancreatic ductal cell,SAMN15337453
MS20033_TCAATCTCAATTTCCT,-3.411856,8.058737,type B pancreatic cell,SAMN15337453
MS20033_CCTGTTGGTTACGATC,2.6113803,6.5813513,type B pancreatic cell,SAMN15337453
MS20033_CTGCCTACATTGCAAC,0.9529953,7.94457,type B pancreatic cell,SAMN15337453
MS20033_TCAGCAATCTTCTGGC,1.3323692,19.09794,pancreatic A cell,SAMN15337453
MS20033_ATTCCCGTCCACGTGG,-3.7179127,5.0181146,type B pancreatic cell,SAMN15337453
MS20033_GGTCACGAGACTGAGC,-4.7684712,-3.378203,pancreatic acinar cell,SAMN15337453
MS20033_ACAAGCTAGCTTTCTT,3.256101,7.261025,type B pancreatic cell,SAMN15337453
MS20033_TATTGGGTCTATACGG,-4.1356363,-3.152823,pancreatic acinar cell,SAMN15337453
MS20033_TGTAGACTCACCTCGT,-5.0574694,5.038082,pancreatic D cell,SAMN15337453
MS20033_CTGTAGAAGGCCTTGC,-4.973097,5.3376074,pancreatic D cell,SAMN15337453
MS20033_CCTAACCCATCCTTCG,-3.6925159,8.417296,type B pancreatic cell,SAMN15337453
MS20033_AGTCAACTCCATTCGC,-3.6398847,6.9992514,type B pancreatic cell,SAMN15337453
MS20033_TTCGATTAGGCCACCT,10.354643,8.736303,pancreatic PP cell,SAMN15337453
MS20033_TCTTAGTCAGCACAAG,0.574291,7.2737155,type B pancreatic cell,SAMN15337453
MS20033_CTTTCAACAAGGTCTT,11.854034,-2.3284202,pancreatic stellate cell,SAMN15337453
MS20033_CATTCCGGTGCCCACA,-2.5182261,8.88757,type B pancreatic cell,SAMN15337453
MS20033_CAACCAAGTTGCCTAA,14.645011,2.7838984,endothelial cell,SAMN15337453
MS20033_CTACATTCAAAGACTA,1.1172998,5.7263446,type B pancreatic cell,SAMN15337453
MS20033_ATAGACCAGTACGTCT,-2.9823835,7.5527034,type B pancreatic cell,SAMN15337453
MS20033_TGCGGCAAGGTTGGAC,-2.3869917,8.582154,type B pancreatic cell,SAMN15337453
MS20033_TACCCGTCACGGTGTC,-2.960307,7.892195,type B pancreatic cell,SAMN15337453
MS20033_CTGTGGGAGGCCCAAA,-2.6412337,7.711801,type B pancreatic cell,SAMN15337453
MS20033_CTATCTATCTCGTTTA,-3.1946788,7.478421,type B pancreatic cell,SAMN15337453
MS20033_GATGTTGAGCAATTAG,-2.628246,8.612437,type B pancreatic cell,SAMN15337453
MS20033_GTAATGCAGTTGCGAG,3.3933244,-4.2891583,pancreatic ductal cell,SAMN15337453
MS20033_CCACGAGAGACTGTTC,-0.88903284,7.252208,type B pancreatic cell,SAMN15337453
MS20033_GGTTGTACAGAGGGTT,10.557334,8.786889,pancreatic PP cell,SAMN15337453
MS20033_GACAGCCAGGTCCTGC,1.8349493,6.0214853,type B pancreatic cell,SAMN15337453
MS20033_GTAAGTCAGTACCCTA,0.57161313,19.701376,pancreatic A cell,SAMN15337453
MS20033_GGCTGTGTCCAGTGCG,-2.9255776,6.965594,type B pancreatic cell,SAMN15337453
MS20033_GATCACATCCCGTAAA,1.2666987,20.746443,pancreatic A cell,SAMN15337453
MS20033_ACCGTTCTCGTAGGGA,-3.5062568,8.445558,type B pancreatic cell,SAMN15337453
MS20033_TACGGGCTCTCAATCT,-2.5744743,7.8742995,type B pancreatic cell,SAMN15337453
MS20033_GTAGCTAAGGCTTAAA,-2.8210554,8.429142,type B pancreatic cell,SAMN15337453
MS20033_ACTGCAATCATGTCAG,0.51135474,19.45914,pancreatic A cell,SAMN15337453
MS20033_GGTAATCGTTACGTAC,-2.1053689,8.216622,type B pancreatic cell,SAMN15337453
MS20033_TTCATGTGTAATGTGA,-1.6738677,9.564081,type B pancreatic cell,SAMN15337453
MS20033_CCACGTTCAATCGCGC,-3.7723458,5.391217,type B pancreatic cell,SAMN15337453
MS20033_TGTCCTGCAGAGTTCT,-2.8127987,8.996957,type B pancreatic cell,SAMN15337453
MS20033_GTGTCCTCACTAGGTT,2.6718938,20.724714,pancreatic A cell,SAMN15337453
MS20033_AGATAGATCGTTACCC,-0.22911009,7.702611,type B pancreatic cell,SAMN15337453
MS20033_TCAGTGACATTCCTCG,-0.84861046,7.916589,type B pancreatic cell,SAMN15337453
MS20033_CTCCGATCAGCATGCC,-2.990413,8.175742,type B pancreatic cell,SAMN15337453
MS20033_TTTCATGAGGTAGCCA,-0.014929735,2.8355885,type B pancreatic cell,SAMN15337453
MS20033_GTGTAACGTGTTCATG,-3.0366364,7.617063,type B pancreatic cell,SAMN15337453
MS20033_TGTGAGTAGCCGATTT,-0.9987449,7.2158413,type B pancreatic cell,SAMN15337453
MS20033_ATCACGACAGACCAAG,-3.5319037,8.365227,type B pancreatic cell,SAMN15337453
MS20033_CGGCAGTTCCCGTGTT,-2.3322637,8.677204,type B pancreatic cell,SAMN15337453
MS20033_GGTTGTACAACTGATC,1.0732914,1.98989,type B pancreatic cell,SAMN15337453
MS20033_CGGAATTGTCAGTTTG,-2.894905,8.43421,type B pancreatic cell,SAMN15337453
MS20033_CACGAATCAGGTAGTG,-0.9529384,9.529294,type B pancreatic cell,SAMN15337453
MS20033_CGTAATGCACACGCCA,13.852665,2.2712972,endothelial cell,SAMN15337453
MS20033_CAGGCCAAGCGATGGT,-0.070389375,19.603216,pancreatic A cell,SAMN15337453
MS20033_GGGTTATGTAAGACCG,10.781336,8.801676,pancreatic PP cell,SAMN15337453
MS20033_GAGTCATAGAACTTCC,4.067834,15.366461,pancreatic A cell,SAMN15337453
MS20033_GGTGTTAAGTTGCATC,-4.0859194,5.742221,pancreatic D cell,SAMN15337453
MS20033_CATGCCTAGCCTTGAT,11.346254,-1.1291575,pancreatic stellate cell,SAMN15337453
MS20033_GCCAACGTCCTCAGAA,-1.8776793,9.385488,type B pancreatic cell,SAMN15337453
MS20033_AACGTCATCAATGCAC,-1.3451991,8.852589,type B pancreatic cell,SAMN15337453
MS20033_ACTGATGTCTTTGGAG,1.5072881,18.882069,pancreatic A cell,SAMN15337453
MS20033_GTAAGTCCACTATCGA,-2.3845713,8.87853,type B pancreatic cell,SAMN15337453
MS20033_GAAGCCCAGTCCTACA,-2.950752,6.974736,type B pancreatic cell,SAMN15337453
MS20033_GCTACCTAGATACATG,-1.1468961,6.810627,type B pancreatic cell,SAMN15337453
MS20033_AATTTCCAGGTCATAA,-3.1161842,7.3338237,type B pancreatic cell,SAMN15337453
MS20033_TTACGTTGTGAGACGT,-1.5594465,7.9270334,type B pancreatic cell,SAMN15337453
MS20033_GAGTTTGGTCAAGCCC,-3.2097404,7.531299,type B pancreatic cell,SAMN15337453
MS20033_GAAACCTGTTTCGATG,2.923516,6.199112,type B pancreatic cell,SAMN15337453
MS20033_AGGATAACATCCTGTC,0.05516768,17.82757,pancreatic A cell,SAMN15337453
MS20033_TTGTGTTGTTGGCCGT,-3.0556002,8.668903,type B pancreatic cell,SAMN15337453
MS20033_CCTCTCCAGAGAGTTT,-3.3697054,7.9350295,type B pancreatic cell,SAMN15337453
MS20033_TGCGACGTCGGTTAGT,-0.70037246,6.7572107,type B pancreatic cell,SAMN15337453
MS20033_CAATGACTCTCCTGTG,2.183115,6.8178496,type B pancreatic cell,SAMN15337453
MS20033_TCCACGTCAACCTAAC,-4.016723,-4.1298246,pancreatic acinar cell,SAMN15337453
MS20033_GTTATGGAGAATTGCA,1.9167914,3.6116056,type B pancreatic cell,SAMN15337453
MS20033_ACTCCCAAGCAAGTCG,-0.9334768,5.1164975,type B pancreatic cell,SAMN15337453
MS20033_TCAGCCTCACCCATAA,-0.52507323,7.4611025,type B pancreatic cell,SAMN15337453
MS20033_TGTCCCAGTGTAAACA,-3.74152,7.0522056,type B pancreatic cell,SAMN15337453
MS20033_TATTGGGTCACTTGGA,1.6357824,20.927769,pancreatic A cell,SAMN15337453
MS20033_TTCCTTCAGTGGTTGG,-2.8172462,6.311331,type B pancreatic cell,SAMN15337453
MS20033_TTCGATTTCCAACTAG,-3.2908955,8.333893,type B pancreatic cell,SAMN15337453
MS20033_TACACCCTCAAGCCGC,-3.7228642,7.8350477,type B pancreatic cell,SAMN15337453
MS20033_TTGCTGCCAAGTATAG,-1.3889652,9.55853,type B pancreatic cell,SAMN15337453
MS20033_CATCCACCACTTGAGT,0.726036,19.397558,pancreatic A cell,SAMN15337453
MS20033_TGTAACGCAGACTGCC,1.225229,2.3054042,type B pancreatic cell,SAMN15337453
MS20033_GTAAGTCGTTACGGAG,4.398651,19.539314,pancreatic A cell,SAMN15337453
MS20033_CAATCGATCGAGAATA,-0.39685038,7.020949,type B pancreatic cell,SAMN15337453
MS20033_GGGAGTAAGAAGTCAT,14.655759,2.4603217,endothelial cell,SAMN15337453
MS20033_AACAAGACATCAGTCA,2.79485,7.0105534,type B pancreatic cell,SAMN15337453
MS20033_CATGAGTTCCAGTTCC,3.9013796,6.213577,type B pancreatic cell,SAMN15337453
MS20033_TTACGTTAGGATATGT,0.11035414,-6.926122,pancreatic ductal cell,SAMN15337453
MS20033_AACAAAGAGAAGCTGC,3.5887241,8.19226,type B pancreatic cell,SAMN15337453
MS20033_TCCTTCTCAACGAGGT,0.3383484,19.13468,pancreatic A cell,SAMN15337453
MS20033_TTCCTCTTCATGCCGG,1.545404,20.340366,pancreatic A cell,SAMN15337453
MS20033_AGGCCACAGGTTGGTG,-0.23024803,5.686557,type B pancreatic cell,SAMN15337453
MS20033_GTTCTATTCAGCTGTA,10.836578,8.96536,pancreatic PP cell,SAMN15337453
MS20033_CTTACCGCACATTACG,-0.113491245,19.169811,pancreatic A cell,SAMN15337453
MS20033_ATTTCACCACGTAGTT,-0.08009428,19.195312,pancreatic A cell,SAMN15337453
MS20033_AGATGCTGTAGGAAAG,-3.5313187,8.588457,type B pancreatic cell,SAMN15337453
MS20033_TTTCACAGTCAAGCCC,14.883375,1.834127,endothelial cell,SAMN15337453
MS20033_TTTGTTGAGACGAAGA,-3.9086585,5.1025987,type B pancreatic cell,SAMN15337453
MS20033_GTGCGTGGTTTCGGCG,-3.2629256,8.422449,type B pancreatic cell,SAMN15337453
MS20033_AGTCACATCGCCAACG,-5.0733232,5.0164537,pancreatic D cell,SAMN15337453
MS20033_ATTGTTCAGAAATTCG,0.18017453,19.42685,pancreatic A cell,SAMN15337453
MS20033_TCATCATCAGACACAG,-0.637253,2.6958203,type B pancreatic cell,SAMN15337453
MS20033_ATACCGAAGTACAACA,-2.7811038,-4.1624126,pancreatic acinar cell,SAMN15337453
MS20033_CTGAGCGGTCTCTCTG,0.6819672,3.476413,type B pancreatic cell,SAMN15337453
MS20033_TCGGATAGTGTCCGTG,-2.5165482,8.646669,type B pancreatic cell,SAMN15337453
MS20033_GCCGATGCAGTATACC,-0.99045914,7.7034726,type B pancreatic cell,SAMN15337453
MS20033_CAACGATCACACACTA,-2.5597224,7.6495667,type B pancreatic cell,SAMN15337453
MS20033_CTCCATGAGACTGTTC,0.13365331,19.422169,pancreatic A cell,SAMN15337453
MS20033_GTAGTACGTGATACCT,4.333003,19.094536,pancreatic A cell,SAMN15337453
MS20033_ATTCCATTCTCGTCAC,-3.5791128,6.921096,type B pancreatic cell,SAMN15337453
MS20033_AAGGTAACAATCGTCA,-3.234891,7.0852437,type B pancreatic cell,SAMN15337453
MS20033_CTCATCGAGGTTGGTG,-3.2356203,7.457585,type B pancreatic cell,SAMN15337453
MS20033_AGTCACAAGGCTGGAT,10.542031,8.706649,pancreatic PP cell,SAMN15337453
MS20033_CCGATGGGTATCCTCC,2.8103855,5.5440083,type B pancreatic cell,SAMN15337453
MS20033_CTTGATTCAGTCGGAA,14.72326,2.2533107,endothelial cell,SAMN15337453
MS20033_CCTGTTGTCTAGACCA,-4.7165165,5.0053473,pancreatic D cell,SAMN15337453
MS20033_AGGGTGAAGGCGTCCT,-1.4807705,9.010531,type B pancreatic cell,SAMN15337453
MS20033_TTCTAGTAGAGCAGTC,2.3793068,17.463821,pancreatic A cell,SAMN15337453
MS20033_CTATCTAAGTCATAGA,-1.8189138,7.331004,type B pancreatic cell,SAMN15337453
MS20033_GCTTTCGAGTACAGCG,-2.1011822,8.949953,type B pancreatic cell,SAMN15337453
MS20033_TCGATTTCATGTACGT,-3.2791672,8.081095,type B pancreatic cell,SAMN15337453
MS20033_TAGATCGGTGACTGTT,3.4371536,17.927332,pancreatic A cell,SAMN15337453
MS20033_GCTACCTTCAGCTGAT,3.4033966,17.156422,pancreatic A cell,SAMN15337453
MS20033_GGAATCTCAATGGCAG,1.1991892,2.3353574,type B pancreatic cell,SAMN15337453
MS20033_CATGCTCGTTCAGTAC,-0.90080124,8.787914,type B pancreatic cell,SAMN15337453
MS20033_CATCCACAGGGATCAC,-0.10152898,18.567259,pancreatic A cell,SAMN15337453
MS20033_GTGGCGTGTCAGCTTA,0.016157577,19.565283,pancreatic A cell,SAMN15337453
MS20033_TACCCACGTCCCAAAT,-0.3606395,9.220096,type B pancreatic cell,SAMN15337453
MS20033_ACCACAAAGGCAGCTA,-0.11037092,9.420586,type B pancreatic cell,SAMN15337453
MS20033_GATGGAGCATCATGAC,-3.0659952,8.3395,type B pancreatic cell,SAMN15337453
MS20033_ACACAGTTCAGTGATC,3.9832144,7.599314,type B pancreatic cell,SAMN15337453
MS20033_GCCGATGAGGAAGAAC,-3.4873722,7.8988996,type B pancreatic cell,SAMN15337453
MS20033_CCTCAGTGTGAACGGT,1.9454867,7.589711,type B pancreatic cell,SAMN15337453
MS20033_ATGAAAGCACTGCGTG,-3.2183785,7.271371,type B pancreatic cell,SAMN15337453
MS20033_AGTCTCCGTGGTTTAC,10.589714,8.29628,pancreatic PP cell,SAMN15337453
MS20033_CGCATGGAGTAACAGT,14.887681,2.2422736,endothelial cell,SAMN15337453
MS20033_CTCAGGGAGGACTTCT,-3.1680174,8.658107,type B pancreatic cell,SAMN15337453
MS20033_CCCATTGAGGAATCGC,10.625187,9.006465,pancreatic PP cell,SAMN15337453
MS20033_AGTACCAGTTATGTCG,-3.660193,7.042935,type B pancreatic cell,SAMN15337453
MS20033_TGTCCCACAGAGAATT,12.231745,-1.5276704,pancreatic stellate cell,SAMN15337453
MS20033_CAACGATGTGGTCTCG,-4.0895743,5.8092537,type B pancreatic cell,SAMN15337453
MS20033_GGTAATCTCTTACGTT,-2.9972045,8.481334,type B pancreatic cell,SAMN15337453
MS20033_ATGAGTCCAAGCGAAC,0.96341914,9.319221,type B pancreatic cell,SAMN15337453
MS20033_TGCAGATTCAAGTCGT,-2.7878952,8.785138,type B pancreatic cell,SAMN15337453
MS20033_CTGATCCCACTTGGGC,3.271419,-5.1238346,pancreatic ductal cell,SAMN15337453
MS20033_TAGCACAAGGACAACC,-3.422605,7.3040905,type B pancreatic cell,SAMN15337453
MS20033_TGAGCGCAGTCTCGTA,-3.0858827,6.048178,type B pancreatic cell,SAMN15337453
MS20033_GCACGGTGTTGCTGAT,-5.018516,5.3559957,pancreatic D cell,SAMN15337453
MS20033_TGTGAGTAGCGATGCA,-3.130444,8.86979,type B pancreatic cell,SAMN15337453
MS20033_ACGTACACAGGACTAG,2.816991,5.8547506,type B pancreatic cell,SAMN15337453
MS20033_ACCAACATCTTACGGA,-3.5179288,8.254781,type B pancreatic cell,SAMN15337453
MS20033_GCTGCAGAGTTGAATG,-3.7371397,6.759601,type B pancreatic cell,SAMN15337453
MS20033_GTCCCATGTACAAAGT,1.6230209,3.1570098,type B pancreatic cell,SAMN15337453
MS20033_GGACGTCAGATGTTCC,1.3026357,19.20694,pancreatic A cell,SAMN15337453
MS20033_GACAGCCAGGAATCGC,0.079232164,7.554143,type B pancreatic cell,SAMN15337453
MS20033_TAGTGCACAACCACGC,-0.5186797,6.3402624,type B pancreatic cell,SAMN15337453
MS20033_TCTTAGTGTCTCTCAC,2.9401114,7.104567,type B pancreatic cell,SAMN15337453
MS20033_ATCGTCCGTCAAGTTC,-3.6827042,8.0821905,type B pancreatic cell,SAMN15337453
MS20033_ACTGTCCAGAGCAGTC,3.5738802,6.4749813,type B pancreatic cell,SAMN15337453
MS20033_TGCAGGCGTAAGCTCT,-1.215675,9.654934,type B pancreatic cell,SAMN15337453
MS20033_CCTTCAGCAGAACCGA,-3.0037646,8.212193,type B pancreatic cell,SAMN15337453
MS20033_AAAGTGACACTGAATC,0.55731195,3.4808216,type B pancreatic cell,SAMN15337453
MS20033_GATCCCTTCTCTATGT,-0.9071835,7.8895006,type B pancreatic cell,SAMN15337453
MS20033_GTTGTAGCACTCAGAT,-0.19833273,9.460058,type B pancreatic cell,SAMN15337453
MS20033_CTCAGTCAGAGTCACG,-1.7344619,9.03636,type B pancreatic cell,SAMN15337453
MS20033_ACATCGACACAATCTG,-3.7965388,7.0885854,type B pancreatic cell,SAMN15337453
MS20033_GGGAGATTCACCTTAT,-1.9956076,9.259712,type B pancreatic cell,SAMN15337453
MS20033_CGGACACCAGAATCGG,-0.9632298,5.5212274,type B pancreatic cell,SAMN15337453
MS20033_TAAGCGTAGTGACACG,1.4701126,9.509459,type B pancreatic cell,SAMN15337453
MS20033_ATGGGAGCAGAATGTA,-5.251491,4.662019,pancreatic D cell,SAMN15337453
MS20033_ATGGTTGCATCGCTGG,-0.759654,3.0033333,type B pancreatic cell,SAMN15337453
MS20033_TTGTTCAGTTATCTGG,-3.8554542,6.6535316,type B pancreatic cell,SAMN15337453
MS20033_CGAGAAGCACAAGCCC,-0.81811196,7.1557326,type B pancreatic cell,SAMN15337453
MS20033_CGATCGGGTACAAAGT,0.6917287,8.815086,type B pancreatic cell,SAMN15337453
MS20033_GTAGCTAAGTAAACTG,-0.3736582,6.6963916,type B pancreatic cell,SAMN15337453
MS20033_TGAGCATAGTACCCTA,-5.0433335,4.968965,pancreatic D cell,SAMN15337453
MS20033_TAACTTCAGAATCGAT,1.4060593,18.106533,pancreatic A cell,SAMN15337453
MS20033_CGATGGCGTGATACAA,-1.8055599,8.891961,type B pancreatic cell,SAMN15337453
MS20033_ACTTTCACAGCAGTTT,-2.5044355,4.740546,type B pancreatic cell,SAMN15337453
MS20033_ACTTTGTTCACCCTTG,-2.0549526,9.285515,type B pancreatic cell,SAMN15337453
MS20033_CAGCACGTCTTGGCTC,-2.1081479,9.181321,type B pancreatic cell,SAMN15337453
MS20033_TGTTCATTCTGTTGGA,-3.5742824,7.420097,type B pancreatic cell,SAMN15337453
MS20033_TATCTTGGTACCTTCC,-2.2272885,4.7795496,type B pancreatic cell,SAMN15337453
MS20033_GGGCTACGTGCTTCAA,-4.2568316,3.842687,pancreatic D cell,SAMN15337453
MS20033_TCCCAGTCAACACTAC,-2.879473,6.537746,type B pancreatic cell,SAMN15337453
MS20033_AAGAACACAATGGCCC,-2.2852206,5.3163023,type B pancreatic cell,SAMN15337453
MS20033_AAGTGAAGTATCGTAC,0.02126533,18.867676,pancreatic A cell,SAMN15337453
MS20033_TCGCTCATCACCTGGG,-1.8939781,7.350583,type B pancreatic cell,SAMN15337453
MS20033_TTAGTCTTCTTACGTT,-3.251578,8.004581,type B pancreatic cell,SAMN15337453
MS20033_ATTCAGGCAAGTCCAT,-0.30975342,5.5135903,type B pancreatic cell,SAMN15337453
MS20033_GCACGGTTCCGATTAG,-3.3899953,8.940008,type B pancreatic cell,SAMN15337453
MS20033_TAACGACAGCTATCTG,-3.6119304,7.7571316,type B pancreatic cell,SAMN15337453
MS20033_TGGCGTGTCCCAAGCG,2.004061,21.40541,pancreatic A cell,SAMN15337453
MS20033_TCATGTTAGCCTGCCA,-1.9249355,7.5499196,type B pancreatic cell,SAMN15337453
MS20033_CACGTGGAGCAGCACA,-2.7309244,8.279615,type B pancreatic cell,SAMN15337453
MS20033_GGAGAACAGAGTTGAT,-2.4336522,7.5666037,type B pancreatic cell,SAMN15337453
MS20033_TTCCGGTCAGAGCGTA,1.8295524,16.43457,pancreatic A cell,SAMN15337453
MS20033_GGGATGACACTTCAGA,-1.5148749,5.553844,type B pancreatic cell,SAMN15337453
MS20033_CGTTGGGTCTATCGGA,-3.4544635,6.895953,type B pancreatic cell,SAMN15337453
MS20033_ACGTTCCGTCCTTTGC,-3.007974,7.3701563,type B pancreatic cell,SAMN15337453
MS20033_GAGGCCTGTTCGAACT,-3.9886274,6.073546,pancreatic D cell,SAMN15337453
MS20033_ACATCCCCAGACGATG,-2.187442,7.54377,type B pancreatic cell,SAMN15337453
MS20033_ATGACCAGTCAAGTTC,14.405027,1.8678153,endothelial cell,SAMN15337453
MS20033_CAGCCAGTCGTCACCT,-5.1273327,5.337327,pancreatic D cell,SAMN15337453
MS20033_TGTTGGATCGGCCCAA,-5.0439415,4.966788,pancreatic D cell,SAMN15337453
MS20033_CCATAAGCATGTCTAG,-10.875194,-0.7376036,leukocyte,SAMN15337453
MS20033_TAAGCCACACGGCACT,11.940441,-2.449808,pancreatic stellate cell,SAMN15337453
MS20033_AAGTACCGTGATGTAA,0.40556237,19.688787,pancreatic A cell,SAMN15337453
MS20033_GAAGGACAGTAAGACT,-0.23615743,9.8167305,type B pancreatic cell,SAMN15337453
MS20033_TCCTTCTTCTGTCGCT,-3.734791,7.312186,type B pancreatic cell,SAMN15337453
MS20033_CAATGACTCTTCCCAG,-3.9483953,6.945932,type B pancreatic cell,SAMN15337453
MS20033_GGTGTTAAGCTACTAC,-3.6497529,7.758597,type B pancreatic cell,SAMN15337453
MS20033_AACGGGACACTCACTC,0.04426665,18.157005,pancreatic A cell,SAMN15337453
MS20033_TCGGATACACTCTGCT,1.6099969,20.082714,pancreatic A cell,SAMN15337453
MS20033_CCACGAGGTTCGAAGG,-3.332859,8.026142,type B pancreatic cell,SAMN15337453
MS20033_CCGCAAGCAAGAAACT,-2.5095963,7.7606807,type B pancreatic cell,SAMN15337453
MS20033_GATTTCTCAGTAACCT,13.776881,1.9949164,endothelial cell,SAMN15337453
MS20033_CCTTCAGGTCCGAAGA,-3.1368084,6.822419,type B pancreatic cell,SAMN15337453
MS20033_CTCTGGTTCTTCTAAC,0.07478152,19.099463,pancreatic A cell,SAMN15337453
MS20033_TGTAGACGTATGGTTC,12.122358,-2.612076,pancreatic stellate cell,SAMN15337453
MS20033_AGTGATCCACACACGC,-3.255865,8.439389,type B pancreatic cell,SAMN15337453
MS20033_GCCATTCAGGTCGTGA,-0.88080126,3.17797,type B pancreatic cell,SAMN15337453
MS20033_TAAGCGTTCATCACCC,-3.0201614,8.556454,type B pancreatic cell,SAMN15337453
MS20033_TCAAGACAGAGGTATT,-2.119223,4.700638,type B pancreatic cell,SAMN15337453
MS20033_CATAAGCGTGTCTTAG,-2.1277041,8.057012,type B pancreatic cell,SAMN15337453
MS20033_GTAATGCAGACATAGT,-1.4349728,8.650041,type B pancreatic cell,SAMN15337453
MS20033_CACGTTCTCATCGTAG,-2.4800131,8.691085,type B pancreatic cell,SAMN15337453
MS20033_TCGATTTGTTCGTAAC,-1.5151051,9.422676,type B pancreatic cell,SAMN15337453
MS20033_CGATGGCTCGGTTCAA,-3.497521,8.101121,type B pancreatic cell,SAMN15337453
MS20033_TGTCAGAAGACAACTA,-3.7665992,7.7766905,type B pancreatic cell,SAMN15337453
MS20033_GCTGGGTCAGACCGCT,-10.862083,-0.7621476,leukocyte,SAMN15337453
MS20033_TCCTTCTTCCCTTCCC,1.2931017,19.57407,pancreatic A cell,SAMN15337453
MS20033_ACGTCCTCATACCAGT,-0.7501039,9.810169,type B pancreatic cell,SAMN15337453
MS20033_TAAGCCAGTTGACGGA,-2.3258464,8.507601,type B pancreatic cell,SAMN15337453
MS20033_CGGCAGTGTGTCTCCT,-3.3660388,6.94183,type B pancreatic cell,SAMN15337453
MS20033_TGGTTAGAGTGAGTGC,2.5523736,7.052094,type B pancreatic cell,SAMN15337453
MS20033_TGAGGAGCAGCAGTTT,-3.3559775,7.262577,type B pancreatic cell,SAMN15337453
MS20033_TGACCCTAGCGTATAA,-3.3746386,8.198111,type B pancreatic cell,SAMN15337453
MS20033_GGGCGTTAGCAGGGAG,-1.8801204,9.271591,type B pancreatic cell,SAMN15337453
MS20033_GTCTACCAGACGATAT,0.8941002,17.695087,pancreatic A cell,SAMN15337453
MS20033_ATCATTCTCGATAACC,-0.4115689,6.6231127,type B pancreatic cell,SAMN15337453
MS20033_TAGTGCAAGGTGTGAC,-1.295394,6.9685745,type B pancreatic cell,SAMN15337453
MS20033_GTTGTGAGTGCTTCAA,-2.178606,8.204243,type B pancreatic cell,SAMN15337453
MS20033_TGCCGAGAGGTCGTAG,-3.0777187,8.6078415,type B pancreatic cell,SAMN15337453
MS20033_CTACTATAGTTTCAGC,-1.3716185,4.5256042,type B pancreatic cell,SAMN15337453
MS20033_AGCCACGGTGACTCGC,-2.8704891,7.556624,type B pancreatic cell,SAMN15337453
MS20033_AGTTCGAAGCTCCGAC,-4.7771735,4.9741836,pancreatic D cell,SAMN15337453
MS20033_ACGTAGTAGTAGAATC,-0.6026269,6.589707,type B pancreatic cell,SAMN15337453
MS20033_CCTCAGTAGCACCGAA,1.7367275,9.276185,type B pancreatic cell,SAMN15337453
MS20033_AACAAAGGTGGCTACC,3.9793668,14.920395,type B pancreatic cell,SAMN15337453
MS20033_CGGTCAGGTGTGTACT,0.79621726,18.291155,pancreatic A cell,SAMN15337453
MS20033_CAGAGCCTCATGAAAG,1.7755061,-4.3304706,pancreatic ductal cell,SAMN15337453
MS20033_CATACAGGTGACAGCA,-2.7006025,9.019244,type B pancreatic cell,SAMN15337453
MS20033_ACAGCCGAGCTCACTA,4.0137606,5.7026644,type B pancreatic cell,SAMN15337453
MS20033_TGGTTAGGTCACTTCC,-5.148512,5.0927105,pancreatic D cell,SAMN15337453
MS20033_GATTCGATCGCAGTTA,-3.087997,8.386958,type B pancreatic cell,SAMN15337453
MS20033_CAGAGCCCAGCTGGTC,0.55024546,19.835926,pancreatic A cell,SAMN15337453
MS20033_GAGCTGCCAGGGTCTC,2.485243,5.664443,type B pancreatic cell,SAMN15337453
MS20033_ACTTCCGCAATCGCCG,-3.598685,8.432721,type B pancreatic cell,SAMN15337453
MS20033_AGTACTGAGGAACTAT,-2.3123863,8.891064,type B pancreatic cell,SAMN15337453
MS20033_TGTTCTAGTGTCTTGA,-5.384251,4.7609515,pancreatic D cell,SAMN15337453
MS20033_GTTCATTAGTTCAACC,1.2097188,21.180407,pancreatic A cell,SAMN15337453
MS20033_CTGCGAGAGCGACCCT,-3.6218543,7.009109,type B pancreatic cell,SAMN15337453
MS20033_GTGAGCCAGTCTGGAG,0.6978139,18.844952,pancreatic A cell,SAMN15337453
MS20033_TGATGCAGTGACTCTA,-3.3135033,7.4572463,type B pancreatic cell,SAMN15337453
MS20033_ACCAAACCAGAGTTCT,11.728938,-2.2785833,pancreatic stellate cell,SAMN15337453
MS20033_CTGGACGTCAGCCCAG,-3.1279097,6.6741657,type B pancreatic cell,SAMN15337453
MS20033_AGACCATCACTGTCGG,-3.4392984,7.7621555,type B pancreatic cell,SAMN15337453
MS20033_AGCATCACAACACACT,0.91950464,9.507983,type B pancreatic cell,SAMN15337453
MS20033_GGTTCTCTCCTTCGAC,-3.3977163,8.802868,type B pancreatic cell,SAMN15337453
MS20033_TCAGTGAGTACAGTAA,-0.6080223,5.219682,type B pancreatic cell,SAMN15337453
MS20033_AGCGCTGAGTGGTCAG,-3.616619,7.4392757,type B pancreatic cell,SAMN15337453
MS20033_GTAGTACTCAACGAGG,-4.166573,6.0002975,pancreatic D cell,SAMN15337453
MS20033_ACTGTGATCACTTATC,3.358938,6.81271,type B pancreatic cell,SAMN15337453
MS20033_TCAGTCCTCGATAACC,0.080431685,-6.309934,pancreatic ductal cell,SAMN15337453
MS20033_CGTAAGTTCAACTGAC,-1.2991263,8.407217,type B pancreatic cell,SAMN15337453
MS20033_AAATGGACAACTCCAA,-3.1064005,8.3929405,type B pancreatic cell,SAMN15337453
MS20033_CTAACTTAGAATACAC,3.575981,5.2966037,type B pancreatic cell,SAMN15337453
MS20033_TCCTGCACATTCTCTA,0.118387066,19.428364,pancreatic A cell,SAMN15337453
MS20033_GCAGTTAAGCTAGATA,3.6040647,7.503637,type B pancreatic cell,SAMN15337453
MS20033_AGTTCCCTCGAGAATA,-2.4505718,7.6891418,type B pancreatic cell,SAMN15337453
MS20033_GCCAACGGTCGATTTG,-3.4988825,6.8196893,type B pancreatic cell,SAMN15337453
MS20033_AGGACTTGTGCGGATA,2.83998,7.0740066,type B pancreatic cell,SAMN15337453
MS20033_AAGATAGTCAGTGGGA,11.916161,-2.0197608,pancreatic stellate cell,SAMN15337453
MS20033_GGACGTCAGGAGTACC,2.3850636,5.694777,type B pancreatic cell,SAMN15337453
MS20033_GTCTACCCAGTGTGCC,0.7011283,9.178549,type B pancreatic cell,SAMN15337453
MS20033_GTGTTAGGTGCCCACA,-4.391426,5.3363204,pancreatic D cell,SAMN15337453
MS20033_TTAGTCTTCCGCATAA,-4.021951,6.660692,type B pancreatic cell,SAMN15337453
MS20033_AGGGTTTGTGACATCT,-0.62760067,3.9126465,type B pancreatic cell,SAMN15337453
MS20033_TTCACGCGTCACAGAG,-3.512155,7.828819,type B pancreatic cell,SAMN15337453
MS20033_TCAGGGCGTACCGGAA,-3.2196767,8.638727,type B pancreatic cell,SAMN15337453
MS20033_GTCATTTGTCAAGCGA,-1.1122291,7.4953527,type B pancreatic cell,SAMN15337453
MS20033_TTCACGCTCCTGTAAG,2.5854795,9.008714,type B pancreatic cell,SAMN15337453
MS20033_ACTACGATCCTCGATC,-2.8524637,6.999097,type B pancreatic cell,SAMN15337453
MS20033_CTCCTTTAGTGGAAAG,10.358835,8.895701,pancreatic PP cell,SAMN15337453
MS20033_TCGTCCATCCGGCTTT,12.308209,-2.0530257,pancreatic stellate cell,SAMN15337453
MS20033_CATACCCGTCCGGCAT,-2.7982461,8.695689,type B pancreatic cell,SAMN15337453
MS20033_TGCGGCAGTACGTAGG,1.2331846,19.285627,pancreatic A cell,SAMN15337453
MS20033_CCCTAACGTTCCTTGC,11.858141,-2.4515667,pancreatic stellate cell,SAMN15337453
MS20033_CATCGGGTCACAAGAA,-2.577603,8.568115,type B pancreatic cell,SAMN15337453
MS20033_CGATGGCAGTCATAGA,14.912882,2.0017583,endothelial cell,SAMN15337453
MS20033_ACATTTCGTCCACATA,0.65665287,19.867756,pancreatic A cell,SAMN15337453
MS20033_GCCATGGTCCTTGACC,-0.39732498,4.793261,type B pancreatic cell,SAMN15337453
MS20033_GAGCTGCGTCAAATCC,-4.7378755,4.734474,pancreatic D cell,SAMN15337453
MS20033_GCATCGGAGGACACTG,-1.6553768,5.7236443,type B pancreatic cell,SAMN15337453
MS20033_TTTACTGGTTTGGAGG,0.13465503,19.595228,pancreatic A cell,SAMN15337453
MS20033_TTCCTCTGTCCGGCAT,2.582434,18.05027,pancreatic A cell,SAMN15337453
MS20033_AGCTCAAGTATCGATC,-4.2030916,5.2052174,pancreatic D cell,SAMN15337453
MS20033_CGGGTCACACACCAGC,-2.17647,8.939753,type B pancreatic cell,SAMN15337453
MS20033_ACGTAGTGTTATGGTC,-2.5543978,8.291789,type B pancreatic cell,SAMN15337453
MS20033_CAACGGCAGGAACTCG,3.2376225,16.298742,pancreatic A cell,SAMN15337453
MS20033_CTTAGGATCATTACCT,0.86304337,17.701843,pancreatic A cell,SAMN15337453
MS20033_CACGTTCTCCTAAGTG,-0.59213585,7.0088005,type B pancreatic cell,SAMN15337453
MS20033_GTGACGCGTGTGTTTG,1.5525206,19.516005,pancreatic A cell,SAMN15337453
MS20033_TAGGGTTCAACGCATT,1.5969095,8.638711,type B pancreatic cell,SAMN15337453
MS20033_CCATAAGTCCAAATGC,-2.9974174,8.69656,type B pancreatic cell,SAMN15337453
MS20033_TCATACTGTTTCACTT,-1.1755826,7.4374385,type B pancreatic cell,SAMN15337453
MS20033_AGGGAGTGTGCAGATG,0.9607432,-5.3677263,pancreatic ductal cell,SAMN15337453
MS20033_ATCACAGAGGGAGTTC,-4.810376,4.9562397,pancreatic D cell,SAMN15337453
MS20033_GGGTCTGCATTGCAAC,-1.9161911,9.041359,type B pancreatic cell,SAMN15337453
MS20033_CACTGTCGTTGGGAAC,-0.03481106,19.090736,pancreatic A cell,SAMN15337453
MS20033_TACCCACGTTCTGAGT,2.4179764,20.779446,pancreatic A cell,SAMN15337453
MS20033_CGATGGCGTGTTACAC,-4.5864367,5.539754,pancreatic D cell,SAMN15337453
MS20033_GACCGTGCAGCTCCTT,14.483187,2.3761277,endothelial cell,SAMN15337453
MS20033_TGACGCGGTCGTTGGC,13.836439,3.283937,endothelial cell,SAMN15337453
MS20033_CACAGGCAGCAGATAT,-3.1162975,8.233896,type B pancreatic cell,SAMN15337453
MS20033_GACTCTCTCCGATGCG,-3.961003,3.4845212,pancreatic D cell,SAMN15337453
MS20033_GTGATGTGTAGCCCTG,-4.0563927,3.972956,pancreatic D cell,SAMN15337453
MS20033_CTTTCGGGTGTGAATA,1.8987223,2.792368,type B pancreatic cell,SAMN15337453
MS20033_TCATTCATCAGAACCT,-3.6513197,6.6141005,type B pancreatic cell,SAMN15337453
MS20033_TAACTTCTCATGAGGG,3.3847342,6.4516397,type B pancreatic cell,SAMN15337453
MS20033_GAGTTGTGTACCCGCA,3.3471599,7.733451,type B pancreatic cell,SAMN15337453
MS20033_TTCTTGACAATCTGCA,-1.0745461,9.663384,type B pancreatic cell,SAMN15337453
MS20033_CTGTATTTCTTTCGAT,12.558032,-0.64602965,pancreatic stellate cell,SAMN15337453
MS20033_GCCATTCTCAAACTGC,-4.9723024,4.3699074,pancreatic D cell,SAMN15337453
MS20033_TAACCAGTCTCAGTCC,1.8973042,19.299042,pancreatic A cell,SAMN15337453
MS20033_GGAATCTGTGAGTCAG,0.46963423,9.115506,type B pancreatic cell,SAMN15337453
MS20033_CTTTCGGTCCAATGCA,-1.6082035,9.029461,type B pancreatic cell,SAMN15337453
MS20033_CAGCAGCTCTTGCAGA,-3.609724,7.259761,type B pancreatic cell,SAMN15337453
MS20033_CACATGATCTAAACGC,-1.1555938,7.5449057,type B pancreatic cell,SAMN15337453
MS20033_ATTCTACAGCGTATAA,-1.5639495,5.4480233,type B pancreatic cell,SAMN15337453
MS20033_ACAAAGATCCCAGGAC,-1.3114456,-6.7326097,pancreatic ductal cell,SAMN15337453
MS20033_ATCGTGACAGAAGCTG,-3.2613752,8.148693,type B pancreatic cell,SAMN15337453
MS20033_ACGGTCGGTCGGAACA,-3.3175254,7.688432,type B pancreatic cell,SAMN15337453
MS20033_GTTCGCTAGTTACGGG,-0.10864174,3.3406658,type B pancreatic cell,SAMN15337453
MS20033_ACCAACAGTGGACTAG,-3.8901572,6.7270675,type B pancreatic cell,SAMN15337453
MS20033_CATGCAATCACAATGC,-0.079487585,19.43095,pancreatic A cell,SAMN15337453
MS20033_GTGTGATAGTTAGAAC,1.0810007,19.756075,pancreatic A cell,SAMN15337453
MS20033_ACGGTTAAGGATATAC,2.5167303,5.8768125,type B pancreatic cell,SAMN15337453
MS20033_CAGAGCCTCTACTGCC,0.13020064,19.445765,pancreatic A cell,SAMN15337453
MS20033_AGGCTGCGTCTAGTGT,-2.7509108,8.914602,type B pancreatic cell,SAMN15337453
MS20033_TAAGCCAAGCGATGAC,-2.9367168,7.4167914,type B pancreatic cell,SAMN15337453
MS20033_GCCATGGTCGGCCCAA,9.792561,8.996322,pancreatic PP cell,SAMN15337453
MS20033_TCATTCACAACAGCCC,-3.10524,6.59433,type B pancreatic cell,SAMN15337453
MS20033_GGAAGTGTCGTTAGTG,-0.047908776,18.472845,pancreatic A cell,SAMN15337453
MS20033_TCAGCCTTCGCTCTCA,5.031684,15.540269,pancreatic A cell,SAMN15337453
MS20033_GTAGCTAAGACTGTTC,-2.141336,9.092965,type B pancreatic cell,SAMN15337453
MS20033_CCCTCAAAGGTGCCTC,13.287233,-1.9336596,pancreatic stellate cell,SAMN15337453
MS20033_GAGAAATTCGGTAAGG,-3.038852,8.435856,type B pancreatic cell,SAMN15337453
MS20033_ACCTGAATCGGCCTTT,-2.4867792,9.404584,type B pancreatic cell,SAMN15337453
MS20033_ACGTCCTAGTGCGCTC,-0.5594484,6.6014614,type B pancreatic cell,SAMN15337453
MS20033_CTCTCGAGTTACGCCG,3.9016623,14.903828,pancreatic A cell,SAMN15337453
MS20033_ACAGCCGAGTAGGATT,10.22276,8.839321,pancreatic PP cell,SAMN15337453
MS20033_TCACTATAGCGCCTTG,-1.3665236,8.130428,type B pancreatic cell,SAMN15337453
MS20033_ATCGCCTCAATGAACA,-0.16555762,18.212412,pancreatic A cell,SAMN15337453
MS20033_CCCTAACAGTTCCTGA,-3.6761289,8.447185,type B pancreatic cell,SAMN15337453
MS20033_AGGATAATCTCAACCC,0.24687377,20.06748,pancreatic A cell,SAMN15337453
MS20033_TCTTAGTAGCGCCGTT,-2.5829675,-3.9400814,pancreatic acinar cell,SAMN15337453
MS20033_CCTCAACAGCGCGTTC,-2.6734276,8.894586,type B pancreatic cell,SAMN15337453
MS20033_ATCCATTGTTGCGTAT,10.410965,8.547549,pancreatic PP cell,SAMN15337453
MS20033_GGGACAAAGAGCCATG,-2.5124922,6.7162924,type B pancreatic cell,SAMN15337453
MS20033_AGTTCGACAAGCGAAC,-1.878534,9.380827,type B pancreatic cell,SAMN15337453
MS20033_ATCGTCCTCGCTACAA,-3.4148953,8.094285,type B pancreatic cell,SAMN15337453
MS20033_AGGTAGGTCAGCGGAA,-0.12373644,8.556968,type B pancreatic cell,SAMN15337453
MS20033_AGAGAGCTCGTAGAGG,1.6246625,19.064707,pancreatic A cell,SAMN15337453
MS20033_CGAAGTTCATTGAGGG,0.7230689,20.677706,pancreatic A cell,SAMN15337453
MS20033_GAGTCATCAGGTGTGA,1.2113361,9.6545515,type B pancreatic cell,SAMN15337453
MS20033_AACAGGGTCCGCGAGT,1.3640175,-6.0297546,pancreatic ductal cell,SAMN15337453
MS20033_AGTCATGAGATTCGCT,-4.631349,4.2789946,pancreatic D cell,SAMN15337453
MS20033_TATTGCTTCACGAACT,1.382783,20.93454,pancreatic A cell,SAMN15337453
MS20033_ACAGAAATCGTTATCT,10.6174555,8.703148,pancreatic PP cell,SAMN15337453
MS20033_AGGCTGCCATAGTCAC,-3.5567186,8.588774,type B pancreatic cell,SAMN15337453
MS20033_TACAGGTCAAGAAACT,-3.3948312,7.7766953,type B pancreatic cell,SAMN15337453
MS20033_TGTTCATAGTCAACAA,2.9612646,21.302011,pancreatic A cell,SAMN15337453
MS20033_GATAGAATCAAGATAG,2.7677178,7.5244355,type B pancreatic cell,SAMN15337453
MS20033_GTGGTTACAGCTTCGG,3.8485932,6.3371186,type B pancreatic cell,SAMN15337453
MS20033_CTACATTCATAGGTTC,0.43542725,3.5520287,type B pancreatic cell,SAMN15337453
MS20033_TTGGTTTTCCACGAAT,-2.3975677,9.250487,type B pancreatic cell,SAMN15337453
MS20033_AATGGCTTCAAACGAA,-3.323784,6.684139,type B pancreatic cell,SAMN15337453
MS20033_TACCCACCATGACGTT,-0.7091543,7.199212,type B pancreatic cell,SAMN15337453
MS20033_AGACACTCATGTGGCC,-2.7695289,9.299952,type B pancreatic cell,SAMN15337453
MS20033_GATCATGTCTACGGTA,0.6325437,9.684218,type B pancreatic cell,SAMN15337453
MS20033_ATTGGGTGTACTCGAT,-1.3134763,4.4670525,type B pancreatic cell,SAMN15337453
MS20033_TGGGTTACATAATGCC,12.080617,0.7964505,pancreatic stellate cell,SAMN15337453
MS20033_ACCAAACTCTCCCAAC,0.9777202,9.642281,type B pancreatic cell,SAMN15337453
MS20033_ATGGGTTAGTGATGGC,-2.7940452,9.061641,type B pancreatic cell,SAMN15337453
MS20033_CGCGTGAAGTACAGAT,2.4543178,7.089956,type B pancreatic cell,SAMN15337453
MS20033_CATTGAGAGGTTATAG,10.437491,8.547472,pancreatic PP cell,SAMN15337453
MS20033_TGAGTCAAGCAAACAT,13.819837,2.8372421,endothelial cell,SAMN15337453
MS20033_ACCACAAGTTCTCCAC,0.74215543,19.101751,pancreatic A cell,SAMN15337453
MS20033_AGAAGTAGTCGCATTA,-5.010773,5.1853085,pancreatic D cell,SAMN15337453
MS20033_GCAACCGCACACACTA,-2.2622144,5.9280105,type B pancreatic cell,SAMN15337453
MS20033_CAATGACTCCCGAGGT,-3.2831488,7.781152,type B pancreatic cell,SAMN15337453
MS20033_CTTGAGATCCACAGGC,-1.5044552,6.8122444,type B pancreatic cell,SAMN15337453
MS20033_GCGTTTCAGATCGCCC,-3.6592546,8.202963,type B pancreatic cell,SAMN15337453
MS20033_CACAACACATTCCTAT,-2.8091545,7.7581673,type B pancreatic cell,SAMN15337453
MS20033_CCGGGTATCTCGAGTA,-1.8806237,5.746273,type B pancreatic cell,SAMN15337453
MS20033_TGATGCAGTGAACCGA,11.445605,-1.4568827,pancreatic stellate cell,SAMN15337453
MS20033_AGCATCAGTTCGTAAC,0.6326986,20.173319,pancreatic A cell,SAMN15337453
MS20033_CCACAAACAACTAGAA,11.2230215,-0.45879564,pancreatic stellate cell,SAMN15337453
MS20033_CCGGGTACAACGCCCA,-2.8068702,6.229229,type B pancreatic cell,SAMN15337453
MS20033_CAGCAATAGTGATGGC,2.080104,-6.2577043,pancreatic ductal cell,SAMN15337453
MS20033_ACCAACATCCTTATCA,-2.138234,5.175149,type B pancreatic cell,SAMN15337453
MS20033_ACCACAAGTCCCTGTT,0.44591123,3.0905607,type B pancreatic cell,SAMN15337453
MS20033_CATGCAAGTTGAGGAC,-3.4739943,8.07329,type B pancreatic cell,SAMN15337453
MS20033_AGGATCTGTGCAATAA,-3.4071345,8.41416,type B pancreatic cell,SAMN15337453
MS20033_TTCACGCAGTTGAAAC,0.08243198,18.000263,pancreatic A cell,SAMN15337453
MS20033_AGTGACTGTAAGGTCG,0.78043866,17.429205,pancreatic A cell,SAMN15337453
MS20033_ACGGGTCAGTCGGCAA,-4.8177533,5.286793,pancreatic D cell,SAMN15337453
MS20033_GTCTGTCGTAACATAG,-3.239253,7.1115074,type B pancreatic cell,SAMN15337453
MS20033_GCAGGCTTCACGGTCG,-3.0669792,8.867044,type B pancreatic cell,SAMN15337453
MS20033_AGGCATTAGGCATCGA,1.2946428,19.685362,pancreatic A cell,SAMN15337453
MS20033_CGAGGCTTCATTGTTC,1.8781104,20.174126,pancreatic A cell,SAMN15337453
MS20033_TAAGCCAAGATGTTAG,-1.4683388,9.228059,type B pancreatic cell,SAMN15337453
MS20033_TGGGAGATCTGGAAGG,-5.011041,5.202377,pancreatic D cell,SAMN15337453
MS20033_AAGCGAGCAGCTCGGT,1.9969325,3.455137,type B pancreatic cell,SAMN15337453
MS20033_CTTTCGGTCCATTCGC,-3.0001948,8.381583,type B pancreatic cell,SAMN15337453
MS20033_TTTGTTGAGTGCAACG,-2.5692801,7.8788447,type B pancreatic cell,SAMN15337453
MS20033_GTTGCTCCAAACTGCT,-1.34715,6.2525725,type B pancreatic cell,SAMN15337453
MS20033_ACTGTGATCACAAGAA,-3.5561225,8.421845,type B pancreatic cell,SAMN15337453
MS20033_ACGGTTACAAGCTACT,-3.8084528,7.0878096,type B pancreatic cell,SAMN15337453
MS20033_CCCAACTTCAGCAGAG,1.1611692,20.483149,pancreatic A cell,SAMN15337453
MS20033_CTCCCAACATACGCAT,-2.1019797,8.980035,type B pancreatic cell,SAMN15337453
MS20033_TTACGCCTCTCGGTAA,-2.9315362,7.0830836,type B pancreatic cell,SAMN15337453
MS20033_ATCCACCAGCGGGTAT,-2.8349102,6.810529,type B pancreatic cell,SAMN15337453
MS20033_TGGGAAGTCTAAGCCA,0.11600058,19.202208,pancreatic A cell,SAMN15337453
MS20033_TGACAGTTCTTCCCGA,-3.3270977,7.382669,type B pancreatic cell,SAMN15337453
MS20033_CAACGGCCACGTGTGC,0.99278134,9.618379,type B pancreatic cell,SAMN15337453
MS20033_GGATGTTCAATACAGA,3.2656944,8.540183,type B pancreatic cell,SAMN15337453
MS20033_CAGGCCACAAATAGCA,-0.19730161,18.584515,pancreatic A cell,SAMN15337453
MS20033_GTATTGGAGAGGTTTA,0.76998645,7.9121456,type B pancreatic cell,SAMN15337453
MS20033_TATCGCCTCGTGTTCC,-2.6201465,-3.9201834,pancreatic acinar cell,SAMN15337453
MS20033_ATTCATCCAAAGGCGT,-2.4810882,7.664206,type B pancreatic cell,SAMN15337453
MS20033_CTGCCATCATGGCTAT,-2.61769,8.034838,type B pancreatic cell,SAMN15337453
MS20033_AAACGCTGTGACGCCT,0.34464154,8.504523,type B pancreatic cell,SAMN15337453
MS20033_GTGGAAGCAATGTTGC,-3.415752,7.281276,type B pancreatic cell,SAMN15337453
MS20033_AAAGTGATCTAGCCAA,-2.995319,7.9116154,type B pancreatic cell,SAMN15337453
MS20033_GTGACGCGTTAGGACG,-5.03402,5.187441,pancreatic D cell,SAMN15337453
MS20033_GCGGAAAGTATACCTG,-10.778217,-1.0462027,leukocyte,SAMN15337453
MS20033_GAGTGTTCATCTCAAG,1.4664831,-6.39567,pancreatic ductal cell,SAMN15337453
MS20033_GGGTATTTCGCACTCT,0.04628555,8.184586,type B pancreatic cell,SAMN15337453
MS20033_TTATTGCAGTAGTCTC,0.9513319,9.740869,type B pancreatic cell,SAMN15337453
MS20033_ATCCCTGGTGCCTTTC,-2.7358093,8.345369,type B pancreatic cell,SAMN15337453
MS20033_TCCCAGTGTAACCCTA,-2.8098712,9.149834,type B pancreatic cell,SAMN15337453
MS20033_GGGATGAGTCAAATCC,1.6956025,8.282779,type B pancreatic cell,SAMN15337453
MS20033_TATCGCCAGCCTATTG,-2.715853,6.9015427,type B pancreatic cell,SAMN15337453
MS20033_GAACACTTCGTAACTG,-3.121405,9.048237,type B pancreatic cell,SAMN15337453
MS20033_TTGAGTGCACGGTGCT,-3.6861036,8.574603,type B pancreatic cell,SAMN15337453
MS20033_GGGTGTCAGTAACAGT,-3.5359113,6.809805,type B pancreatic cell,SAMN15337453
MS20033_TGAGGTTTCTGCTGAA,4.523879,6.055577,type B pancreatic cell,SAMN15337453
MS20033_GTCGCGAGTGCGGATA,-3.09341,7.606945,type B pancreatic cell,SAMN15337453
MS20033_GTGCGTGCATGACCCG,-1.2578099,4.3720365,type B pancreatic cell,SAMN15337453
MS20033_CGAATTGCACACCAGC,1.5863243,19.052437,pancreatic A cell,SAMN15337453
MS20033_TAGGGTTTCGTCTCAC,2.9327273,6.791014,type B pancreatic cell,SAMN15337453
MS20033_ATGCATGGTACGTTCA,3.4375744,19.29272,pancreatic A cell,SAMN15337453
MS20033_TCACATTAGGATGCGT,-3.248026,8.692718,type B pancreatic cell,SAMN15337453
MS20033_CTGTAGAGTTACACTG,-2.0380077,7.3177385,type B pancreatic cell,SAMN15337453
MS20033_TGTCAGAGTTCCGCAG,-2.133419,7.2954826,type B pancreatic cell,SAMN15337453
MS20033_GAACTGTAGTACCCTA,2.1366096,3.6763585,type B pancreatic cell,SAMN15337453
MS20033_GTCTACCGTACGACAG,-4.73115,5.6153708,pancreatic D cell,SAMN15337453
MS20033_TTCATGTCATCGATAC,-1.8408623,8.966945,type B pancreatic cell,SAMN15337453
MS20033_ACTGTCCGTATAGCTC,-0.8189301,6.573429,type B pancreatic cell,SAMN15337453
MS20033_CTGCCTAGTTGCAAGG,14.5841875,2.2193174,endothelial cell,SAMN15337453
MS20033_GCAGCTGCAACCGATT,-3.4434931,8.834484,type B pancreatic cell,SAMN15337453
MS20033_AACAAAGGTTTCGCTC,-2.831243,7.2434287,type B pancreatic cell,SAMN15337453
MS20033_TCATTCAGTAGCTTAC,3.5821965,6.3272514,type B pancreatic cell,SAMN15337453
MS20033_ATTCATCCAATTGGTC,-3.0012188,8.607969,type B pancreatic cell,SAMN15337453
MS20033_CATTCTAGTTAGAGAT,-3.1936204,9.064319,type B pancreatic cell,SAMN15337453
MS20033_CGTAGTATCGCAGTGC,-3.3842096,7.852534,type B pancreatic cell,SAMN15337453
MS20033_CAGGGCTGTGTACAGG,-3.0130684,8.601692,type B pancreatic cell,SAMN15337453
MS20033_GAGAGGTCACTTCTCG,-3.029976,7.9821463,type B pancreatic cell,SAMN15337453
MS20033_CTTCCTTTCCGTATAG,0.8158923,18.276117,pancreatic A cell,SAMN15337453
MS20104_AAAGGATAGCACCCAC,0.05084096,5.9696093,type B pancreatic cell,SAMN16547514
MS20104_TACACCCCATCTGCGG,0.72735554,8.803633,type B pancreatic cell,SAMN16547514
MS20104_CCTTCAGGTCAAGGCA,1.634369,-6.058109,pancreatic ductal cell,SAMN16547514
MS20104_CTTAGGAGTTAACAGA,-0.76353973,9.644058,type B pancreatic cell,SAMN16547514
MS20104_CCCTCTCTCACCCTGT,0.065951034,2.8911538,type B pancreatic cell,SAMN16547514
MS20104_CATTCTAAGGCCTGAA,-3.3843994,-3.136001,pancreatic acinar cell,SAMN16547514
MS20104_CTCATTACAAGCTCTA,-1.2554797,4.662015,type B pancreatic cell,SAMN16547514
MS20104_CAGTTCCAGTAAGGGA,3.9091713,14.766189,pancreatic A cell,SAMN16547514
MS20104_TGCTCCAGTATCGCTA,-1.656033,7.5358286,type B pancreatic cell,SAMN16547514
MS20104_AGGAATACATGGAACG,0.07242921,8.469737,type B pancreatic cell,SAMN16547514
MS20104_GCCCAGATCAGTAGGG,0.2535892,7.9514136,type B pancreatic cell,SAMN16547514
MS20104_CATGCGGGTGGAACCA,-0.544628,7.021129,type B pancreatic cell,SAMN16547514
MS20104_GGAGGTAGTGGGAGAG,-0.12523557,5.4366035,type B pancreatic cell,SAMN16547514
MS20104_GACCGTGAGTTGTAGA,3.7022178,15.342898,pancreatic A cell,SAMN16547514
MS20104_ATTCATCAGTACTGTC,-2.1412249,5.853362,type B pancreatic cell,SAMN16547514
MS20104_CGGGCATAGGTTGAGC,-4.809378,-2.6972256,pancreatic acinar cell,SAMN16547514
MS20104_TAACCAGGTAGCGTTT,-1.8028668,5.717973,type B pancreatic cell,SAMN16547514
MS20104_CGCCATTCAGTGAGCA,11.34575,-1.8963519,pancreatic stellate cell,SAMN16547514
MS20104_CTCCTCCAGGTACCTT,1.0954571,6.5228953,type B pancreatic cell,SAMN16547514
MS20104_CATGCGGCAGTTGCGC,-1.2438996,3.8880424,pancreatic acinar cell,SAMN16547514
MS20104_TGATCTTCACCCTATC,-0.7197953,5.7053385,type B pancreatic cell,SAMN16547514
MS20104_TCAATCTGTGAGAACC,-0.7314224,7.4136066,type B pancreatic cell,SAMN16547514
MS20104_AGACACTCACAACGAG,2.1341956,21.503202,pancreatic A cell,SAMN16547514
MS20104_GTTATGGAGACCATGG,0.34771132,19.656496,pancreatic A cell,SAMN16547514
MS20104_CCGATCTGTTCCTAGA,-3.8858008,4.0911317,pancreatic D cell,SAMN16547514
MS20104_CGCATAACACGCCAGT,-0.9616776,9.614134,type B pancreatic cell,SAMN16547514
MS20104_GAAGAATCAAATGGAT,-3.9040012,-3.0246694,pancreatic acinar cell,SAMN16547514
MS20104_TTTAGTCTCAAGCGTT,-1.6588439,6.966513,type B pancreatic cell,SAMN16547514
MS20104_AGGTCTAGTGGTAATA,-2.0951529,7.366933,type B pancreatic cell,SAMN16547514
MS20104_GACTCTCTCTAGACAC,-4.7984056,3.7162335,pancreatic D cell,SAMN16547514
MS20104_GTACAACCAACCACGC,-2.6574707,6.80574,type B pancreatic cell,SAMN16547514
MS20104_GACTATGTCTCCCTAG,1.034093,8.269741,type B pancreatic cell,SAMN16547514
MS20104_GAGGGTAGTTGTCAGT,-1.6381365,5.169102,type B pancreatic cell,SAMN16547514
MS20104_ACGTCCTTCGTAATGC,-1.6692691,8.353355,type B pancreatic cell,SAMN16547514
MS20104_AGCGCTGCACCCTAGG,-2.504769,7.38553,type B pancreatic cell,SAMN16547514
MS20104_GACAGCCCACACCTTC,0.32194835,18.160624,pancreatic A cell,SAMN16547514
MS20104_GTCAAACAGCTTTCCC,-1.450836,6.0810847,type B pancreatic cell,SAMN16547514
MS20104_CTTGATTTCCAATCCC,0.64497197,5.3719325,type B pancreatic cell,SAMN16547514
MS20104_TCACAAGTCCGTTGGG,1.3136542,7.496937,type B pancreatic cell,SAMN16547514
MS20104_GTGCAGCCATGATAGA,-0.40516144,4.1073537,type B pancreatic cell,SAMN16547514
MS20104_ATTCCTAAGCCTCAAT,-1.3300203,9.305878,type B pancreatic cell,SAMN16547514
MS20104_TGTTCCGAGACAGCTG,0.042829663,7.199214,type B pancreatic cell,SAMN16547514
MS20104_CACAACACACCCAATA,-0.18018736,5.8657875,type B pancreatic cell,SAMN16547514
MS20104_GAGGCCTCAACACTAC,-1.8804069,6.864399,type B pancreatic cell,SAMN16547514
MS20104_ACCACAATCGGAACTT,-0.35290512,5.6293554,type B pancreatic cell,SAMN16547514
MS20104_AGGGCTCGTCGACTGC,-1.3157369,7.8068676,type B pancreatic cell,SAMN16547514
MS20104_CGGAATTCATGTCGTA,-0.44884902,6.3766694,type B pancreatic cell,SAMN16547514
MS20104_GTACAACAGCAGTAAT,1.8444408,8.887667,type B pancreatic cell,SAMN16547514
MS20104_ATCGTCCCATCGAAGG,-4.155021,4.014883,pancreatic D cell,SAMN16547514
MS20104_TATCCTAAGTTCCTGA,0.04202885,8.1131,type B pancreatic cell,SAMN16547514
MS20104_CGTTAGATCATCGCTC,-0.5907896,4.777521,type B pancreatic cell,SAMN16547514
MS20104_GAATAGACAACTCCAA,-1.8149697,9.114851,type B pancreatic cell,SAMN16547514
MS20104_TCCTAATAGCGCCGTT,-1.7146336,6.4933496,type B pancreatic cell,SAMN16547514
MS20104_GTGCTGGAGGGAGGTG,-1.3559285,8.885019,type B pancreatic cell,SAMN16547514
MS20104_TTCTAACGTGCATACT,1.034028,-4.4864335,pancreatic ductal cell,SAMN16547514
MS20104_TTACGTTAGAAACCAT,-1.0942664,9.403574,type B pancreatic cell,SAMN16547514
MS20104_CCTCATGTCTTGGTCC,2.5718305,21.750225,pancreatic A cell,SAMN16547514
MS20104_ATCAGGTAGGTCATCT,2.4114575,18.685366,pancreatic A cell,SAMN16547514
MS20104_TACGTCCCAGGCTATT,13.329946,3.128695,endothelial cell,SAMN16547514
MS20104_GTAGAGGAGCTAGTTC,-0.94096327,5.1336603,type B pancreatic cell,SAMN16547514
MS20104_ATTGGGTAGCAAATCA,1.4081885,9.320144,type B pancreatic cell,SAMN16547514
MS20104_GATCATGGTGTCATCA,10.778087,8.942429,pancreatic PP cell,SAMN16547514
MS20104_TTGCTGCTCTCCAATT,-3.4528785,3.6370738,pancreatic D cell,SAMN16547514
MS20104_CTTCGGTCATTCAGGT,-3.8457057,3.9515748,pancreatic D cell,SAMN16547514
MS20104_GGGATGAGTGTGTGGA,10.597159,8.504584,pancreatic PP cell,SAMN16547514
MS20104_GCGTTTCTCCGAACGC,1.1890593,9.3192005,type B pancreatic cell,SAMN16547514
MS20104_CCTAAGACATAACAGA,-2.1445434,4.2918043,type B pancreatic cell,SAMN16547514
MS20104_CCTCCTCGTTGATCGT,-1.7013623,5.135324,type B pancreatic cell,SAMN16547514
MS20104_AGTGACTGTATAATGG,-11.000515,-1.1204071,leukocyte,SAMN16547514
MS20104_GAGTGAGGTTTAAGGA,0.041902985,6.1577954,type B pancreatic cell,SAMN16547514
MS20104_CAACCTCCAAGACAAT,-4.295825,3.893125,pancreatic D cell,SAMN16547514
MS20104_TCTCTGGAGAGCATTA,0.7641211,-5.431953,pancreatic ductal cell,SAMN16547514
MS20104_GTCGTAAAGGCGATAC,1.036569,5.091734,type B pancreatic cell,SAMN16547514
MS20104_AGAGAATAGGCATCAG,1.6347783,19.642612,pancreatic A cell,SAMN16547514
MS20104_TGCGATACAACAGATA,-0.57557666,6.824715,type B pancreatic cell,SAMN16547514
MS20104_TCGACGGCATACTTTC,1.7067453,21.342173,pancreatic A cell,SAMN16547514
MS20104_AGGCTGCGTAGTCACT,-2.1087303,6.31222,type B pancreatic cell,SAMN16547514
MS20104_TGGTGATTCAGAATAG,1.5733342,21.402395,pancreatic A cell,SAMN16547514
MS20104_ATCACGAGTCATCACA,-0.34830204,7.6178617,type B pancreatic cell,SAMN16547514
MS20104_AGTCAACAGCAACAAT,-1.3510814,9.503851,type B pancreatic cell,SAMN16547514
MS20104_TCCGATCCAGATTCGT,-0.3449953,7.136785,type B pancreatic cell,SAMN16547514
MS20104_AAGCGAGAGCAGCCTC,-4.01731,3.568859,pancreatic D cell,SAMN16547514
MS20104_TTCTTGAAGATGCGAC,0.03012906,6.389154,type B pancreatic cell,SAMN16547514
MS20104_ACAGGGAGTTATCTTC,0.85287255,8.782303,type B pancreatic cell,SAMN16547514
MS20104_TCACGCTAGTTCCGTA,-1.1536394,9.63205,type B pancreatic cell,SAMN16547514
MS20104_AACCACATCCGTAATG,-1.0627873,9.514422,type B pancreatic cell,SAMN16547514
MS20104_TGGGAAGCAAGATGGC,-3.7737894,5.13645,pancreatic D cell,SAMN16547514
MS20104_CGCAGGTGTCCTCCTA,0.15879555,6.8007293,type B pancreatic cell,SAMN16547514
MS20104_TGGCGTGCACAGCTGC,-4.329554,-2.7650237,pancreatic acinar cell,SAMN16547514
MS20104_ATCGGCGAGGTACAGC,0.3811579,7.0009995,type B pancreatic cell,SAMN16547514
MS20104_GACTATGAGCTGTACT,-0.7113872,8.872877,type B pancreatic cell,SAMN16547514
MS20104_CTTTCGGGTGTTGATC,1.7080927,8.987298,type B pancreatic cell,SAMN16547514
MS20104_GAGTTACCACACCAGC,-4.410049,4.1004906,pancreatic D cell,SAMN16547514
MS20104_GTTCGCTTCCGATCGG,10.770406,8.976573,pancreatic PP cell,SAMN16547514
MS20104_TGCTGAAAGCAAATGT,1.5783287,8.647689,type B pancreatic cell,SAMN16547514
MS20104_CTCCATGCAGTTAGAA,0.3594353,6.60988,type B pancreatic cell,SAMN16547514
MS20104_TGCGACGAGTGGCCTC,1.135461,8.154636,type B pancreatic cell,SAMN16547514
MS20104_TTTGTTGTCAAGAATG,0.84316194,18.56812,pancreatic A cell,SAMN16547514
MS20104_ACGTACACATCGCTCT,-0.40667084,4.4329324,type B pancreatic cell,SAMN16547514
MS20104_GCTGAATAGATGCAGC,0.03702158,5.362588,type B pancreatic cell,SAMN16547514
MS20104_CGGGTGTAGAATAGTC,-1.597557,9.526772,type B pancreatic cell,SAMN16547514
MS20104_TCACGGGTCACGAACT,13.466113,3.3900177,endothelial cell,SAMN16547514
MS20104_GCTACCTGTTCATCTT,-0.17115603,6.3889837,type B pancreatic cell,SAMN16547514
MS20104_CATCGGGTCCTCTAGC,-1.4305668,8.831136,type B pancreatic cell,SAMN16547514
MS20104_AACAAAGTCACAATGC,-11.016064,-1.0013092,leukocyte,SAMN16547514
MS20104_CAGGCCAGTCACTGAT,-3.26429,7.3060184,type B pancreatic cell,SAMN16547514
MS20104_TGAGGGAAGAGAGTGA,-4.161379,5.6703,pancreatic D cell,SAMN16547514
MS20104_TCCATCGAGCAAGTGC,1.1747245,7.0956473,type B pancreatic cell,SAMN16547514
MS20104_GCCAGTGCACTAGTAC,-1.0597504,6.003387,type B pancreatic cell,SAMN16547514
MS20104_ATGGTTGGTTGTCCCT,0.7187254,8.329685,type B pancreatic cell,SAMN16547514
MS20104_ACTCCCAAGACCTCAT,-4.487286,4.1126685,pancreatic D cell,SAMN16547514
MS20104_TACTGCCAGAAGTGTT,0.82851225,4.870466,type B pancreatic cell,SAMN16547514
MS20104_ATCCACCTCGCGATCG,1.233404,19.204733,pancreatic A cell,SAMN16547514
MS20104_AAATGGAAGGATCACG,0.9130353,20.276758,pancreatic A cell,SAMN16547514
MS20104_TCGCACTCATAGAATG,10.5598,8.167651,pancreatic PP cell,SAMN16547514
MS20104_ATCCATTTCTCATGGA,-1.895844,9.379918,type B pancreatic cell,SAMN16547514
MS20104_ACACCAAGTGGGACAT,2.33504,20.641476,pancreatic A cell,SAMN16547514
MS20104_TTCTTGACAGTCAGCC,10.2377825,8.279815,pancreatic PP cell,SAMN16547514
MS20104_TAATCTCTCAGCTTCC,12.052213,-2.2478304,pancreatic stellate cell,SAMN16547514
MS20104_CAAAGAATCTGTCGCT,0.76981604,19.037455,pancreatic A cell,SAMN16547514
MS20104_TCCACCAAGTATAACG,-1.650834,6.1145015,type B pancreatic cell,SAMN16547514
MS20104_AGCATCATCCTGTACC,10.673089,8.960112,pancreatic PP cell,SAMN16547514
MS20104_TATCTTGAGGCCTAAG,-1.4501469,8.858831,type B pancreatic cell,SAMN16547514
MS20104_TCGCAGGAGGTGCATG,0.021410652,6.310931,type B pancreatic cell,SAMN16547514
MS20104_AAAGAACAGTCGTTAC,0.9750223,20.507334,pancreatic A cell,SAMN16547514
MS20104_GTCCTCAAGAATCGTA,0.19700868,5.558905,type B pancreatic cell,SAMN16547514
MS20104_AAGCGTTTCTTTCCAA,-0.59558517,8.612493,type B pancreatic cell,SAMN16547514
MS20104_TTAGGCACACACAGAG,-5.1234903,2.944704,pancreatic D cell,SAMN16547514
MS20104_GGTCACGGTATGGGAC,-1.1977197,4.2224145,type B pancreatic cell,SAMN16547514
MS20104_GCTTTCGCACTAGTAC,-0.23681201,4.637303,type B pancreatic cell,SAMN16547514
MS20104_GTTACGAGTTCGGGTC,0.4840374,9.567425,type B pancreatic cell,SAMN16547514
MS20104_AGTCACAGTGTTTCTT,-0.06014673,-5.2811213,pancreatic ductal cell,SAMN16547514
MS20104_GCAGGCTAGCCGAACA,-0.7772026,-6.5959496,pancreatic ductal cell,SAMN16547514
MS20104_AGCCAATGTTGATCGT,-2.0578399,8.479687,type B pancreatic cell,SAMN16547514
MS20104_GATGACTTCTATGTGG,-0.8556633,4.8999496,type B pancreatic cell,SAMN16547514
MS20104_GTGAGTTCAGCCTATA,-1.1063133,8.563774,type B pancreatic cell,SAMN16547514
MS20104_ATCGTCCGTTGTGCAT,0.19854543,9.343748,type B pancreatic cell,SAMN16547514
MS20104_TCACATTAGCATGCAG,-2.950368,6.3908854,type B pancreatic cell,SAMN16547514
MS20104_CCTGTTGGTCGTTCAA,0.25190333,7.3202286,type B pancreatic cell,SAMN16547514
MS20104_GGTTAACAGGTGATCG,-0.43587086,4.4689407,type B pancreatic cell,SAMN16547514
MS20104_TGTACAGAGACATGCG,-1.0070187,9.623725,type B pancreatic cell,SAMN16547514
MS20104_GGTGGCTAGGTAGCCA,-0.36843982,9.568704,type B pancreatic cell,SAMN16547514
MS20104_AAAGAACGTTGTTGCA,-1.8450706,8.360474,type B pancreatic cell,SAMN16547514
MS20104_TACCGGGAGGAATTAC,-1.3272244,8.016183,type B pancreatic cell,SAMN16547514
MS20104_CCGTAGGCAGTAGGAC,0.15218267,18.409588,pancreatic A cell,SAMN16547514
MS20104_TCCCATGTCAGTAGGG,1.9601966,19.323742,pancreatic PP cell,SAMN16547514
MS20104_GCGAGAAAGTCAGGGT,0.44808814,6.197471,type B pancreatic cell,SAMN16547514
MS20104_ATCTTCAAGTGCCCGT,0.85431373,7.514374,type B pancreatic cell,SAMN16547514
MS20104_GTTGCTCAGCGCATCC,-4.861612,3.5965867,pancreatic D cell,SAMN16547514
MS20104_TTACGTTAGCATCCCG,-0.096087106,8.205779,type B pancreatic cell,SAMN16547514
MS20104_GACAGCCGTGGTAATA,2.7937205,21.93409,pancreatic A cell,SAMN16547514
MS20104_TCTCACGAGAGGGTGG,-4.962023,2.483566,pancreatic D cell,SAMN16547514
MS20104_TTGCTGCGTAGACAGC,-5.74162,-2.6276145,pancreatic acinar cell,SAMN16547514
MS20104_AAGCGAGCAGACACCC,0.21208107,6.2554083,type B pancreatic cell,SAMN16547514
MS20104_TTTGATCAGACATAGT,0.032309443,2.44347,type B pancreatic cell,SAMN16547514
MS20104_TGAGTCAGTCAGGTGA,2.7690554,16.43168,pancreatic A cell,SAMN16547514
MS20104_TCGCTTGCAGTCTGGC,-1.278853,5.080288,type B pancreatic cell,SAMN16547514
MS20104_CAACCAACAAGAAATC,-0.4434142,8.71575,type B pancreatic cell,SAMN16547514
MS20104_GGTAGAGTCACGGTCG,0.34823647,5.0580783,type B pancreatic cell,SAMN16547514
MS20104_AGACAGGTCCGTGGGT,1.0879173,20.036497,pancreatic A cell,SAMN16547514
MS20104_TTAGTCTCAAGGACAC,-0.36060765,5.2972097,type B pancreatic cell,SAMN16547514
MS20104_TTTCAGTAGAGGTTAT,-1.1751691,9.449122,type B pancreatic cell,SAMN16547514
MS20104_CGTGATAAGACCCTTA,2.1093118,19.647984,pancreatic A cell,SAMN16547514
MS20104_CAACAACTCATTGGTG,-0.0040964494,18.55957,pancreatic A cell,SAMN16547514
MS20104_CGCATGGAGGGCAAGG,0.40587264,8.62163,type B pancreatic cell,SAMN16547514
MS20104_ATTACTCTCGCCTATC,-0.681726,-4.739869,pancreatic ductal cell,SAMN16547514
MS20104_TTGGATGTCTCATGCC,1.3656408,8.69214,type B pancreatic cell,SAMN16547514
MS20104_GGGTATTTCCGATGTA,9.880601,8.073006,pancreatic PP cell,SAMN16547514
MS20104_ACATGCACATCACGGC,-3.8497016,4.2044005,pancreatic D cell,SAMN16547514
MS20104_CGTTGGGCAGTCCCGA,-0.47080252,5.1318607,type B pancreatic cell,SAMN16547514
MS20104_CCACCATTCTCCGATC,-0.961109,5.963102,type B pancreatic cell,SAMN16547514
MS20104_CATAGACAGGCTTAGG,0.4325382,4.569001,pancreatic A cell,SAMN16547514
MS20104_AGACAGGCAGCTACCG,0.39582264,18.698187,pancreatic A cell,SAMN16547514
MS20104_CGTCCATGTCACTGAT,0.25787413,9.19233,type B pancreatic cell,SAMN16547514
MS20104_CGGAGAATCATGCTAG,12.660594,-0.6311794,pancreatic stellate cell,SAMN16547514
MS20104_CGTGAATTCTTTCAGT,-1.9926419,7.983579,type B pancreatic cell,SAMN16547514
MS20104_GTCATTTTCATGCTAG,-2.4939415,6.9264297,type B pancreatic cell,SAMN16547514
MS20104_ATGACCACAGGAGGTT,-10.957686,-0.6685964,leukocyte,SAMN16547514
MS20104_GGGTGTCTCGGTTCAA,11.516759,-1.0228434,pancreatic stellate cell,SAMN16547514
MS20104_GGGCGTTTCGCCAACG,0.7350502,19.380507,pancreatic A cell,SAMN16547514
MS20104_CCTACGTCATGTCGTA,-0.0071466425,5.4382834,type B pancreatic cell,SAMN16547514
MS20104_CATGGTAGTCCGCAGT,-2.1206372,7.1920905,type B pancreatic cell,SAMN16547514
MS20104_GTGGTTATCCCTCGAT,1.1175458,2.426572,type B pancreatic cell,SAMN16547514
MS20104_TGTTCTATCATTCCTA,0.4817025,8.428556,type B pancreatic cell,SAMN16547514
MS20104_CCTCCAACATGGCTGC,3.2972832,21.861647,pancreatic A cell,SAMN16547514
MS20104_CCGATCTTCCTGGGAC,1.5232427,8.84766,type B pancreatic cell,SAMN16547514
MS20104_GCAACCGTCATTGAGC,10.669811,8.584963,pancreatic PP cell,SAMN16547514
MS20104_ACAGGGAGTAATTGGA,-1.0417303,8.131548,type B pancreatic cell,SAMN16547514
MS20104_GATGAGGTCCATCTAT,-2.2250838,8.0464525,type B pancreatic cell,SAMN16547514
MS20104_ATTGGGTGTGGACAGT,-1.3267003,9.176067,type B pancreatic cell,SAMN16547514
MS20104_CTTAGGAGTCTCTCCA,-4.5150423,3.5474281,pancreatic D cell,SAMN16547514
MS20104_TGGGATTAGCTTAAGA,1.4243021,9.228213,type B pancreatic cell,SAMN16547514
MS20104_AACCACACAAGTCCAT,-3.9161541,-3.4573526,pancreatic acinar cell,SAMN16547514
MS20104_GTTATGGAGAATGTTG,11.394049,-1.8789445,pancreatic stellate cell,SAMN16547514
MS20104_AACAAGATCTCCAAGA,-0.075616874,8.965831,type B pancreatic cell,SAMN16547514
MS20104_GGAATGGTCCGGACGT,10.637314,8.822567,pancreatic PP cell,SAMN16547514
MS20104_GTGTTAGCATCTCCCA,12.354134,-1.2200491,pancreatic stellate cell,SAMN16547514
MS20104_TAGTGCAAGTCGGCCT,-4.1825337,4.128607,pancreatic D cell,SAMN16547514
MS20104_AAGCGTTGTATTTCTC,1.0282564,8.168041,type B pancreatic cell,SAMN16547514
MS20104_TACCGAAGTTACCTTT,0.8691459,20.33695,pancreatic A cell,SAMN16547514
MS20104_GCCAGGTTCATCTCTA,1.234937,-4.5371437,pancreatic ductal cell,SAMN16547514
MS20104_GTGACGCGTAAGACCG,-3.0329974,-4.0365934,pancreatic acinar cell,SAMN16547514
MS20104_TTCCACGGTTCGGGTC,12.136856,-1.7871339,pancreatic stellate cell,SAMN16547514
MS20104_GAAATGATCCGTACGG,11.745167,-1.9191649,pancreatic stellate cell,SAMN16547514
MS20104_AGCCACGAGTGTTCCA,1.3161979,7.9141555,type B pancreatic cell,SAMN16547514
MS20104_GATAGCTCAATGGGTG,0.25331253,8.676754,type B pancreatic cell,SAMN16547514
MS20104_TCAGCAAAGCTCATAC,0.63324004,4.2668223,type B pancreatic cell,SAMN16547514
MS20104_TCAGCCTAGCCTCGTG,-3.9351063,4.5332336,pancreatic D cell,SAMN16547514
MS20104_TTGTTGTAGATGCTTC,0.8504236,8.623729,type B pancreatic cell,SAMN16547514
MS20104_GATGCTATCCCTGGTT,0.30764884,6.5025234,type B pancreatic cell,SAMN16547514
MS20104_CGATGGCGTAACACCT,1.4275929,8.542866,type B pancreatic cell,SAMN16547514
MS20104_AAGACTCTCAGCTGAT,0.45417166,4.4776564,type B pancreatic cell,SAMN16547514
MS20104_AGATAGACATAACTCG,0.41178373,6.8358927,type B pancreatic cell,SAMN16547514
MS20104_ACGATGTTCCTAGAGT,10.655196,8.415626,pancreatic PP cell,SAMN16547514
MS20104_GTTAGTGAGAGAGCGG,1.4913666,20.759916,pancreatic A cell,SAMN16547514
MS20104_AATCGACGTCTCACGG,-0.8891538,4.5012727,type B pancreatic cell,SAMN16547514
MS20104_GATTTCTAGGATGGCT,1.3766402,8.026147,type B pancreatic cell,SAMN16547514
MS20104_CTTTCAACAGCAGTGA,-1.5128715,8.640338,type B pancreatic cell,SAMN16547514
MS20104_CAACGGCCACTTGTGA,0.33062097,-5.5278726,pancreatic ductal cell,SAMN16547514
MS20104_GATGGAGAGGACGCTA,13.340947,3.4590292,endothelial cell,SAMN16547514
MS20104_CTTCCGAGTCACTGAT,-0.987649,4.1163034,pancreatic acinar cell,SAMN16547514
MS20104_TCTGGCTCATCGATAC,1.0924287,19.929934,pancreatic A cell,SAMN16547514
MS20104_AATCACGAGTGCACTT,10.595268,8.713967,pancreatic PP cell,SAMN16547514
MS20104_TACAGGTAGGGCAAGG,1.3974555,6.0834274,type B pancreatic cell,SAMN16547514
MS20104_ACTACGATCCATTGCC,-1.3984454,8.267653,type B pancreatic cell,SAMN16547514
MS20104_CAACAACCAAAGTGTA,1.2858114,20.9647,pancreatic A cell,SAMN16547514
MS20104_CCCTTAGCAACAAGTA,1.2786715,20.39073,pancreatic A cell,SAMN16547514
MS20104_AGGAAATTCGACCATA,0.80198115,20.20119,pancreatic A cell,SAMN16547514
MS20104_TCATACTCAAGTGGTG,10.831855,8.604635,pancreatic PP cell,SAMN16547514
MS20104_ATTCCATTCGAAGGAC,0.6222439,8.288926,type B pancreatic cell,SAMN16547514
MS20104_AGCGCCAGTCGTCATA,-0.9839163,4.8963914,type B pancreatic cell,SAMN16547514
MS20104_TTACCATTCTGAGGCC,1.4317319,20.108751,pancreatic A cell,SAMN16547514
MS20104_AGCGCCACAGCTCTGG,3.955153,7.2123756,type B pancreatic cell,SAMN16547514
MS20104_GAGACTTAGGCTATCT,-0.2862195,5.067927,type B pancreatic cell,SAMN16547514
MS20104_GAGATGGCAGAAACCG,0.46913683,8.947263,type B pancreatic cell,SAMN16547514
MS20104_ATGGGTTTCAGTGGGA,0.40459755,4.6647916,type B pancreatic cell,SAMN16547514
MS20104_AACCAACTCCCGGTAG,10.242527,8.384097,pancreatic PP cell,SAMN16547514
MS20104_GCCCGAACAGTGCGCT,-1.8616227,5.107428,type B pancreatic cell,SAMN16547514
MS20104_TACGCTCCAATGCTCA,1.5765549,7.26328,type B pancreatic cell,SAMN16547514
MS20104_AACCACAGTACAGTCT,1.384287,9.209695,type B pancreatic cell,SAMN16547514
MS20104_ATTACTCAGGTTCATC,0.58691806,7.827544,type B pancreatic cell,SAMN16547514
MS20104_GTAGGAGAGCTAGCCC,13.462743,3.440696,endothelial cell,SAMN16547514
MS20104_AAAGGGCAGGCCTAAG,-2.5073185,6.994424,type B pancreatic cell,SAMN16547514
MS20104_TACTTACGTGTCATGT,0.5167546,8.210209,type B pancreatic cell,SAMN16547514
MS20104_TTTCAGTAGACGCAGT,2.1343982,20.55642,pancreatic A cell,SAMN16547514
MS20104_CACACAACACCATTCC,1.717427,7.823331,type B pancreatic cell,SAMN16547514
MS20104_ATTGGGTCACTCGATA,-0.78646183,9.121489,type B pancreatic cell,SAMN16547514
MS20104_TGGGAGAGTCCTGGGT,0.34447968,6.5814257,type B pancreatic cell,SAMN16547514
MS20104_ATACCGATCTATGCCC,-0.1385832,9.4317465,type B pancreatic cell,SAMN16547514
MS20104_TCATTTGAGCATGAAT,-0.53786576,5.9773154,type B pancreatic cell,SAMN16547514
MS20104_CCACAAAGTACGAAAT,0.20736924,7.178354,type B pancreatic cell,SAMN16547514
MS20104_TGAATGCAGCGTTACT,-0.6413753,8.244781,type B pancreatic cell,SAMN16547514
MS20104_AACCCAACAGGACTTT,-0.1757582,6.2654147,type B pancreatic cell,SAMN16547514
MS20104_GGTTGTATCATGGTAC,-0.36971942,9.541477,type B pancreatic cell,SAMN16547514
MS20104_ATGTCTTTCGTGCATA,0.16523576,7.26711,type B pancreatic cell,SAMN16547514
MS20104_AAAGGTAAGTGTAGAT,12.138393,-2.3127348,pancreatic stellate cell,SAMN16547514
MS20104_TCATGTTGTTCGAACT,0.14180839,8.98365,type B pancreatic cell,SAMN16547514
MS20104_CAGAGCCTCGCCAATA,10.580372,8.830373,pancreatic PP cell,SAMN16547514
MS20104_ATCCACCCAAACAGGC,0.9716328,6.5632353,type B pancreatic cell,SAMN16547514
MS20104_CATAAGCGTCGCTTGG,1.0494248,-4.9526896,pancreatic ductal cell,SAMN16547514
MS20104_CGGTCAGCACCTGATA,12.332059,-2.4494965,pancreatic stellate cell,SAMN16547514
MS20104_CGGAATTAGCAAGGAA,-0.42934337,7.065213,type B pancreatic cell,SAMN16547514
MS20104_GATCATGAGATGCTAA,11.33119,-1.7677503,pancreatic stellate cell,SAMN16547514
MS20104_CTTCCGACAGGCACTC,-0.17575237,7.7844625,type B pancreatic cell,SAMN16547514
MS20104_AGACCCGGTATCACGT,1.8744476,20.986763,pancreatic A cell,SAMN16547514
MS20104_GCTTTCGCACGAAAGC,-0.19839035,7.476186,type B pancreatic cell,SAMN16547514
MS20104_TGTAGACTCTACACAG,0.97071886,19.772217,pancreatic A cell,SAMN16547514
MS20104_GAGGGATAGTTCCGTA,-0.42160392,6.4221444,type B pancreatic cell,SAMN16547514
MS20104_AATGAAGCAGCTGGTC,12.428136,-0.20829448,pancreatic stellate cell,SAMN16547514
MS20104_CAAAGAAAGAAACCCG,-1.4376447,7.826925,type B pancreatic cell,SAMN16547514
MS20104_GGGTTATTCGGTAGAG,-0.43173954,6.912173,type B pancreatic cell,SAMN16547514
MS20104_TTGCCTGCACACCTTC,-4.392794,3.6052787,pancreatic D cell,SAMN16547514
MS20104_TACCGAAGTTCCAGGC,-1.532708,-5.5800366,pancreatic ductal cell,SAMN16547514
MS20104_AAGTACCCAACCAGAG,-0.28960255,5.2494035,type B pancreatic cell,SAMN16547514
MS20104_GTAGCTACAGGAATAT,10.680875,8.289404,pancreatic PP cell,SAMN16547514
MS20104_ACGGAAGGTCTGTGCG,-0.9990566,8.770446,type B pancreatic cell,SAMN16547514
MS20104_ATTATCCTCAACTTTC,-4.0816207,4.3658347,pancreatic D cell,SAMN16547514
MS20104_GCTTGGGCAGATCACT,0.76351506,6.5155754,type B pancreatic cell,SAMN16547514
MS20104_CGGGTGTGTCATTGCA,0.359426,3.8886118,type B pancreatic cell,SAMN16547514
MS20104_CTGTACCCAGCGTATT,-4.6597395,3.3298664,pancreatic D cell,SAMN16547514
MS20104_TGGGCTGCATCAGCAT,-0.6634896,8.680671,type B pancreatic cell,SAMN16547514
MS20104_CATCGCTAGCTAAATG,-1.7857746,9.429941,type B pancreatic cell,SAMN16547514
MS20104_GTGAGGATCCTGTACC,1.2051567,6.4087005,type B pancreatic cell,SAMN16547514
MS20104_TTGCTGCAGCTGTTCA,10.679112,9.112593,pancreatic PP cell,SAMN16547514
MS20104_AGGAGGTGTGGTTCTA,2.2644236,20.976652,pancreatic A cell,SAMN16547514
MS20104_CAACAACCAAGTTCGT,12.958866,3.2599678,endothelial cell,SAMN16547514
MS20104_ACCACAAAGATCACCT,-0.20345046,7.274186,type B pancreatic cell,SAMN16547514
MS20104_GTCGAATCAATGAAAC,-3.0139306,8.060173,type B pancreatic cell,SAMN16547514
MS20104_ATTTCACTCTTCGACC,0.11693354,5.7660904,type B pancreatic cell,SAMN16547514
MS20104_GACCAATGTCGTCATA,-0.9775969,3.6229787,type B pancreatic cell,SAMN16547514
MS20104_CTATCCGCACAGCTGC,-5.064601,3.2111976,pancreatic D cell,SAMN16547514
MS20104_GATTCTTAGCCGATCC,3.6926115,-5.1194243,pancreatic ductal cell,SAMN16547514
MS20104_AACCTTTCAAACCATC,-0.15908918,18.193125,pancreatic A cell,SAMN16547514
MS20104_ACAACCACAGGCTTGC,4.0175676,20.40087,pancreatic A cell,SAMN16547514
MS20104_GGGTTATAGTCCCGGT,-0.09309432,-5.755029,pancreatic ductal cell,SAMN16547514
MS20104_GCACTAAGTGAGTAGC,1.3808719,8.91965,type B pancreatic cell,SAMN16547514
MS20104_TGGGCGTGTGTTTACG,-1.6407182,9.465124,type B pancreatic cell,SAMN16547514
MS20104_GTTGCTCCATCGGCCA,0.044938553,6.2390785,type B pancreatic cell,SAMN16547514
MS20104_ATTGTTCAGCATACTC,-0.19192466,8.850546,type B pancreatic cell,SAMN16547514
MS20104_AACAAAGTCACGACTA,-4.085441,-2.956101,pancreatic acinar cell,SAMN16547514
MS20104_GCCAACGAGGTAGGCT,11.741835,-0.49652454,pancreatic stellate cell,SAMN16547514
MS20104_CTGTCGTAGCAGTACG,11.891112,-2.344533,pancreatic stellate cell,SAMN16547514
MS20104_GGAGGTATCCCATAGA,14.354448,2.8447049,endothelial cell,SAMN16547514
MS20104_AGGATCTGTCGATTCA,2.5188315,-5.2069383,pancreatic ductal cell,SAMN16547514
MS20104_ATCCGTCTCGATAACC,-0.07706796,5.153818,type B pancreatic cell,SAMN16547514
MS20104_CCTTCAGAGCTACGTT,10.737988,8.259553,pancreatic PP cell,SAMN16547514
MS20104_TCTAACTTCGTTCAGA,0.44565174,8.298032,type B pancreatic cell,SAMN16547514
MS20104_AGAGCAGAGGCTTCCG,2.0598984,21.31612,pancreatic A cell,SAMN16547514
MS20104_CTAGACACATTGCCTC,-0.08826739,5.818666,type B pancreatic cell,SAMN16547514
MS20104_CCTCTCCGTTTGGGTT,2.5857868,21.397776,pancreatic A cell,SAMN16547514
MS20104_GAGCCTGAGATTGATG,0.6433028,6.8269544,type B pancreatic cell,SAMN16547514
MS20104_GTTAGTGAGCGACCCT,-0.2391936,6.712514,type B pancreatic cell,SAMN16547514
MS20104_ACACTGAGTTCTTGTT,-0.48500586,6.568165,type B pancreatic cell,SAMN16547514
MS20104_AATTTCCTCAACTACG,-0.85739994,6.8642645,type B pancreatic cell,SAMN16547514
MS20104_ATAGAGATCCAGCTCT,0.23263626,5.935047,type B pancreatic cell,SAMN16547514
MS20104_GCCAGTGAGTAGTCTC,0.087750115,9.087149,type B pancreatic cell,SAMN16547514
MS20104_GGTAACTCAACCACAT,12.56428,-1.6959997,pancreatic stellate cell,SAMN16547514
MS20104_GATAGCTGTTGGAGAC,-1.4155596,6.4420657,type B pancreatic cell,SAMN16547514
MS20104_CATAAGCTCATCCCGT,0.11683824,5.989774,type B pancreatic cell,SAMN16547514
MS20104_GCCAGCACAACACGTT,0.25947613,4.773626,type B pancreatic cell,SAMN16547514
MS20104_CAGATACTCAGCCCAG,11.884967,-2.3864906,pancreatic stellate cell,SAMN16547514
MS20104_TCAGGGCGTAACAGGC,10.749256,8.885204,pancreatic PP cell,SAMN16547514
MS20104_ACGATCAGTGGATGAC,0.044191487,6.5380654,type B pancreatic cell,SAMN16547514
MS20104_CAGATCACATACAGAA,10.280107,8.553856,pancreatic PP cell,SAMN16547514
MS20104_TACACCCCAACAGATA,12.884256,3.1221154,endothelial cell,SAMN16547514
MS20104_GTTCCGTCACTGTTCC,-1.8219109,7.5480814,type B pancreatic cell,SAMN16547514
MS20104_TGAATCGGTGGAGAAA,-0.14386925,7.1650887,type B pancreatic cell,SAMN16547514
MS20104_GATGTTGGTCCTCCAT,0.71308243,3.0261137,type B pancreatic cell,SAMN16547514
MS20104_CGACAGCTCACAAGGG,10.575679,8.531487,pancreatic PP cell,SAMN16547514
MS20104_CGTGTCTCAGCTGTGC,-1.0406013,8.530929,type B pancreatic cell,SAMN16547514
MS20104_GGAGAACGTTTCGTAG,1.8970356,7.934891,type B pancreatic cell,SAMN16547514
MS20104_GCTTTCGAGTAACAGT,-2.0243979,8.776434,type B pancreatic cell,SAMN16547514
MS20104_ACTTCCGCACCGCTAG,1.7733953,8.925445,type B pancreatic cell,SAMN16547514
MS20104_TTTGGAGCAGCAATTC,-1.3870741,8.716908,type B pancreatic cell,SAMN16547514
MS20104_TACGTCCAGAGGGCGA,0.18114,4.893038,type B pancreatic cell,SAMN16547514
MS20104_ATGTCTTGTAGTGCGA,0.9737449,8.986214,type B pancreatic cell,SAMN16547514
MS20104_GGGAAGTTCTGATGGT,10.258435,8.897498,pancreatic PP cell,SAMN16547514
MS20104_GGGAGATAGTAAAGCT,-5.0098677,-2.9715724,pancreatic acinar cell,SAMN16547514
MS20104_AATTCCTGTTATTCCT,-0.1099774,3.9003735,type B pancreatic cell,SAMN16547514
MS20104_GGGATGACATCCGGTG,0.23400533,18.665306,pancreatic A cell,SAMN16547514
MS20104_ACTGCAATCCTAGCGG,10.922401,8.900378,pancreatic PP cell,SAMN16547514
MS20104_ACGGTTAGTCCGATCG,0.60061395,-4.756062,pancreatic ductal cell,SAMN16547514
MS20104_AGGATCTCATCGCCTT,0.33694577,3.4808261,type B pancreatic cell,SAMN16547514
MS20104_CGGAGAAGTGGGACAT,0.15825413,-6.1095304,pancreatic ductal cell,SAMN16547514
MS20104_CTAACCCGTTGTGTTG,10.684726,8.379941,pancreatic PP cell,SAMN16547514
MS20104_TGTACAGAGCTAGAGC,0.6676878,3.1946344,type B pancreatic cell,SAMN16547514
MS20104_CGTGAATCATACAGGG,0.8327923,8.224595,type B pancreatic cell,SAMN16547514
MS20104_TCGCTCATCCCATGGG,10.556118,8.390922,pancreatic PP cell,SAMN16547514
MS20104_TCCGAAAAGTTTGCTG,0.47122547,7.695498,type B pancreatic cell,SAMN16547514
MS20104_TGGAGAGGTCAGGTAG,1.2837651,7.42224,type B pancreatic cell,SAMN16547514
MS20104_ATGCATGTCGGATAAA,0.3458192,8.65912,type B pancreatic cell,SAMN16547514
MS20104_ATTCAGGGTTACGATC,-1.3728802,6.756763,type B pancreatic cell,SAMN16547514
MS20104_CAGATTGTCTGAGCAT,2.0600126,17.988419,pancreatic A cell,SAMN16547514
MS20104_AAAGGTAAGACCAGAC,1.6761605,17.267979,pancreatic A cell,SAMN16547514
MS20104_TCTGGCTAGAAGATCT,11.380167,-1.8530036,pancreatic stellate cell,SAMN16547514
MS20104_AAGATAGCAGGCACTC,-2.8037536,8.86744,type B pancreatic cell,SAMN16547514
MS20104_TTACCATGTCATGACT,-0.8885656,4.8938065,type B pancreatic cell,SAMN16547514
MS20104_AGAAATGGTAAGGTCG,1.5500476,2.692364,type B pancreatic cell,SAMN16547514
MS20104_TCATTGTAGAGAATCT,-1.2366966,8.527487,type B pancreatic cell,SAMN16547514
MS20104_ACTGTGACAACGTAAA,0.09798779,5.0880766,type B pancreatic cell,SAMN16547514
MS20104_GTCGTAAGTAACACGG,-0.32938525,6.9430666,type B pancreatic cell,SAMN16547514
MS20104_TTAGGGTTCAAATGAG,-4.3243866,3.9740174,pancreatic D cell,SAMN16547514
MS20104_TTTCGATCACTTCCTG,-1.2537284,5.2533116,type B pancreatic cell,SAMN16547514
MS20104_TCACGCTTCGCTTGCT,-1.6478459,9.144407,type B pancreatic cell,SAMN16547514
MS20104_ACATCCCCACGCGCTA,0.28112537,8.085604,type B pancreatic cell,SAMN16547514
MS20104_TGGAACTCACTTTATC,-1.1870761,9.059117,type B pancreatic cell,SAMN16547514
MS20104_CTAAGTGCATCGGCCA,12.313896,-2.483531,pancreatic stellate cell,SAMN16547514
MS20104_GTACAGTTCCCGAGGT,3.2396111,21.027477,pancreatic A cell,SAMN16547514
MS20104_TGTGGCGAGCGCGTTC,0.024059683,4.154798,type B pancreatic cell,SAMN16547514
MS20104_TTAGGGTTCAACTGAC,1.1656213,-5.294361,pancreatic ductal cell,SAMN16547514
MS20104_CCGTAGGAGGCTTCCG,-0.22244528,7.6809316,type B pancreatic cell,SAMN16547514
MS20104_TTCGGTCGTAACGCGA,-4.92168,-2.3199997,pancreatic acinar cell,SAMN16547514
MS20104_TAGTGCAGTCCTCAGG,-1.3774058,9.17838,type B pancreatic cell,SAMN16547514
MS20104_TTGCATTTCGATTTCT,-0.8597707,8.619351,type B pancreatic cell,SAMN16547514
MS20104_GAAATGAAGCCTCAAT,10.6441965,8.19739,pancreatic PP cell,SAMN16547514
MS20104_TTCTAACAGTAGGGTC,-2.6900775,8.41613,type B pancreatic cell,SAMN16547514
MS20104_AGTACTGCAACACTAC,1.2855937,8.403343,type B pancreatic cell,SAMN16547514
MS20104_GTAACACAGTTGAAGT,1.6436356,9.241522,type B pancreatic cell,SAMN16547514
MS20104_ATTCCTAGTTCGAAGG,0.5212153,2.6656508,type B pancreatic cell,SAMN16547514
MS20104_TGAGTCACAGCTGAGA,2.7314644,-5.2882257,pancreatic ductal cell,SAMN16547514
MS20104_CGGAATTTCGGTAACT,10.622917,8.598119,pancreatic PP cell,SAMN16547514
MS20104_TAACGACAGACGCTCC,0.16141412,6.927954,type B pancreatic cell,SAMN16547514
MS20104_GAGAGGTCACAAATGA,-1.3314524,5.223164,type B pancreatic cell,SAMN16547514
MS20104_ACAGCCGTCGCTAAAC,-0.6342827,5.160775,type B pancreatic cell,SAMN16547514
MS20104_AAGAACATCATTCCTA,-0.36566088,6.0641127,type B pancreatic cell,SAMN16547514
MS20104_TGCACGGAGCGCGTTC,-1.0753732,-5.574976,pancreatic ductal cell,SAMN16547514
MS20104_ACGGTTATCCGAGAAG,-0.25715968,7.279955,type B pancreatic cell,SAMN16547514
MS20104_GTGGAAGCAGCTGCCA,-1.3053728,9.186926,type B pancreatic cell,SAMN16547514
MS20104_GAGGCCTTCTCGGCTT,-1.7363368,8.981517,type B pancreatic cell,SAMN16547514
MS20104_TAGAGTCTCTGAATCG,-0.16737057,3.5126312,type B pancreatic cell,SAMN16547514
MS20104_GCGGATCGTGGCGTAA,-1.7101841,8.990767,type B pancreatic cell,SAMN16547514
MS20104_GATCAGTTCAGCGCGT,-1.1521119,6.4148827,type B pancreatic cell,SAMN16547514
MS20104_TAAGCACAGTGCACTT,1.6205208,21.296925,pancreatic A cell,SAMN16547514
MS20104_GGGATCCCATGTAACC,-0.972037,5.7109013,type B pancreatic cell,SAMN16547514
MS20104_GTATTTCCAGCTGGTC,-4.753502,-3.3093698,pancreatic acinar cell,SAMN16547514
MS20104_TCCGATCAGGATTTAG,-2.3082602,5.899231,type B pancreatic cell,SAMN16547514
MS20104_CAGCAATTCGTAGTGT,-5.174936,2.8361166,pancreatic D cell,SAMN16547514
MS20104_TACCCACGTCTTCATT,-0.57871765,6.883677,type B pancreatic cell,SAMN16547514
MS20104_GAGGCAAAGTACGAGC,-5.0534797,4.051258,pancreatic D cell,SAMN16547514
MS20104_TTGAGTGAGGACAGCT,-1.8950331,9.152558,type B pancreatic cell,SAMN16547514
MS20104_TTCCGTGTCTCGCTCA,1.556016,8.638531,type B pancreatic cell,SAMN16547514
MS20104_GTGCACGCAGTGGTGA,3.8468852,15.079887,type B pancreatic cell,SAMN16547514
MS20104_GGAAGTGAGAGCAGTC,-1.9513199,6.537442,type B pancreatic cell,SAMN16547514
MS20104_TGTTGGAGTCTCTCCA,1.292106,8.795056,type B pancreatic cell,SAMN16547514
MS20104_CCTTTGGAGTAAACAC,12.14069,-1.5453573,pancreatic stellate cell,SAMN16547514
MS20104_TCAGTTTTCAAGCCGC,-3.546899,4.9229608,type B pancreatic cell,SAMN16547514
MS20104_GGTTAACTCAGTCATG,-2.3287032,-4.142892,pancreatic acinar cell,SAMN16547514
MS20104_AAGAACAAGTCAATCC,10.518063,8.638326,pancreatic PP cell,SAMN16547514
MS20104_ACGTAACTCGTTCAGA,-0.46251,6.7181587,type B pancreatic cell,SAMN16547514
MS20104_CCCATTGTCGCTGTCT,-0.5300786,4.467702,type B pancreatic cell,SAMN16547514
MS20104_AGCCAATTCAATCGGT,-0.07865576,6.989913,type B pancreatic cell,SAMN16547514
MS20104_CCCTAACGTATCGTAC,0.50776345,7.7052684,type B pancreatic cell,SAMN16547514
MS20104_TAGGAGGAGAAGGGAT,-1.1363198,6.6321487,type B pancreatic cell,SAMN16547514
MS20104_CTACGGGCAGGTCAAG,-1.3335367,6.2992883,type B pancreatic cell,SAMN16547514
MS20104_TCGAACAAGGACGCTA,-1.737387,7.6486645,type B pancreatic cell,SAMN16547514
MS20104_CCGTGAGTCGGCAGTC,12.310999,-1.3751453,pancreatic stellate cell,SAMN16547514
MS20104_CATTTCAGTAGAAACT,-0.24059236,-4.756831,pancreatic ductal cell,SAMN16547514
MS20104_TGTTACTGTCGTCTCT,-1.8106413,9.235205,type B pancreatic cell,SAMN16547514
MS20104_CATGAGTTCTCGTCGT,11.417191,-1.6418884,pancreatic stellate cell,SAMN16547514
MS20104_CTGCCATTCTTTCCAA,-0.6214226,4.26966,type B pancreatic cell,SAMN16547514
MS20104_TATCCTAGTTCGGGTC,-0.8396136,6.6424365,type B pancreatic cell,SAMN16547514
MS20104_CAGGGCTGTGTGTTTG,-0.95780915,9.212284,type B pancreatic cell,SAMN16547514
MS20104_TCCACCACAAGCCCAC,-1.3976455,9.510348,type B pancreatic cell,SAMN16547514
MS20104_TGTAACGGTGTTCAGT,2.427085,-5.1456876,pancreatic ductal cell,SAMN16547514
MS20104_AGGACTTCATTCTTCA,-4.0085955,-3.4736435,pancreatic acinar cell,SAMN16547514
MS20104_ACAGAAACATCATGAC,-0.1761325,8.718487,type B pancreatic cell,SAMN16547514
MS20104_AGACACTCACTTTATC,0.15669757,5.232013,type B pancreatic cell,SAMN16547514
MS20104_CATGCGGGTGACGCCT,1.7310078,8.305634,type B pancreatic cell,SAMN16547514
MS20104_CCAATGAGTAGACAAT,0.7244415,6.4892488,type B pancreatic cell,SAMN16547514
MS20104_ATATCCTGTTGGCCTG,10.705648,8.635965,pancreatic PP cell,SAMN16547514
MS20104_AACGGGACACAATGTC,-0.2212583,2.6729605,type B pancreatic cell,SAMN16547514
MS20104_ACAACCAAGAGCTTTC,-1.2701988,9.749291,type B pancreatic cell,SAMN16547514
MS20104_TGTAACGCATGGAATA,-2.149703,6.8125305,type B pancreatic cell,SAMN16547514
MS20104_CAACGGCCACAGCGCT,-0.67286646,7.2135267,type B pancreatic cell,SAMN16547514
MS20104_CCGATGGCATTGACTG,1.4895012,19.558804,pancreatic A cell,SAMN16547514
MS20104_CCCGAAGAGCAGCCCT,-0.46540385,3.6449127,type B pancreatic cell,SAMN16547514
MS20104_GCCGATGTCCGTGACG,0.044223964,9.394643,type B pancreatic cell,SAMN16547514
MS20104_CAACCAAAGCACTAGG,-2.146712,9.186622,type B pancreatic cell,SAMN16547514
MS20104_ACATCCCGTTAATGAG,-1.2167381,4.319004,type B pancreatic cell,SAMN16547514
MS20104_GTCCACTCATGGACAG,-1.1834241,7.477404,type B pancreatic cell,SAMN16547514
MS20104_GTTGAACCAACCACAT,1.0173805,20.779722,pancreatic A cell,SAMN16547514
MS20104_CACTAAGGTCATAAAG,-3.891764,4.2017775,pancreatic D cell,SAMN16547514
MS20104_ATTACCTAGGTCGTAG,-4.1366305,3.859092,pancreatic D cell,SAMN16547514
MS20104_CCGGTGACAATGTCTG,-1.0148518,-6.0347633,pancreatic ductal cell,SAMN16547514
MS20104_TCATACTCACAAGCTT,-5.1324816,-3.0660007,pancreatic acinar cell,SAMN16547514
MS20104_TGTACAGCAGTCAGTT,-1.5301281,7.062224,type B pancreatic cell,SAMN16547514
MS20104_CAGGCCACAACCTAAC,-4.524602,4.084043,pancreatic D cell,SAMN16547514
MS20104_TGTACAGGTCTACATG,-1.9262455,6.425389,type B pancreatic cell,SAMN16547514
MS20104_CAACGGCTCTGGTGCG,1.0502977,20.785906,pancreatic A cell,SAMN16547514
MS20104_CGTGAATTCACATCAG,-0.11806882,8.225605,type B pancreatic cell,SAMN16547514
MS20104_TCATTGTGTGGCGTAA,-0.7735083,4.0449543,type B pancreatic cell,SAMN16547514
MS20104_TGAGGAGCAGCTGCCA,3.202717,20.865925,pancreatic A cell,SAMN16547514
MS20104_CAACCTCGTGTATTCG,11.27036,-1.1201286,pancreatic stellate cell,SAMN16547514
MS20104_GAGGCAAGTTCTAACG,0.46975133,8.9897375,type B pancreatic cell,SAMN16547514
MS20104_CCGGTAGAGTTCAACC,2.3460076,-5.7070675,pancreatic ductal cell,SAMN16547514
MS20104_GTCATTTTCAGCGCAC,-1.2437494,7.122931,type B pancreatic cell,SAMN16547514
MS20104_TGGGAGACAGGGACTA,-0.47577146,5.3114467,type B pancreatic cell,SAMN16547514
MS20104_GGTCACGGTGTTCATG,-0.09055663,5.8598647,type B pancreatic cell,SAMN16547514
MS20104_AGATCGTCATGGCTGC,1.7695893,8.231113,type B pancreatic cell,SAMN16547514
MS20104_TCTACCGGTCCACTCT,1.2937124,18.838814,pancreatic A cell,SAMN16547514
MS20104_GGTAACTTCACTTGTT,-0.4118761,3.9649212,type B pancreatic cell,SAMN16547514
MS20104_AGGTCATGTAACGCGA,-3.8902776,-3.914779,pancreatic acinar cell,SAMN16547514
MS20104_AGCGTATTCGCAAGAG,1.0703266,17.565323,pancreatic A cell,SAMN16547514
MS20104_GATCAGTGTTCGTTCC,-2.0879292,7.3187613,type B pancreatic cell,SAMN16547514
MS20104_CTGCTCATCCTGATAG,-0.13033126,3.2542927,type B pancreatic cell,SAMN16547514
MS20104_AACACACTCAGTCTTT,3.0206947,17.723932,pancreatic A cell,SAMN16547514
MS20104_ATCCTATTCGGCTTCT,0.006415636,7.4877644,type B pancreatic cell,SAMN16547514
MS20104_TTCCTTCGTCAAACGG,-1.3463973,7.9693356,type B pancreatic cell,SAMN16547514
MS20104_TGCGACGTCGACATCA,11.820006,-2.2153106,pancreatic stellate cell,SAMN16547514
MS20104_GGGTGTCCATATCTGG,-1.024039,8.858255,type B pancreatic cell,SAMN16547514
MS20104_TTCTAGTGTATCTCTT,-0.25245833,7.140269,type B pancreatic cell,SAMN16547514
MS20104_GTTGTAGTCCAAGCTA,-1.9913925,7.7853346,pancreatic D cell,SAMN16547514
MS20104_GTCTTTAAGTGTTCAC,-1.1668358,8.303043,type B pancreatic cell,SAMN16547514
MS20104_GGCTTTCTCCGTTTCG,0.11523831,4.3326616,type B pancreatic cell,SAMN16547514
MS20104_AAGACTCCAACGCATT,0.22962984,8.9194,type B pancreatic cell,SAMN16547514
MS20104_TCAGTCCCAAGTGCTT,10.8841915,8.8649025,pancreatic PP cell,SAMN16547514
MS20104_GCTTTCGAGAAGGATG,-2.2470355,9.020848,type B pancreatic cell,SAMN16547514
MS20104_CTCAGTCTCTGTTGGA,11.634572,-1.6587337,pancreatic stellate cell,SAMN16547514
MS20104_CCAATTTTCGTGTTCC,-1.6211473,8.463494,type B pancreatic cell,SAMN16547514
MS20104_GCCTGTTGTCTGCATA,0.029198078,5.92943,type B pancreatic cell,SAMN16547514
MS20104_TGACCCTCAACTCCCT,-1.7286547,8.236154,type B pancreatic cell,SAMN16547514
MS20104_AATGGCTGTCCCACGA,0.5300216,19.611769,pancreatic A cell,SAMN16547514
MS20104_CGTGTCTAGAGCATTA,0.30872327,9.184613,type B pancreatic cell,SAMN16547514
MS20104_GGGAGTAGTTTACACG,3.4103155,22.343151,pancreatic A cell,SAMN16547514
MS20104_GAGTCTACAGACCTGC,0.5044988,8.400384,type B pancreatic cell,SAMN16547514
MS20104_GTGGAGAAGAGTGGCT,1.6829587,9.0152855,type B pancreatic cell,SAMN16547514
MS20104_ATGAAAGAGGAAGTGA,-6.2372084,-3.7951553,pancreatic acinar cell,SAMN16547514
MS20104_GTCTAGAAGTCGGCCT,2.0876923,8.375129,type B pancreatic cell,SAMN16547514
MS20104_TCCACCATCCAGCACG,-0.18499845,6.1139026,type B pancreatic cell,SAMN16547514
MS20104_ATCGCCTTCTCGGGAC,0.9166305,20.59574,pancreatic A cell,SAMN16547514
MS20104_TCGGGACAGTGGTGAC,-2.5106928,7.1801605,type B pancreatic cell,SAMN16547514
MS20104_GGGTGAACACTGTGTA,0.70721185,6.3078685,type B pancreatic cell,SAMN16547514
MS20104_GAGGGATGTAATCAAG,-2.333819,7.340681,type B pancreatic cell,SAMN16547514
MS20104_TCCGGGATCGCAACAT,13.558269,3.082274,endothelial cell,SAMN16547514
MS20104_CGGCAGTTCGTACACA,1.7319938,20.770523,pancreatic A cell,SAMN16547514
MS20104_TCAATCTAGGCTGTAG,-0.79822665,4.625757,type B pancreatic cell,SAMN16547514
MS20104_AGAACCTTCTATCCAT,-0.8265898,8.882734,type B pancreatic cell,SAMN16547514
MS20104_ACGTAGTGTGCCTAAT,-1.595049,9.312327,type B pancreatic cell,SAMN16547514
MS20104_ACTACGAGTCTCTCCA,-1.1220509,6.7924166,type B pancreatic cell,SAMN16547514
MS20104_CAGAGCCAGCTGTTAC,1.3546809,6.7019935,type B pancreatic cell,SAMN16547514
