fold,representation,macro_f1,accuracy,n_train_cells,n_test_cells,n_classes_used,n_train_donors,n_test_donors,batch_covariate,n_batch_features
1,harmony,0.7081535227903003,0.7356100689434023,64768,18711,30,83,21,None,0
2,harmony,0.714711920313962,0.7303610715672317,68025,15454,30,83,21,None,0
3,harmony,0.7070423886182707,0.7434835431853325,65371,18108,30,83,21,None,0
4,harmony,0.7146488589841106,0.7334594850307494,68682,14797,30,83,21,None,0
5,harmony,0.7029649458814138,0.7328295447620209,67070,16409,30,84,20,None,0
