scheme,representation,macro_f1_mean,macro_f1_std,accuracy_mean,accuracy_std,n_folds,mean_train_cells,mean_test_cells,mean_n_classes_used,batch_covariate,mean_n_batch_features
donor_cv,hvg,0.8569863197319479,0.006411276818653082,0.8397751083677552,0.004289752210930702,5,66783.2,16695.8,30.0,None,0.0
donor_cv,pca,0.7904246295528172,0.014710403431218653,0.785841909753105,0.0140811250328636,5,66783.2,16695.8,30.0,None,0.0
donor_cv,harmony,0.7095043273176115,0.005104766289499798,0.7351487426977474,0.0050208511842450955,5,66783.2,16695.8,30.0,None,0.0
donor_cv,scvi,0.8744398633861902,0.00921088857216136,0.8587371589197345,0.007174592720334478,5,66783.2,16695.8,30.0,None,0.0
