cell_type,f1,precision,recall,support
pancreatic A cell,0.9991980753809142,1.0,0.9983974358974359,624.0
pancreatic D cell,0.9953051643192489,1.0,0.9906542056074766,107.0
pancreatic acinar cell,0.9787234042553191,1.0,0.9583333333333334,48.0
pancreatic ductal cell,0.996415770609319,0.9928571428571429,1.0,139.0
pancreatic stellate cell,1.0,1.0,1.0,54.0
type B pancreatic cell,0.9984415584415585,0.9968879668049793,1.0,961.0
