fold,representation,macro_f1,accuracy,n_train_cells,n_test_cells,n_classes_used,n_train_donors,n_test_donors,batch_covariate,n_batch_features
1,scvi,0.9850389840318443,0.9927573719606829,6250,1933,6,13,4,None,0
2,scvi,0.9918718054624508,0.9963636363636363,6258,1925,6,13,4,None,0
3,scvi,0.9957274522491915,0.9965253648366922,6744,1439,6,14,3,None,0
4,scvi,0.9972675087873234,0.9979310344827587,6733,1450,6,14,3,None,0
5,scvi,0.993022722947213,0.9958217270194986,6747,1436,6,14,3,None,0
