cell_type,f1,precision,recall,support
pancreatic A cell,0.9976958525345622,1.0,0.9954022988505747,435.0
pancreatic D cell,0.9836065573770492,0.9836065573770492,0.9836065573770492,61.0
pancreatic acinar cell,0.9949238578680203,0.98989898989899,1.0,98.0
pancreatic ductal cell,0.9850746268656716,0.99,0.9801980198019802,101.0
pancreatic stellate cell,1.0,1.0,1.0,110.0
type B pancreatic cell,0.9968354430379747,0.995260663507109,0.9984152139461173,631.0
