cell_type,f1,precision,recall,support
pancreatic A cell,0.9965397923875432,1.0,0.993103448275862,435.0
pancreatic D cell,0.9752066115702478,0.9833333333333333,0.9672131147540983,61.0
pancreatic acinar cell,0.9897959183673469,0.9897959183673469,0.9897959183673469,98.0
pancreatic ductal cell,0.9850746268656716,0.99,0.9801980198019802,101.0
pancreatic stellate cell,1.0,1.0,1.0,110.0
type B pancreatic cell,0.9944751381215471,0.9905660377358491,0.9984152139461173,631.0
