cell_type,f1,precision,recall,support
pancreatic A cell,0.9983922829581994,1.0,0.9967897271268058,623.0
pancreatic D cell,0.9832402234636872,0.9887640449438202,0.9777777777777777,90.0
pancreatic acinar cell,0.9811320754716981,0.9811320754716981,0.9811320754716981,106.0
pancreatic ductal cell,0.9928571428571429,0.9858156028368794,1.0,139.0
pancreatic stellate cell,1.0,1.0,1.0,67.0
type B pancreatic cell,0.9983342587451416,0.9977802441731409,0.9988888888888889,900.0
