cell_type,f1,precision,recall,support
pancreatic A cell,0.9967948717948718,0.9967948717948718,0.9967948717948718,624.0
pancreatic D cell,0.9724770642201835,0.954954954954955,0.9906542056074766,107.0
pancreatic acinar cell,0.9574468085106383,0.9782608695652174,0.9375,48.0
pancreatic ductal cell,0.989247311827957,0.9857142857142858,0.9928057553956835,139.0
pancreatic stellate cell,1.0,1.0,1.0,54.0
type B pancreatic cell,0.9942678478374154,0.9958246346555324,0.9927159209157128,961.0
