cell_type,f1,precision,recall,support
pancreatic A cell,0.9991967871485944,1.0,0.9983948635634029,623.0
pancreatic D cell,0.9834254143646408,0.978021978021978,0.9888888888888889,90.0
pancreatic acinar cell,0.9809523809523809,0.9903846153846154,0.9716981132075472,106.0
pancreatic ductal cell,0.9893238434163701,0.9788732394366197,1.0,139.0
pancreatic stellate cell,1.0,1.0,1.0,67.0
type B pancreatic cell,0.9983324068927181,0.9988876529477196,0.9977777777777778,900.0
