cell_type,f1,precision,recall,support
pancreatic A cell,0.9959623149394348,0.9973045822102425,0.9946236559139785,372.0
pancreatic D cell,0.9921259842519685,1.0,0.984375,64.0
pancreatic acinar cell,1.0,1.0,1.0,179.0
pancreatic ductal cell,0.9983305509181971,0.9966666666666667,1.0,299.0
pancreatic stellate cell,1.0,1.0,1.0,56.0
type B pancreatic cell,0.9968782518210197,0.9958419958419958,0.9979166666666667,480.0
