cell_type,f1,precision,recall,support
pancreatic stellate cell,0.9982905982905983,1.0,0.9966101694915255,69.2
pancreatic A cell,0.9977632704126022,0.9984200072228241,0.9971101841978737,495.8
type B pancreatic cell,0.9971642224935557,0.9970639892914713,0.997266982013121,749.8
pancreatic ductal cell,0.9920624897553332,0.989588601375696,0.9946007550395327,148.0
pancreatic acinar cell,0.986104385376572,0.9917088949697644,0.9807223042057552,91.2
pancreatic D cell,0.9841292018449662,0.9811188958729943,0.9873071281768807,82.6
