fold,representation,macro_f1,accuracy,n_train_cells,n_test_cells,n_classes_used,n_train_donors,n_test_donors,batch_covariate,n_batch_features
1,harmony,0.9865737249530487,0.9912053802379721,6250,1933,6,13,4,None,0
2,harmony,0.9936626465685299,0.9968831168831169,6258,1925,6,13,4,None,0
3,harmony,0.9966217164517698,0.9965253648366922,6744,1439,6,14,3,None,0
4,harmony,0.994966140187817,0.9958620689655172,6733,1450,6,14,3,None,0
5,harmony,0.9901820145520593,0.9937325905292479,6747,1436,6,14,3,None,0
