cell_type,f1,precision,recall,support
pancreatic A cell,0.9991967871485944,1.0,0.9983948635634029,623.0
pancreatic D cell,0.978021978021978,0.967391304347826,0.9888888888888889,90.0
pancreatic acinar cell,0.9905660377358491,0.9905660377358491,0.9905660377358491,106.0
pancreatic ductal cell,0.996415770609319,0.9928571428571429,1.0,139.0
pancreatic stellate cell,1.0,1.0,1.0,67.0
type B pancreatic cell,0.9977753058954395,0.9988864142538976,0.9966666666666667,900.0
