cell_type,f1,precision,recall,support
pancreatic A cell,0.9964747356051704,0.9953051643192489,0.9976470588235294,425.0
pancreatic D cell,0.994475138121547,1.0,0.989010989010989,91.0
pancreatic acinar cell,1.0,1.0,1.0,25.0
pancreatic ductal cell,0.9919999999999999,0.9841269841269841,1.0,62.0
pancreatic stellate cell,1.0,1.0,1.0,59.0
type B pancreatic cell,0.9967804249839021,0.9974226804123711,0.9961389961389961,777.0
