cell_type,f1,precision,recall,support
pancreatic A cell,0.9964747356051704,0.9953051643192489,0.9976470588235294,425.0
pancreatic D cell,0.989010989010989,0.989010989010989,0.989010989010989,91.0
pancreatic acinar cell,1.0,1.0,1.0,25.0
pancreatic ductal cell,1.0,1.0,1.0,62.0
pancreatic stellate cell,0.9914529914529915,1.0,0.9830508474576272,59.0
type B pancreatic cell,0.9974259974259975,0.9974259974259975,0.9974259974259975,777.0
