cell_type,f1,precision,recall,support
pancreatic A cell,0.9927710843373494,0.9951690821256038,0.9903846153846154,624.0
pancreatic D cell,0.9769585253456221,0.9636363636363636,0.9906542056074766,107.0
pancreatic acinar cell,0.967741935483871,1.0,0.9375,48.0
pancreatic ductal cell,0.989247311827957,0.9857142857142858,0.9928057553956835,139.0
pancreatic stellate cell,1.0,1.0,1.0,54.0
type B pancreatic cell,0.9927234927234927,0.9916926272066459,0.9937565036420395,961.0
