cell_type,f1,precision,recall,support
pancreatic A cell,0.9975942261427426,0.9967948717948718,0.9983948635634029,623.0
pancreatic D cell,0.9887640449438202,1.0,0.9777777777777777,90.0
pancreatic acinar cell,0.9905660377358491,0.9905660377358491,0.9905660377358491,106.0
pancreatic ductal cell,0.996415770609319,0.9928571428571429,1.0,139.0
pancreatic stellate cell,1.0,1.0,1.0,67.0
type B pancreatic cell,0.9977777777777778,0.9977777777777778,0.9977777777777778,900.0
