cell_type,f1,precision,recall,support
pancreatic A cell,0.9986541049798116,1.0,0.9973118279569892,372.0
pancreatic D cell,0.9921259842519685,1.0,0.984375,64.0
pancreatic acinar cell,0.9971988795518207,1.0,0.994413407821229,179.0
pancreatic ductal cell,0.9966666666666666,0.9933554817275747,1.0,299.0
pancreatic stellate cell,1.0,1.0,1.0,56.0
type B pancreatic cell,0.9989594172736733,0.997920997920998,1.0,480.0
