cell_type,f1,precision,recall,support
pancreatic A cell,0.9959623149394348,0.9973045822102425,0.9946236559139785,372.0
pancreatic D cell,0.9841269841269841,1.0,0.96875,64.0
pancreatic acinar cell,0.9971988795518207,1.0,0.994413407821229,179.0
pancreatic ductal cell,0.9966666666666666,0.9933554817275747,1.0,299.0
pancreatic stellate cell,1.0,1.0,1.0,56.0
type B pancreatic cell,0.9958419958419957,0.9937759336099585,0.9979166666666667,480.0
