scheme,representation,macro_f1_mean,macro_f1_std,accuracy_mean,accuracy_std,n_folds,mean_train_cells,mean_test_cells,mean_n_classes_used,batch_covariate,mean_n_batch_features
donor_cv,hvg,0.9957494497260051,0.0016293070460266146,0.9970203096355265,0.0011447725354880908,5,6546.4,1636.6,6.0,None,0.0
donor_cv,pca,0.9917999015856285,0.004050827138565169,0.9952896036804855,0.0016399479007194765,5,6546.4,1636.6,6.0,None,0.0
donor_cv,harmony,0.9924012485426449,0.004027008014500447,0.9948417042905092,0.002371508392801602,5,6546.4,1636.6,6.0,None,0.0
donor_cv,scvi,0.9925856946956045,0.004728728610508509,0.9958798269326538,0.001911239376462261,5,6546.4,1636.6,6.0,None,0.0
