scheme,representation,macro_f1,accuracy,n_cells_used,n_classes_used,batch_covariate,n_batch_features
random_split,hvg,0.9959072381934325,0.9975565058032987,8183,6,None,0
random_split,pca,0.9933319324635197,0.996334758704948,8183,6,None,0
random_split,harmony,0.9913015709681137,0.9945021380574222,8183,6,None,0
random_split,scvi,0.9937247063498119,0.996334758704948,8183,6,None,0
