cell_type,f1,precision,recall,support
pancreatic A cell,0.9979838709677419,0.9979838709677419,0.9979838709677419,496.0
pancreatic D cell,0.970059880239521,0.9642857142857143,0.9759036144578314,83.0
pancreatic acinar cell,0.994475138121547,1.0,0.989010989010989,91.0
pancreatic ductal cell,0.9899665551839464,0.9801324503311258,1.0,148.0
pancreatic stellate cell,1.0,1.0,1.0,69.0
type B pancreatic cell,0.9953239812959251,0.9973226238286479,0.9933333333333333,750.0
