cell_type,f1,precision,recall,support
pancreatic A cell,0.9989909182643794,1.0,0.9979838709677419,496.0
pancreatic D cell,0.9759036144578314,0.9759036144578314,0.9759036144578314,83.0
pancreatic acinar cell,0.994475138121547,1.0,0.989010989010989,91.0
pancreatic ductal cell,0.9932885906040269,0.9866666666666667,1.0,148.0
pancreatic stellate cell,1.0,1.0,1.0,69.0
type B pancreatic cell,0.9973333333333333,0.9973333333333333,0.9973333333333333,750.0
