cell_type,f1,precision,recall,support
pancreatic A cell,0.9989909182643794,1.0,0.9979838709677419,496.0
pancreatic D cell,0.970059880239521,0.9642857142857143,0.9759036144578314,83.0
pancreatic acinar cell,1.0,1.0,1.0,91.0
pancreatic ductal cell,0.9966329966329966,0.9932885906040269,1.0,148.0
pancreatic stellate cell,1.0,1.0,1.0,69.0
type B pancreatic cell,0.9966644429619747,0.9973297730307076,0.996,750.0
