scheme,representation,macro_f1,accuracy,n_cells_used,n_classes_used,batch_covariate,n_batch_features
random_split,hvg,0.2575266930073691,0.29088650687767403,108682,7,None,0
random_split,pca,0.23516414232654487,0.2940608179601601,108682,7,None,0
random_split,harmony,0.23390171907238885,0.292220637622487,108682,7,None,0
