cell_type,f1,precision,recall,support
B cells,0.14372109569548203,0.1710414902624894,0.12392638036809817,3260.0
CD4+ T cells,0.2440024605290138,0.18495492695057508,0.35843373493975905,3320.0
MAIT cells,0.0,0.0,0.0,2412.0
Myeloid cells,0.18059417532562563,0.17563336179903216,0.1858433734939759,3320.0
NK cells,0.8577466649055607,0.7589995324918186,0.9860309747950198,3293.0
TRAV1-2- CD8+ T cells,0.2112476370510397,0.17362594678578364,0.269683257918552,3315.0
gd T cells,0.0,0.0,0.0,2817.0
