cell_type,f1,precision,recall,support
B cells,0.18928262748487468,0.1784356328082564,0.20153374233128835,3260.0
CD4+ T cells,0.20314812323422576,0.18356430829078532,0.22740963855421686,3320.0
MAIT cells,0.049734748010610084,0.12417218543046357,0.03109452736318408,2412.0
Myeloid cells,0.18390804597701146,0.17386638046686342,0.19518072289156627,3320.0
NK cells,0.8713939067133999,0.7835151515151515,0.9814758578803523,3293.0
TRAV1-2- CD8+ T cells,0.20079988967039028,0.18495934959349594,0.2196078431372549,3315.0
gd T cells,0.10441950996107167,0.14709677419354839,0.08093716719914804,2817.0
