scheme,representation,macro_f1,accuracy,n_cells_used,n_classes_used,batch_covariate,n_batch_features
random_split,hvg,0.7944158491446548,0.8259149357072205,10107,13,None,0
random_split,pca,0.7983622039616655,0.8283877349159249,10107,13,None,0
random_split,harmony,0.7620788335657125,0.7967359050445104,10107,13,None,0
random_split,scvi,0.7745836394327029,0.8076162215628091,10107,13,None,0
