scheme,representation,macro_f1,accuracy,n_cells_used,n_classes_used,batch_covariate,n_batch_features
random_split,hvg,0.7849189786030841,0.8135509396636993,10107,13,None,0
random_split,pca,0.8130474528878093,0.8417408506429278,10107,13,None,0
random_split,harmony,0.7680805430715072,0.8056379821958457,10107,13,None,0
random_split,scvi,0.7745836394327029,0.8076162215628091,10107,13,None,0
