scheme,representation,macro_f1,accuracy,n_cells_used,n_classes_used,batch_covariate,n_batch_features
random_split,hvg,0.26047196956117513,0.29337075033353266,108682,7,None,0
random_split,pca,0.23582415107418517,0.2941068224686019,108682,7,None,0
random_split,harmony,0.23542901305197653,0.293830795417951,108682,7,None,0
