cell_type,f1,precision,recall,support
B cells,0.14086081609837897,0.17940199335548174,0.11595092024539877,3260.0
CD4+ T cells,0.2393403493544537,0.18704425979311515,0.3322289156626506,3320.0
MAIT cells,0.0,0.0,0.0,2412.0
Myeloid cells,0.20104849279161205,0.1779582366589327,0.23102409638554217,3320.0
NK cells,0.8593667546174144,0.7597387450431538,0.9890677194047981,3293.0
TRAV1-2- CD8+ T cells,0.21015264465743697,0.17289719626168223,0.2678733031674208,3315.0
gd T cells,0.0,0.0,0.0,2817.0
