cell_type,f1,precision,recall,support
B cells,0.1949579831932773,0.17938144329896907,0.2134969325153374,3260.0
CD4+ T cells,0.2058743540930106,0.18765493306891423,0.22801204819277107,3320.0
MAIT cells,0.05426610003269042,0.12828438948995363,0.034411276948590384,2412.0
Myeloid cells,0.1973016103293196,0.1903162608452281,0.20481927710843373,3320.0
NK cells,0.8750676041103299,0.7886912015598343,0.9826905557242636,3293.0
TRAV1-2- CD8+ T cells,0.19137577002053388,0.17518796992481203,0.21085972850678733,3315.0
gd T cells,0.10446036514906401,0.14966887417218544,0.08022719204827831,2817.0
