cell_type,f1,precision,recall,support
B cells,0.1380721994789728,0.17549668874172186,0.11380368098159509,3260.0
CD4+ T cells,0.23553408480944715,0.1829858215179316,0.33042168674698796,3320.0
MAIT cells,0.0,0.0,0.0,2412.0
Myeloid cells,0.19335095284462372,0.1796329800982166,0.20933734939759036,3320.0
NK cells,0.8618273172021685,0.763231850117096,0.9896750683267537,3293.0
TRAV1-2- CD8+ T cells,0.21921853702862337,0.17580615777008562,0.2911010558069382,3315.0
gd T cells,0.0,0.0,0.0,2817.0
