cell_type,f1,precision,recall,support
T cell,0.9919354838709677,0.9919354838709677,0.9919354838709677,124.0
epithelial cell of proximal tubule,0.9982608695652174,0.9965277777777778,1.0,1148.0
kidney capillary endothelial cell,0.9902912621359222,0.9807692307692307,1.0,51.0
kidney loop of Henle cortical thick ascending limb epithelial cell,0.985645933014354,0.9903846153846154,0.9809523809523809,105.0
kidney loop of Henle descending limb epithelial cell,0.9135802469135802,0.9487179487179487,0.8809523809523809,42.0
mononuclear phagocyte,0.9930555555555556,0.9930555555555556,0.9930555555555556,144.0
natural killer cell,0.9927007299270074,1.0,0.9855072463768116,69.0
