cell_type,f1,precision,recall,support
T cell,0.9508196721311476,0.9666666666666667,0.9354838709677419,124.0
epithelial cell of proximal tubule,0.9973913043478261,0.9956597222222222,0.9991289198606271,1148.0
kidney capillary endothelial cell,1.0,1.0,1.0,51.0
kidney loop of Henle cortical thick ascending limb epithelial cell,0.9488372093023255,0.9272727272727272,0.9714285714285714,105.0
kidney loop of Henle descending limb epithelial cell,0.7733333333333333,0.8787878787878788,0.6904761904761905,42.0
mononuclear phagocyte,0.9965397923875432,0.993103448275862,1.0,144.0
natural killer cell,0.9219858156028369,0.9027777777777778,0.9420289855072463,69.0
