cell_type,f1,precision,recall,support
T cell,0.9919354838709677,0.9919354838709677,0.9919354838709677,124.0
epithelial cell of proximal tubule,0.9973935708079931,0.9948006932409013,1.0,1148.0
kidney capillary endothelial cell,0.99009900990099,1.0,0.9803921568627451,51.0
kidney loop of Henle cortical thick ascending limb epithelial cell,0.976303317535545,0.9716981132075472,0.9809523809523809,105.0
kidney loop of Henle descending limb epithelial cell,0.8717948717948718,0.9444444444444444,0.8095238095238095,42.0
mononuclear phagocyte,0.9965397923875432,0.993103448275862,1.0,144.0
natural killer cell,0.9927007299270074,1.0,0.9855072463768116,69.0
