cell_type,f1,precision,recall,support
B cells,0.11687012207324396,0.17206835592221567,0.08848484848484849,3300.0
CD4+ T cells,0.24158500213037926,0.18626806833114323,0.34363636363636363,3300.0
MAIT cells,0.0028382213812677384,0.1111111111111111,0.0014374700527072352,2087.0
Myeloid cells,0.2004270082732853,0.17906533142584644,0.22757575757575757,3300.0
NK cells,0.9355261242904962,0.9000280033604032,0.973939393939394,3300.0
TRAV1-2- CD8+ T cells,0.22699454767998217,0.17935642693863196,0.3090909090909091,3300.0
gd T cells,0.0076521739130434785,0.1111111111111111,0.003962536023054755,2776.0
