cell_type,f1,precision,recall,support
B cells,0.18610785463071514,0.17757270693512303,0.1955049261083744,3248.0
CD4+ T cells,0.19847961299239808,0.18246505717916137,0.2175757575757576,3300.0
MAIT cells,0.05367057371992597,0.11662198391420911,0.03485576923076923,2496.0
Myeloid cells,0.20014015416958658,0.1861799217731421,0.21636363636363637,3300.0
NK cells,0.8808318511424271,0.8029433774008481,0.9754545454545455,3300.0
TRAV1-2- CD8+ T cells,0.1980587987058658,0.18482541349435547,0.21333333333333335,3300.0
gd T cells,0.11493738819320215,0.1466058185966914,0.09452004413387274,2719.0
