cell_type,f1,precision,recall,support
B cells,0.18414821005711104,0.16587202007528232,0.20695053224796495,3194.0
CD4+ T cells,0.20383344348975543,0.18077373974208674,0.23363636363636364,3300.0
MAIT cells,0.0410359905819038,0.12151394422310757,0.024686361796843383,2471.0
Myeloid cells,0.19089533764269012,0.17476706119365398,0.2103030303030303,3300.0
NK cells,0.975045648204504,0.9792176039119804,0.9709090909090909,3300.0
TRAV1-2- CD8+ T cells,0.2033033436283067,0.1814477468839885,0.23114503816793894,3275.0
gd T cells,0.11123671716029844,0.15891472868217055,0.08556521739130435,2875.0
