fold,representation,macro_f1,accuracy,n_train_cells,n_test_cells,n_classes_used,n_train_donors,n_test_donors,batch_covariate,n_batch_features
1,harmony,0.23027775397163314,0.2927153532297254,86869,21813,7,132,34,None,0
2,harmony,0.23588098801631113,0.2938651156349536,87019,21663,7,133,33,None,0
3,harmony,0.24966472611960788,0.30538782006272525,87319,21363,7,133,33,None,0
4,harmony,0.25731287579952894,0.30135850794381763,86967,21715,7,133,33,None,0
5,harmony,0.2129310245282015,0.2757592190889371,86554,22128,7,133,33,None,0
