cell_type,f1,precision,recall,support
B cells,0.13942943510296618,0.180440097799511,0.11360837438423645,3248.0
CD4+ T cells,0.24332344213649856,0.18368608064266956,0.3603030303030303,3300.0
MAIT cells,0.0,0.0,0.0,2496.0
Myeloid cells,0.19898348157560358,0.1713347921225383,0.23727272727272727,3300.0
NK cells,0.874949953289737,0.7817791557357501,0.9933333333333333,3300.0
TRAV1-2- CD8+ T cells,0.19448060400937256,0.1704701049748973,0.22636363636363635,3300.0
gd T cells,0.0,0.0,0.0,2719.0
