cell_type,f1,precision,recall,support
NK cells,0.8643285255295485,0.7813942948964698,0.9859906417112299,3292.8
CD4+ T cells,0.234538027194805,0.18669305387255192,0.3172673796791444,3320.0
TRAV1-2- CD8+ T cells,0.20951876611153358,0.17510217474626386,0.2640856567470847,3315.0
Myeloid cells,0.20383503235214576,0.18034440880041352,0.23548663101604278,3320.0
B cells,0.14703707204972186,0.17432902437294825,0.12937962401390496,3259.4
gd T cells,0.0020917005390261667,0.05185185185185185,0.001075823757948105,2817.0
MAIT cells,0.0005676442762535477,0.02222222222222222,0.00028749401054144706,2412.2
