cell_type,f1,precision,recall,support
B cells,0.18041704442429735,0.174357476635514,0.18691296180338135,3194.0
CD4+ T cells,0.23755555555555555,0.18754385964912282,0.3239393939393939,3300.0
MAIT cells,0.0,0.0,0.0,2471.0
Myeloid cells,0.18321479374110952,0.17265415549597854,0.19515151515151516,3300.0
NK cells,0.9771977197719772,0.9676173499702911,0.9869696969696969,3300.0
TRAV1-2- CD8+ T cells,0.22280501710376283,0.17779799818016379,0.2983206106870229,3275.0
gd T cells,0.0,0.0,0.0,2875.0
