cell_type,f1,precision,recall,support
B cells,0.14848265895953758,0.1862256456728591,0.12346049864824271,3329.0
CD4+ T cells,0.23729171060957605,0.18497204866820124,0.33088235294117646,3400.0
MAIT cells,0.0,0.0,0.0,2213.0
Myeloid cells,0.21219076766131093,0.18730301665916255,0.2447058823529412,3400.0
NK cells,0.8120939530234883,0.6856540084388185,0.9957107843137255,3264.0
TRAV1-2- CD8+ T cells,0.19416720674011667,0.1735805330243337,0.22029411764705883,3400.0
gd T cells,0.002117148906139732,0.1111111111111111,0.0010687566797292483,2807.0
