cell_type,f1,precision,recall,support
B cells,0.19272675817178436,0.180780461906026,0.20636363636363636,3300.0
CD4+ T cells,0.19655078018067346,0.17923115327009487,0.2175757575757576,3300.0
MAIT cells,0.04985119047619047,0.11148086522462562,0.03210349784379492,2087.0
Myeloid cells,0.19044927945747386,0.17840127051349922,0.20424242424242425,3300.0
NK cells,0.9425655976676384,0.9081460674157303,0.9796969696969697,3300.0
TRAV1-2- CD8+ T cells,0.2008745196766927,0.1784789263009183,0.2296969696969697,3300.0
gd T cells,0.10574162679425836,0.1574074074074074,0.07961095100864553,2776.0
