cell_type,f1,precision,recall,support
B cells,0.1801297169811321,0.171725688589095,0.1893986360818351,3226.0
CD4+ T cells,0.1930622689792437,0.18184252811997859,0.20575757575757575,3300.0
MAIT cells,0.04610251744009706,0.15109343936381708,0.02720114531138153,2794.0
Myeloid cells,0.17842799770510612,0.16938997821350762,0.18848484848484848,3300.0
NK cells,0.7517993963315533,0.6093338351524276,0.9812121212121212,3300.0
TRAV1-2- CD8+ T cells,0.20019709981697875,0.18695766500131475,0.21545454545454545,3300.0
gd T cells,0.11859838274932614,0.17098445595854922,0.0907840440165062,2908.0
