cell_type,f1,precision,recall,support
B cells,0.16805377720870682,0.1719056974459725,0.1643706950532248,3194.0
CD4+ T cells,0.24240370495877103,0.19322888528723212,0.32515151515151514,3300.0
MAIT cells,0.0,0.0,0.0,2471.0
Myeloid cells,0.1954022988505747,0.17479674796747968,0.22151515151515153,3300.0
NK cells,0.9752289446029125,0.9663790538530199,0.9842424242424243,3300.0
TRAV1-2- CD8+ T cells,0.22126404175649605,0.176056338028169,0.29770992366412213,3275.0
gd T cells,0.0006891798759476224,0.037037037037037035,0.00034782608695652176,2875.0
