fold,representation,macro_f1,accuracy,n_train_cells,n_test_cells,n_classes_used,n_train_donors,n_test_donors,batch_covariate,n_batch_features
1,pca,0.22947763512859562,0.29202768990968686,86869,21813,7,132,34,None,0
2,pca,0.23990550161037288,0.29668097678068595,87019,21663,7,133,33,None,0
3,pca,0.24741331424881402,0.30075363947011186,87319,21363,7,133,33,None,0
4,pca,0.25757742103620124,0.30177296799447384,86967,21715,7,133,33,None,0
5,pca,0.21270953372818363,0.2770245842371656,86554,22128,7,133,33,None,0
