cell_type,f1,precision,recall,support
B cells,0.15221003655699566,0.16404011461318052,0.14197148171109733,3226.0
CD4+ T cells,0.2148820326678766,0.17885196374622356,0.2690909090909091,3300.0
MAIT cells,0.0,0.0,0.0,2794.0
Myeloid cells,0.187070537091572,0.17410597755155313,0.20212121212121212,3300.0
NK cells,0.7327313769751693,0.5838129496402877,0.9836363636363636,3300.0
TRAV1-2- CD8+ T cells,0.2036231884057971,0.16927710843373495,0.25545454545454543,3300.0
gd T cells,0.0,0.0,0.0,2908.0
