cell_type,f1,precision,recall,support
NK cells,0.8679954847527085,0.7855008738457882,0.9873239750445633,3292.8
CD4+ T cells,0.23884010632839855,0.18469970348170767,0.34065418894830657,3320.0
TRAV1-2- CD8+ T cells,0.210030839145846,0.17706067927872407,0.26134861411601423,3315.0
Myeloid cells,0.19003619295925825,0.17650645717856542,0.20710516934046347,3320.0
B cells,0.15302248625494605,0.17663143771044867,0.13772080704169812,3259.4
gd T cells,0.000569206368238081,0.06818181818181819,0.0002857974454559361,2817.0
MAIT cells,0.0,0.0,0.0,2412.2
