cell_type,f1,precision,recall,support
NK cells,0.8753394497074198,0.8020172027788416,0.9790035650623887,3292.8
TRAV1-2- CD8+ T cells,0.20160824769267158,0.18445392623368004,0.22257303615408688,3315.0
CD4+ T cells,0.19703578339413674,0.1814651777553487,0.21585026737967916,3320.0
Myeloid cells,0.18957761764918285,0.1784526057111338,0.20240819964349374,3320.0
B cells,0.1876772695359991,0.17610831354283882,0.20109743621743634,3259.4
gd T cells,0.11199014039189095,0.1581237835897871,0.0869111564044726,2817.0
MAIT cells,0.04893163907498379,0.12321896962207494,0.030818609242341817,2412.2
