cell_type,f1,precision,recall,support
B cells,0.19527380783925283,0.18459069020866772,0.20726945028537097,3329.0
CD4+ T cells,0.19325281132861305,0.18301341046542202,0.20470588235294118,3400.0
MAIT cells,0.053997923156801665,0.11538461538461539,0.03524627202892002,2213.0
Myeloid cells,0.18797531927105757,0.18352479686186607,0.19264705882352942,3400.0
NK cells,0.8264547551909767,0.7104451300132217,0.9877450980392157,3264.0
TRAV1-2- CD8+ T cells,0.205607476635514,0.19055987948782324,0.22323529411764706,3400.0
gd T cells,0.10943658706236958,0.15670650730411687,0.0840755254720342,2807.0
