cell_type,f1,precision,recall,support
B cells,0.14159292035398227,0.18697165589259074,0.11393939393939394,3300.0
CD4+ T cells,0.25194370632811736,0.1865617256959627,0.3878787878787879,3300.0
MAIT cells,0.0,0.0,0.0,2087.0
Myeloid cells,0.18394648829431434,0.18456375838926176,0.18333333333333332,3300.0
NK cells,0.9366647298082511,0.8995535714285714,0.9769696969696969,3300.0
TRAV1-2- CD8+ T cells,0.23278762054272262,0.18476326094695622,0.3145454545454546,3300.0
gd T cells,0.0007176175098672406,0.09090909090909091,0.00036023054755043225,2776.0
