cell_type,f1,precision,recall,support
B cells,0.16008388675288363,0.185125303152789,0.14100985221674878,3248.0
CD4+ T cells,0.23675334566423675,0.18468850789339672,0.3296969696969697,3300.0
MAIT cells,0.0,0.0,0.0,2496.0
Myeloid cells,0.213738630923887,0.17662183544303797,0.2706060606060606,3300.0
NK cells,0.8745826098570856,0.7819441127298782,0.9921212121212121,3300.0
TRAV1-2- CD8+ T cells,0.19418003807451725,0.1761223482979773,0.21636363636363637,3300.0
gd T cells,0.0,0.0,0.0,2719.0
