fold,representation,macro_f1,accuracy,n_train_cells,n_test_cells,n_classes_used,n_train_donors,n_test_donors,batch_covariate,n_batch_features
1,hvg,0.2531426686406551,0.29056067482693804,86869,21813,7,132,34,None,0
2,hvg,0.26174660479344586,0.2923879425748973,87019,21663,7,133,33,None,0
3,hvg,0.26839425034638736,0.2973365164068717,87319,21363,7,133,33,None,0
4,hvg,0.27278552725208133,0.2944508404328805,86967,21715,7,133,33,None,0
5,hvg,0.23833105428620535,0.28023318872017355,86554,22128,7,133,33,None,0
