scheme,representation,macro_f1,accuracy,n_cells_used,n_classes_used,batch_covariate,n_batch_features
random_split,hvg,0.7982141747183308,0.8254203758654797,10107,13,None,0
random_split,pca,0.8163723789782983,0.844213649851632,10107,13,None,0
random_split,harmony,0.7710531039511147,0.8056379821958457,10107,13,None,0
random_split,scvi,0.7841623901150689,0.8160237388724035,10107,13,None,0
