cell_type,f1,precision,recall,support
B cells,0.1263284539803489,0.18239722061378114,0.09662576687116564,3260.0
CD4+ T cells,0.22743521000893657,0.1807528409090909,0.3066265060240964,3320.0
MAIT cells,0.0,0.0,0.0,2412.0
Myeloid cells,0.20096938172360798,0.16540182914964,0.2560240963855422,3320.0
NK cells,0.8569165786694827,0.7578799906607518,0.9857273003340419,3293.0
TRAV1-2- CD8+ T cells,0.21234866828087168,0.17735085945399393,0.2645550527903469,3315.0
gd T cells,0.002121640735502122,0.2727272727272727,0.0010649627263045794,2817.0
