cell_type,f1,precision,recall,support
B cells,0.15066367867609032,0.17197953561589926,0.13404907975460123,3260.0
CD4+ T cells,0.23043288150415392,0.18085106382978725,0.31746987951807226,3320.0
MAIT cells,0.0,0.0,0.0,2412.0
Myeloid cells,0.19378620326487625,0.17212347988774557,0.2216867469879518,3320.0
NK cells,0.8586913417052213,0.7602996254681648,0.9863346492559976,3293.0
TRAV1-2- CD8+ T cells,0.210966314236538,0.17804523760116206,0.25882352941176473,3315.0
gd T cells,0.0007097232079488998,1.0,0.0003549875754348598,2817.0
