cell_type,f1,precision,recall,support
B cells,0.18905616676317313,0.17900219298245615,0.20030674846625768,3260.0
CD4+ T cells,0.1993735530437151,0.1819537658463833,0.22048192771084338,3320.0
MAIT cells,0.050717384050717386,0.12991452991452992,0.03150912106135987,2412.0
Myeloid cells,0.19165852978100154,0.17848791893998442,0.2069277108433735,3320.0
NK cells,0.8703278909728781,0.7831471588149587,0.9793501366535075,3293.0
TRAV1-2- CD8+ T cells,0.20956033420079442,0.191921726041144,0.23076923076923078,3315.0
gd T cells,0.11323360184119678,0.16099476439790575,0.08732694355697551,2817.0
