cell_type,f1,precision,recall,support
B cells,0.19564904192479474,0.18446074436294485,0.20828220858895705,3260.0
CD4+ T cells,0.18360022087244618,0.16946992864424057,0.2003012048192771,3320.0
MAIT cells,0.04590613223706748,0.13214990138067062,0.027777777777777776,2412.0
Myeloid cells,0.18866871336868543,0.17576703068122726,0.2036144578313253,3320.0
NK cells,0.8730265821076778,0.7855755220981059,0.9823868812632858,3293.0
TRAV1-2- CD8+ T cells,0.19261853448275865,0.17400827451934778,0.21568627450980393,3315.0
gd T cells,0.11078049897001603,0.1559278350515464,0.08590699325523607,2817.0
