cell_type,f1,precision,recall,support
B cells,0.13061882684942552,0.19047619047619047,0.09938650306748466,3260.0
CD4+ T cells,0.23179573394977412,0.17798934968533162,0.3322289156626506,3320.0
MAIT cells,0.0,0.0,0.0,2412.0
Myeloid cells,0.20596778452601003,0.18335684062059238,0.23493975903614459,3320.0
NK cells,0.862407211028632,0.7652317101858386,0.9878530215608867,3293.0
TRAV1-2- CD8+ T cells,0.21089143253555326,0.17097862767154107,0.2751131221719457,3315.0
gd T cells,0.0,0.0,0.0,2817.0
