cell_type,f1,precision,recall,support
B cells,0.14492202358311146,0.1906906906906907,0.11687116564417178,3260.0
CD4+ T cells,0.23845470692717582,0.18881856540084388,0.32349397590361445,3320.0
MAIT cells,0.0,0.0,0.0,2412.0
Myeloid cells,0.21463537090498305,0.18398967075532602,0.2575301204819277,3320.0
NK cells,0.8610816542948039,0.7640555163490943,0.9863346492559976,3293.0
TRAV1-2- CD8+ T cells,0.21310312204351936,0.17525773195876287,0.2717948717948718,3315.0
gd T cells,0.0014139271827500884,0.16666666666666666,0.0007099751508697196,2817.0
