scheme,representation,macro_f1,accuracy,n_cells_used,n_classes_used,batch_covariate,n_batch_features
random_split,hvg,0.9959954803835901,0.9975565058032987,8183,6,None,0
random_split,pca,0.9893339548885475,0.9945021380574222,8183,6,None,0
random_split,harmony,0.9890546938536272,0.9938912645082468,8183,6,None,0
random_split,scvi,0.9897393724910756,0.9945021380574222,8183,6,None,0
