cell_type,f1,precision,recall,support
pancreatic A cell,0.997979797979798,1.0,0.9959677419354839,496.0
pancreatic D cell,0.9820359281437125,0.9761904761904762,0.9879518072289156,83.0
pancreatic acinar cell,0.9777777777777779,0.9887640449438202,0.967032967032967,91.0
pancreatic ductal cell,0.9798657718120806,0.9733333333333334,0.9864864864864865,148.0
pancreatic stellate cell,1.0,1.0,1.0,69.0
type B pancreatic cell,0.9966688874083943,0.996005326231691,0.9973333333333333,750.0
