cell_type,f1,precision,recall,support
pancreatic A cell,0.9989909182643794,1.0,0.9979838709677419,496.0
pancreatic D cell,0.993939393939394,1.0,0.9879518072289156,83.0
pancreatic acinar cell,0.994475138121547,1.0,0.989010989010989,91.0
pancreatic ductal cell,0.9898989898989898,0.9865771812080537,0.9932432432432432,148.0
pancreatic stellate cell,1.0,1.0,1.0,69.0
type B pancreatic cell,0.9986684420772304,0.9973404255319149,1.0,750.0
