cell_type,f1,precision,recall,support
pancreatic A cell,0.9979838709677419,0.9979838709677419,0.9979838709677419,496.0
pancreatic D cell,0.9940119760479043,0.9880952380952381,1.0,83.0
pancreatic acinar cell,0.994475138121547,1.0,0.989010989010989,91.0
pancreatic ductal cell,0.9966329966329966,0.9932885906040269,1.0,148.0
pancreatic stellate cell,0.9927007299270074,1.0,0.9855072463768116,69.0
type B pancreatic cell,0.9973333333333333,0.9973333333333333,0.9973333333333333,750.0
