cell_type,f1,precision,recall,support
pancreatic A cell,0.9979838709677419,0.9979838709677419,0.9979838709677419,496.0
pancreatic D cell,0.9822485207100593,0.9651162790697675,1.0,83.0
pancreatic acinar cell,0.989010989010989,0.989010989010989,0.989010989010989,91.0
pancreatic ductal cell,0.9865771812080537,0.98,0.9932432432432432,148.0
pancreatic stellate cell,1.0,1.0,1.0,69.0
type B pancreatic cell,0.9966555183946488,1.0,0.9933333333333333,750.0
