cell_type,f1,precision,recall,support
pancreatic A cell,0.9979838709677419,0.9979838709677419,0.9979838709677419,496.0
pancreatic D cell,0.9822485207100593,0.9651162790697675,1.0,83.0
pancreatic acinar cell,0.994535519125683,0.9891304347826086,1.0,91.0
pancreatic ductal cell,0.9932432432432432,0.9932432432432432,0.9932432432432432,148.0
pancreatic stellate cell,0.9927007299270074,1.0,0.9855072463768116,69.0
type B pancreatic cell,0.9966599866399465,0.998661311914324,0.9946666666666667,750.0
