cell_type,f1,precision,recall,support
T cell,0.9863636363636363,0.9954128440366973,0.9774774774774775,222.0
epithelial cell of proximal tubule,0.9978002639683238,0.9964850615114236,0.9991189427312775,1135.0
kidney capillary endothelial cell,1.0,1.0,1.0,36.0
kidney loop of Henle cortical thick ascending limb epithelial cell,0.9821428571428571,0.9821428571428571,0.9821428571428571,56.0
kidney loop of Henle descending limb epithelial cell,0.9559748427672956,0.9743589743589743,0.9382716049382716,81.0
mononuclear phagocyte,0.9934640522875817,0.987012987012987,1.0,152.0
natural killer cell,0.9814814814814815,0.9724770642201835,0.9906542056074766,107.0
