cell_type,f1,precision,recall,support
T cell,0.9503105590062112,0.9161676646706587,0.9870967741935484,155.0
epithelial cell of proximal tubule,0.9995724668661822,0.9991452991452991,1.0,1169.0
kidney capillary endothelial cell,1.0,1.0,1.0,80.0
kidney loop of Henle cortical thick ascending limb epithelial cell,0.9627329192546584,0.9627329192546584,0.9627329192546584,161.0
kidney loop of Henle descending limb epithelial cell,0.8505747126436781,0.8604651162790697,0.8409090909090909,44.0
mononuclear phagocyte,0.9945054945054945,0.9890710382513661,1.0,181.0
natural killer cell,0.9448818897637796,1.0,0.8955223880597015,134.0
