cell_type,f1,precision,recall,support
T cell,0.9770642201834863,0.9953271028037384,0.9594594594594594,222.0
epithelial cell of proximal tubule,0.9973614775725594,0.9956101843722563,0.9991189427312775,1135.0
kidney capillary endothelial cell,0.9859154929577464,1.0,0.9722222222222222,36.0
kidney loop of Henle cortical thick ascending limb epithelial cell,0.9649122807017544,0.9482758620689655,0.9821428571428571,56.0
kidney loop of Henle descending limb epithelial cell,0.9426751592356688,0.9736842105263158,0.9135802469135802,81.0
mononuclear phagocyte,0.9967213114754099,0.9934640522875817,1.0,152.0
natural killer cell,0.9592760180995474,0.9298245614035088,0.9906542056074766,107.0
