cell_type,f1,precision,recall,support
T cell,0.9681528662420381,0.9559748427672956,0.9806451612903225,155.0
epithelial cell of proximal tubule,0.9987184963690731,0.9974402730375427,1.0,1169.0
kidney capillary endothelial cell,1.0,1.0,1.0,80.0
kidney loop of Henle cortical thick ascending limb epithelial cell,0.9876543209876544,0.9815950920245399,0.9937888198757764,161.0
kidney loop of Henle descending limb epithelial cell,0.9156626506024097,0.9743589743589743,0.8636363636363636,44.0
mononuclear phagocyte,0.9945054945054945,0.9890710382513661,1.0,181.0
natural killer cell,0.9694656488549618,0.9921875,0.9477611940298507,134.0
