cell_type,f1,precision,recall,support
T cell,0.965079365079365,0.95,0.9806451612903225,155.0
epithelial cell of proximal tubule,0.9995724668661822,0.9991452991452991,1.0,1169.0
kidney capillary endothelial cell,1.0,1.0,1.0,80.0
kidney loop of Henle cortical thick ascending limb epithelial cell,0.9811320754716981,0.9936305732484076,0.968944099378882,161.0
kidney loop of Henle descending limb epithelial cell,0.9230769230769231,0.8936170212765957,0.9545454545454546,44.0
mononuclear phagocyte,0.9945054945054945,0.9890710382513661,1.0,181.0
natural killer cell,0.9655172413793104,0.9921259842519685,0.9402985074626866,134.0
