fold,representation,macro_f1,accuracy,n_train_cells,n_test_cells,n_classes_used,n_train_donors,n_test_donors,batch_covariate,n_batch_features
1,pca,0.9828531023455286,0.9916154276131918,6623,1789,7,15,4,None,0
2,pca,0.9755547951969962,0.9906444906444907,6488,1924,7,15,4,None,0
3,pca,0.9874695155165575,0.9974093264248705,6482,1930,7,15,4,None,0
4,pca,0.9706645660900325,0.9959287531806615,6447,1965,7,15,4,None,0
5,pca,0.9550820973366952,0.9838308457711443,7608,804,7,16,3,None,0
