cell_type,f1,precision,recall,support
epithelial cell of proximal tubule,0.9984084147540692,0.9978684092630268,0.9989503541362357,1148.0
kidney capillary endothelial cell,0.9933098913201507,0.9955555555555555,0.9912186379928315,50.8
mononuclear phagocyte,0.9864252669372263,0.9757879224743817,0.9978142076502732,143.8
T cell,0.9753723665552305,0.9837149345687524,0.9674771062657129,123.8
kidney loop of Henle cortical thick ascending limb epithelial cell,0.9704830771338351,0.9673460475687448,0.9743784536303277,105.4
natural killer cell,0.9521818998244683,0.935684463562753,0.9722984645428501,69.0
kidney loop of Henle descending limb epithelial cell,0.8835723238723776,0.8783465596823721,0.8994845407479815,41.6
