fold,representation,macro_f1,accuracy,n_train_cells,n_test_cells,n_classes_used,n_train_donors,n_test_donors,batch_covariate,n_batch_features
1,harmony,0.9237676550036008,0.975964225824483,6623,1789,7,15,4,None,0
2,harmony,0.9575111488628577,0.9849272349272349,6488,1924,7,15,4,None,0
3,harmony,0.9268669163589777,0.9844559585492227,6482,1930,7,15,4,None,0
4,harmony,0.8621599904284558,0.9847328244274809,6447,1965,7,15,4,None,0
5,harmony,0.825492338912281,0.9390547263681592,7608,804,7,16,3,None,0
