fold,representation,macro_f1,accuracy,n_train_cells,n_test_cells,n_classes_used,n_train_donors,n_test_donors,batch_covariate,n_batch_features
1,scvi,0.974846565746596,0.9888205701509223,6623,1789,7,15,4,None,0
2,scvi,0.9763084967945187,0.9911642411642412,6488,1924,7,15,4,None,0
3,scvi,0.9871405173466065,0.9968911917098445,6482,1930,7,15,4,None,0
4,scvi,0.9667585890699856,0.9959287531806615,6447,1965,7,15,4,None,0
5,scvi,0.9233410027546913,0.9701492537313433,7608,804,7,16,3,None,0
