cell_type,f1,precision,recall,support
kidney capillary endothelial cell,1.0,1.0,1.0,50.8
epithelial cell of proximal tubule,0.998450979710572,0.9985661174631275,0.9983405980386747,1148.0
natural killer cell,0.992522711390636,0.9929686952867847,0.9921606918677639,69.0
mononuclear phagocyte,0.989599294411809,0.9827684335289029,0.9967213114754099,143.8
kidney loop of Henle cortical thick ascending limb epithelial cell,0.979181824588143,0.9707594271867517,0.988064753337617,105.4
T cell,0.978891143322768,0.9809108854182647,0.9772591059413298,123.8
kidney loop of Henle descending limb epithelial cell,0.9097338763378563,0.9340925740925741,0.8871003946272763,41.6
