scheme,representation,macro_f1_mean,macro_f1_std,accuracy_mean,accuracy_std,n_folds,mean_train_cells,mean_test_cells,mean_n_classes_used,batch_covariate,mean_n_batch_features
donor_cv,hvg,0.7663394377577595,0.025880633648946858,0.8043212866009444,0.02902806198851972,5,8085.6,2021.4,13.0,None,0.0
donor_cv,pca,0.7814596223808381,0.03246399494333029,0.8187420000489445,0.03701853337482413,5,8085.6,2021.4,13.0,None,0.0
donor_cv,harmony,0.7483239620748272,0.03079774325910044,0.791569014203288,0.03659745304881534,5,8085.6,2021.4,13.0,None,0.0
donor_cv,scvi,0.7442182422485504,0.034786903047500886,0.7872281049705986,0.040640264274586155,5,8085.6,2021.4,13.0,None,0.0
