scheme,representation,macro_f1,accuracy,n_cells_used,n_classes_used,batch_covariate,n_batch_features
random_split,hvg,0.7901142209895925,0.8184965380811078,10107,13,None,0
random_split,pca,0.7854601473405188,0.8184965380811078,10107,13,None,0
random_split,harmony,0.7610062717284573,0.7937685459940653,10107,13,None,0
random_split,scvi,0.7683246498184304,0.804648862512364,10107,13,None,0
