scheme,representation,macro_f1,accuracy,n_cells_used,n_classes_used,batch_covariate,n_batch_features
random_split,hvg,0.7822239283712705,0.8150346191889218,10107,13,None,0
random_split,pca,0.8045056510856907,0.8348170128585559,10107,13,None,0
random_split,harmony,0.7614912736314294,0.7967359050445104,10107,13,None,0
random_split,scvi,0.7683246498184304,0.804648862512364,10107,13,None,0
