cell_type,f1,precision,recall,support
pancreatic A cell,0.9949443882709808,0.9979716024340771,0.9919354838709677,496.0
pancreatic D cell,0.9878048780487805,1.0,0.9759036144578314,83.0
pancreatic acinar cell,0.989010989010989,0.989010989010989,0.989010989010989,91.0
pancreatic ductal cell,0.9831649831649831,0.9798657718120806,0.9864864864864865,148.0
pancreatic stellate cell,0.9927007299270074,1.0,0.9855072463768116,69.0
type B pancreatic cell,0.9966777408637874,0.9933774834437086,1.0,750.0
