cell_type,f1,precision,recall,support
pancreatic A cell,0.9969666329625885,1.0,0.9939516129032258,496.0
pancreatic D cell,0.9820359281437125,0.9761904761904762,0.9879518072289156,83.0
pancreatic acinar cell,0.989010989010989,0.989010989010989,0.989010989010989,91.0
pancreatic ductal cell,0.9831649831649831,0.9798657718120806,0.9864864864864865,148.0
pancreatic stellate cell,0.9927007299270074,1.0,0.9855072463768116,69.0
type B pancreatic cell,0.9960053262316911,0.9946808510638298,0.9973333333333333,750.0
