cell_type,f1,precision,recall,support
pancreatic A cell,0.9959595959595959,0.9979757085020243,0.9939516129032258,496.0
pancreatic D cell,0.993939393939394,1.0,0.9879518072289156,83.0
pancreatic acinar cell,0.994475138121547,1.0,0.989010989010989,91.0
pancreatic ductal cell,0.9932885906040269,0.9866666666666667,1.0,148.0
pancreatic stellate cell,0.9927007299270074,1.0,0.9855072463768116,69.0
type B pancreatic cell,0.9966733200266135,0.9946879150066401,0.9986666666666667,750.0
