cell_type,f1,precision,recall,support
pancreatic A cell,0.9959514170040485,1.0,0.9919354838709677,496.0
pancreatic D cell,0.9878048780487805,1.0,0.9759036144578314,83.0
pancreatic acinar cell,0.989010989010989,0.989010989010989,0.989010989010989,91.0
pancreatic ductal cell,0.9798657718120806,0.9733333333333334,0.9864864864864865,148.0
pancreatic stellate cell,1.0,1.0,1.0,69.0
type B pancreatic cell,0.9960106382978724,0.993368700265252,0.9986666666666667,750.0
