scheme,representation,macro_f1,accuracy,n_cells_used,n_classes_used,batch_covariate,n_batch_features
random_split,hvg,0.9950509263028646,0.9969456322541234,8183,6,None,0
random_split,pca,0.9929300784469576,0.9957238851557727,8183,6,None,0
random_split,harmony,0.994628934380692,0.996334758704948,8183,6,None,0
random_split,scvi,0.9925584612046361,0.9957238851557727,8183,6,None,0
