cell_type,f1,precision,recall,support
pancreatic A cell,0.9979879275653923,0.9959839357429718,1.0,496.0
pancreatic D cell,0.9878048780487805,1.0,0.9759036144578314,83.0
pancreatic acinar cell,0.994475138121547,1.0,0.989010989010989,91.0
pancreatic ductal cell,1.0,1.0,1.0,148.0
pancreatic stellate cell,0.9927007299270074,1.0,0.9855072463768116,69.0
type B pancreatic cell,0.9973368841544608,0.9960106382978723,0.9986666666666667,750.0
