cell_type,f1,precision,recall,support
pancreatic A cell,0.9989929506545822,0.9979879275653923,1.0,496.0
pancreatic D cell,0.9820359281437125,0.9761904761904762,0.9879518072289156,83.0
pancreatic acinar cell,0.989010989010989,0.989010989010989,0.989010989010989,91.0
pancreatic ductal cell,0.9966101694915254,1.0,0.9932432432432432,148.0
pancreatic stellate cell,0.9927007299270074,1.0,0.9855072463768116,69.0
type B pancreatic cell,0.996,0.996,0.996,750.0
