cell_type,f1,precision,recall,support
pancreatic A cell,0.9979879275653923,0.9959839357429718,1.0,496.0
pancreatic D cell,0.988095238095238,0.9764705882352941,1.0,83.0
pancreatic acinar cell,0.9888888888888888,1.0,0.978021978021978,91.0
pancreatic ductal cell,0.9932432432432432,0.9932432432432432,0.9932432432432432,148.0
pancreatic stellate cell,0.9927007299270074,1.0,0.9855072463768116,69.0
type B pancreatic cell,0.9966644429619747,0.9973297730307076,0.996,750.0
