cell_type,f1,precision,recall,support
pancreatic A cell,0.9979879275653923,0.9959839357429718,1.0,496.0
pancreatic D cell,0.9820359281437125,0.9761904761904762,0.9879518072289156,83.0
pancreatic acinar cell,0.994475138121547,1.0,0.989010989010989,91.0
pancreatic ductal cell,0.9966101694915254,1.0,0.9932432432432432,148.0
pancreatic stellate cell,1.0,1.0,1.0,69.0
type B pancreatic cell,0.9966644429619747,0.9973297730307076,0.996,750.0
